{"created_at":"Thu Jan 12 08:13:06 +0000 2017","id":819457160371458048,"id_str":"819457160371458048","text":"Zephyr Teachout on herpes: \"I got it from Bill Cosby!\" #watergate #MakeAmericaGreatAgain","truncated":false,"entities":{"hashtags":[{"text":"watergate","indices":[55,65]},{"text":"MakeAmericaGreatAgain","indices":[66,88]}],"symbols":[],"user_mentions":[],"urls":[]},"source":"\u003ca href=\"http:\/\/cheapbotsdonequick.com\" rel=\"nofollow\"\u003eCheap Bots, Done Quick!\u003c\/a\u003e","in_reply_to_status_id":null,"in_reply_to_status_id_str":null,"in_reply_to_user_id":null,"in_reply_to_user_id_str":null,"in_reply_to_screen_name":null,"user":{"id":119090956,"id_str":"119090956","name":"Abulafia","screen_name":"conspiracybot","location":"Bunker","description":"Not actually a reptillian NSA agent-provacateur","url":null,"entities":{"description":{"urls":[]}},"protected":false,"followers_count":43,"friends_count":22,"listed_count":16,"created_at":"Tue Mar 02 16:59:54 +0000 2010","favourites_count":0,"utc_offset":-21600,"time_zone":"Central Time (US & Canada)","geo_enabled":true,"verified":false,"statuses_count":5363,"lang":"en","contributors_enabled":false,"is_translator":false,"is_translation_enabled":false,"profile_background_color":"1A1B1F","profile_background_image_url":"http:\/\/pbs.twimg.com\/profile_background_images\/208411693\/mib-bg-little.jpg","profile_background_image_url_https":"https:\/\/pbs.twimg.com\/profile_background_images\/208411693\/mib-bg-little.jpg","profile_background_tile":true,"profile_image_url":"http:\/\/pbs.twimg.com\/profile_images\/727939404\/iao_normal.gif","profile_image_url_https":"https:\/\/pbs.twimg.com\/profile_images\/727939404\/iao_normal.gif","profile_link_color":"2FC2EF","profile_sidebar_border_color":"181A1E","profile_sidebar_fill_color":"252429","profile_text_color":"666666","profile_use_background_image":true,"has_extended_profile":false,"default_profile":false,"default_profile_image":false,"following":false,"follow_request_sent":false,"notifications":false,"translator_type":"none"},"geo":null,"coordinates":null,"place":null,"contributors":null,"is_quote_status":false,"retweet_count":0,"favorite_count":1,"favorited":false,"retweeted":false,"lang":"en"}
