{"created_at":"Thu Jan 12 08:13:05 +0000 2017","id":819457157443633153,"id_str":"819457157443633153","text":"@Haiimbelle Want to play a game? I'm GN1 also","truncated":false,"entities":{"hashtags":[],"symbols":[],"user_mentions":[{"screen_name":"Haiimbelle","name":"Haiimbelle","id":2939148139,"id_str":"2939148139","indices":[0,11]}],"urls":[]},"source":"\u003ca href=\"http:\/\/twitter.com\" rel=\"nofollow\"\u003eTwitter Web Client\u003c\/a\u003e","in_reply_to_status_id":819456898285981696,"in_reply_to_status_id_str":"819456898285981696","in_reply_to_user_id":2939148139,"in_reply_to_user_id_str":"2939148139","in_reply_to_screen_name":"Haiimbelle","user":{"id":392549613,"id_str":"392549613","name":"Artemis\u263d","screen_name":"GeeksPrevail","location":"Live Daily 7PM-3AM ACST ","description":"Australian full-time streamer on @twitch                       I think I'm better at video games than I actually am","url":"https:\/\/t.co\/ZSISfRpRHk","entities":{"url":{"urls":[{"url":"https:\/\/t.co\/ZSISfRpRHk","expanded_url":"http:\/\/www.twitch.tv\/Artemis","display_url":"twitch.tv\/Artemis","indices":[0,23]}]},"description":{"urls":[]}},"protected":false,"followers_count":12880,"friends_count":1078,"listed_count":84,"created_at":"Mon Oct 17 06:37:54 +0000 2011","favourites_count":18218,"utc_offset":null,"time_zone":null,"geo_enabled":false,"verified":false,"statuses_count":25793,"lang":"en","contributors_enabled":false,"is_translator":false,"is_translation_enabled":false,"profile_background_color":"1A1B1F","profile_background_image_url":"http:\/\/pbs.twimg.com\/profile_background_images\/597413849503928320\/i3i210n9.jpg","profile_background_image_url_https":"https:\/\/pbs.twimg.com\/profile_background_images\/597413849503928320\/i3i210n9.jpg","profile_background_tile":false,"profile_image_url":"http:\/\/pbs.twimg.com\/profile_images\/745613567865425921\/ZECKNm7k_normal.jpg","profile_image_url_https":"https:\/\/pbs.twimg.com\/profile_images\/745613567865425921\/ZECKNm7k_normal.jpg","profile_banner_url":"https:\/\/pbs.twimg.com\/profile_banners\/392549613\/1470426455","profile_link_color":"9266CC","profile_sidebar_border_color":"FFFFFF","profile_sidebar_fill_color":"252429","profile_text_color":"666666","profile_use_background_image":true,"has_extended_profile":true,"default_profile":false,"default_profile_image":false,"following":false,"follow_request_sent":false,"notifications":false,"translator_type":"none"},"geo":null,"coordinates":null,"place":null,"contributors":null,"is_quote_status":false,"retweet_count":0,"favorite_count":3,"favorited":false,"retweeted":false,"lang":"en"}
