{"created_at":"Thu Jan 12 08:13:02 +0000 2017","id":819457143577473024,"id_str":"819457143577473024","text":"@iamsrk I'm so much chuffed to see that Real Madrid presented you the 555 jersey. Can I too, handle you something i\u2026 https:\/\/t.co\/13AexsIYGS","truncated":true,"entities":{"hashtags":[],"symbols":[],"user_mentions":[{"screen_name":"iamsrk","name":"Shah Rukh Khan","id":101311381,"id_str":"101311381","indices":[0,7]}],"urls":[{"url":"https:\/\/t.co\/13AexsIYGS","expanded_url":"https:\/\/twitter.com\/i\/web\/status\/819457143577473024","display_url":"twitter.com\/i\/web\/status\/8\u2026","indices":[117,140]}]},"source":"\u003ca href=\"http:\/\/twitter.com\/download\/iphone\" rel=\"nofollow\"\u003eTwitter for iPhone\u003c\/a\u003e","in_reply_to_status_id":null,"in_reply_to_status_id_str":null,"in_reply_to_user_id":101311381,"in_reply_to_user_id_str":"101311381","in_reply_to_screen_name":"iamsrk","user":{"id":797537695417278464,"id_str":"797537695417278464","name":"Rutang Jain","screen_name":"rutang_jain","location":"Vododara, India","description":"Bollywood and Celebrities Brands Breaking News Fashion Government & Public Utilities Indian Athletes Women TV Personalities","url":null,"entities":{"description":{"urls":[]}},"protected":false,"followers_count":11,"friends_count":155,"listed_count":0,"created_at":"Sat Nov 12 20:32:58 +0000 2016","favourites_count":280,"utc_offset":null,"time_zone":null,"geo_enabled":true,"verified":false,"statuses_count":15,"lang":"en","contributors_enabled":false,"is_translator":false,"is_translation_enabled":false,"profile_background_color":"F5F8FA","profile_background_image_url":null,"profile_background_image_url_https":null,"profile_background_tile":false,"profile_image_url":"http:\/\/pbs.twimg.com\/profile_images\/797727998765998080\/w9ilrbUl_normal.jpg","profile_image_url_https":"https:\/\/pbs.twimg.com\/profile_images\/797727998765998080\/w9ilrbUl_normal.jpg","profile_banner_url":"https:\/\/pbs.twimg.com\/profile_banners\/797537695417278464\/1479644875","profile_link_color":"1DA1F2","profile_sidebar_border_color":"C0DEED","profile_sidebar_fill_color":"DDEEF6","profile_text_color":"333333","profile_use_background_image":true,"has_extended_profile":true,"default_profile":true,"default_profile_image":false,"following":false,"follow_request_sent":false,"notifications":false,"translator_type":"none"},"geo":null,"coordinates":null,"place":{"id":"4ce934ba299b9a1a","url":"https:\/\/api.twitter.com\/1.1\/geo\/id\/4ce934ba299b9a1a.json","place_type":"city","name":"Vododara","full_name":"Vododara, India","country_code":"IN","country":"India","contained_within":[],"bounding_box":{"type":"Polygon","coordinates":[[[73.048892,22.088382],[73.312138,22.088382],[73.312138,22.465446],[73.048892,22.465446]]]},"attributes":{}},"contributors":null,"is_quote_status":false,"retweet_count":0,"favorite_count":1,"favorited":false,"retweeted":false,"possibly_sensitive":false,"possibly_sensitive_appealable":false,"lang":"en"}
