{"created_at":"Thu Jan 12 08:13:06 +0000 2017","id":819457161382207488,"id_str":"819457161382207488","text":"@LifeAfloat I can only begin to imagine how hard it is Nick but keep fighting please xxxxxxxx","truncated":false,"entities":{"hashtags":[],"symbols":[],"user_mentions":[{"screen_name":"LifeAfloat","name":"Nick Ray","id":16864752,"id_str":"16864752","indices":[0,11]}],"urls":[]},"source":"\u003ca href=\"http:\/\/twitter.com\/download\/android\" rel=\"nofollow\"\u003eTwitter for Android\u003c\/a\u003e","in_reply_to_status_id":819389146104000512,"in_reply_to_status_id_str":"819389146104000512","in_reply_to_user_id":16864752,"in_reply_to_user_id_str":"16864752","in_reply_to_screen_name":"LifeAfloat","user":{"id":229778675,"id_str":"229778675","name":"ria","screen_name":"walkhikeaholic","location":"no twhingers!","description":"rambles along, loves the fells, books, coffee and Amsterdam, not necessarily in that order","url":null,"entities":{"description":{"urls":[]}},"protected":false,"followers_count":2649,"friends_count":670,"listed_count":41,"created_at":"Thu Dec 23 09:05:24 +0000 2010","favourites_count":27677,"utc_offset":0,"time_zone":"Edinburgh","geo_enabled":true,"verified":false,"statuses_count":61368,"lang":"en","contributors_enabled":false,"is_translator":false,"is_translation_enabled":false,"profile_background_color":"C0DEED","profile_background_image_url":"http:\/\/abs.twimg.com\/images\/themes\/theme1\/bg.png","profile_background_image_url_https":"https:\/\/abs.twimg.com\/images\/themes\/theme1\/bg.png","profile_background_tile":false,"profile_image_url":"http:\/\/pbs.twimg.com\/profile_images\/485505582280232960\/IAeeKMFf_normal.jpeg","profile_image_url_https":"https:\/\/pbs.twimg.com\/profile_images\/485505582280232960\/IAeeKMFf_normal.jpeg","profile_banner_url":"https:\/\/pbs.twimg.com\/profile_banners\/229778675\/1348059698","profile_link_color":"1DA1F2","profile_sidebar_border_color":"C0DEED","profile_sidebar_fill_color":"DDEEF6","profile_text_color":"333333","profile_use_background_image":true,"has_extended_profile":false,"default_profile":true,"default_profile_image":false,"following":false,"follow_request_sent":false,"notifications":false,"translator_type":"none"},"geo":null,"coordinates":null,"place":null,"contributors":null,"is_quote_status":false,"retweet_count":0,"favorite_count":0,"favorited":false,"retweeted":false,"lang":"en"}
