{"created_at":"Thu Jan 12 08:13:04 +0000 2017","id":819457151370493952,"id_str":"819457151370493952","text":"@Megashredderr why did I come in the first place","truncated":false,"entities":{"hashtags":[],"symbols":[],"user_mentions":[{"screen_name":"Megashredderr","name":"Meg \u2702\ufe0f","id":593007661,"id_str":"593007661","indices":[0,14]}],"urls":[]},"source":"\u003ca href=\"http:\/\/twitter.com\/download\/iphone\" rel=\"nofollow\"\u003eTwitter for iPhone\u003c\/a\u003e","in_reply_to_status_id":819457057568890880,"in_reply_to_status_id_str":"819457057568890880","in_reply_to_user_id":593007661,"in_reply_to_user_id_str":"593007661","in_reply_to_screen_name":"Megashredderr","user":{"id":44957564,"id_str":"44957564","name":"carly ann","screen_name":"gnarlyycarlyy_","location":"tucson","description":"3\/4\u2721\ufe0f  1\/4\ud83c\udf77","url":null,"entities":{"description":{"urls":[]}},"protected":false,"followers_count":736,"friends_count":995,"listed_count":3,"created_at":"Fri Jun 05 18:23:19 +0000 2009","favourites_count":8712,"utc_offset":-28800,"time_zone":"Pacific Time (US & Canada)","geo_enabled":true,"verified":false,"statuses_count":15451,"lang":"en","contributors_enabled":false,"is_translator":false,"is_translation_enabled":false,"profile_background_color":"6CE6D2","profile_background_image_url":"http:\/\/pbs.twimg.com\/profile_background_images\/579375234\/x6d683892c9f7903ffea34c592f9e7ac.png","profile_background_image_url_https":"https:\/\/pbs.twimg.com\/profile_background_images\/579375234\/x6d683892c9f7903ffea34c592f9e7ac.png","profile_background_tile":false,"profile_image_url":"http:\/\/pbs.twimg.com\/profile_images\/791571764530642944\/65CQhnSq_normal.jpg","profile_image_url_https":"https:\/\/pbs.twimg.com\/profile_images\/791571764530642944\/65CQhnSq_normal.jpg","profile_banner_url":"https:\/\/pbs.twimg.com\/profile_banners\/44957564\/1483647489","profile_link_color":"64D199","profile_sidebar_border_color":"FFFFFF","profile_sidebar_fill_color":"AD99CB","profile_text_color":"C89FD2","profile_use_background_image":true,"has_extended_profile":true,"default_profile":false,"default_profile_image":false,"following":false,"follow_request_sent":false,"notifications":false,"translator_type":"none"},"geo":null,"coordinates":null,"place":null,"contributors":null,"is_quote_status":false,"retweet_count":0,"favorite_count":1,"favorited":false,"retweeted":false,"lang":"en"}
