{"created_at":"Thu Jan 12 08:13:01 +0000 2017","id":819457141484490752,"id_str":"819457141484490752","text":"If you're a walker, I'm a runner!","truncated":false,"entities":{"hashtags":[],"symbols":[],"user_mentions":[],"urls":[]},"source":"\u003ca href=\"http:\/\/ifttt.com\" rel=\"nofollow\"\u003eIFTTT\u003c\/a\u003e","in_reply_to_status_id":null,"in_reply_to_status_id_str":null,"in_reply_to_user_id":null,"in_reply_to_user_id_str":null,"in_reply_to_screen_name":null,"user":{"id":796598039393792004,"id_str":"796598039393792004","name":"George Koreh","screen_name":"GeorgeK0reh","location":"Jersey City, NJ","description":"#Bethyl #DarylDixon #BethGreene #TWD #Walkers #NormanReedus #EmilyKinney #Normily","url":null,"entities":{"description":{"urls":[]}},"protected":false,"followers_count":9,"friends_count":27,"listed_count":4,"created_at":"Thu Nov 10 06:19:07 +0000 2016","favourites_count":13,"utc_offset":-28800,"time_zone":"Pacific Time (US & Canada)","geo_enabled":false,"verified":false,"statuses_count":4771,"lang":"en","contributors_enabled":false,"is_translator":false,"is_translation_enabled":false,"profile_background_color":"F5F8FA","profile_background_image_url":null,"profile_background_image_url_https":null,"profile_background_tile":false,"profile_image_url":"http:\/\/pbs.twimg.com\/profile_images\/807032336512495616\/2YmMWjuD_normal.jpg","profile_image_url_https":"https:\/\/pbs.twimg.com\/profile_images\/807032336512495616\/2YmMWjuD_normal.jpg","profile_banner_url":"https:\/\/pbs.twimg.com\/profile_banners\/796598039393792004\/1481246511","profile_link_color":"1DA1F2","profile_sidebar_border_color":"C0DEED","profile_sidebar_fill_color":"DDEEF6","profile_text_color":"333333","profile_use_background_image":true,"has_extended_profile":false,"default_profile":true,"default_profile_image":false,"following":false,"follow_request_sent":false,"notifications":false,"translator_type":"none"},"geo":null,"coordinates":null,"place":null,"contributors":null,"is_quote_status":false,"retweet_count":0,"favorite_count":0,"favorited":false,"retweeted":false,"lang":"en"}
