{"created_at":"Thu Jan 12 08:13:03 +0000 2017","id":819457146693652480,"id_str":"819457146693652480","text":"\u63d0\u7763\u306e\u673a\u306b\u5973\u306e\u4eba\u306e\u5199\u771f\u304c\u3042\u308a\u307e\u3057\u305f\u304c\u2026\u304a\u6bcd\u3055\u3093\u306e\u5199\u771f\u3067\u3057\u305f\u304b\u2026\u79c1\u3001\u4f55\u3067\u30db\u30c3\u3068\u3057\u305f\u6c17\u6301\u3061\u306a\u306e\u304b\u3057\u3089\u2026","truncated":false,"entities":{"hashtags":[],"symbols":[],"user_mentions":[],"urls":[]},"source":"\u003ca href=\"http:\/\/autotweety.net\" rel=\"nofollow\"\u003eautotweety.net\u003c\/a\u003e","in_reply_to_status_id":null,"in_reply_to_status_id_str":null,"in_reply_to_user_id":null,"in_reply_to_user_id_str":null,"in_reply_to_screen_name":null,"user":{"id":3253514010,"id_str":"3253514010","name":"\u30e4\u30f3\u30c7\u30ec\u521d\u971cbot","screen_name":"P3iT6SujIMxk8MU","location":"\u63d0\u7763\u3055\u3093\u306e\u304a\u96a3\u2661","description":"\u5b88\u308a\u305f\u3044\u2026\u63d0\u7763\u306e\u5168\u3066\u3092\u304a\u52a9\u3051\u3057\u305f\u3044\u2026","url":null,"entities":{"description":{"urls":[]}},"protected":false,"followers_count":185,"friends_count":98,"listed_count":10,"created_at":"Tue Jun 23 11:28:40 +0000 2015","favourites_count":3,"utc_offset":null,"time_zone":null,"geo_enabled":false,"verified":false,"statuses_count":6786,"lang":"ja","contributors_enabled":false,"is_translator":false,"is_translation_enabled":false,"profile_background_color":"C0DEED","profile_background_image_url":"http:\/\/abs.twimg.com\/images\/themes\/theme1\/bg.png","profile_background_image_url_https":"https:\/\/abs.twimg.com\/images\/themes\/theme1\/bg.png","profile_background_tile":false,"profile_image_url":"http:\/\/pbs.twimg.com\/profile_images\/613308243633291264\/32BizpDU_normal.jpg","profile_image_url_https":"https:\/\/pbs.twimg.com\/profile_images\/613308243633291264\/32BizpDU_normal.jpg","profile_banner_url":"https:\/\/pbs.twimg.com\/profile_banners\/3253514010\/1435059332","profile_link_color":"1DA1F2","profile_sidebar_border_color":"C0DEED","profile_sidebar_fill_color":"DDEEF6","profile_text_color":"333333","profile_use_background_image":true,"has_extended_profile":false,"default_profile":true,"default_profile_image":false,"following":false,"follow_request_sent":false,"notifications":false,"translator_type":"none"},"geo":null,"coordinates":null,"place":null,"contributors":null,"is_quote_status":false,"retweet_count":0,"favorite_count":1,"favorited":false,"retweeted":false,"lang":"ja"}
