{"created_at":"Thu Jan 12 08:13:01 +0000 2017","id":819457139039084544,"id_str":"819457139039084544","text":"@CamilleAdarna i am so excited for you cam!!! show them what an enchancer REALLY GOT \ud83d\ude09\ud83d\udc99","truncated":false,"entities":{"hashtags":[],"symbols":[],"user_mentions":[{"screen_name":"CamilleAdarna","name":"Camille","id":3180148148,"id_str":"3180148148","indices":[0,14]}],"urls":[]},"source":"\u003ca href=\"http:\/\/twitter.com\/download\/android\" rel=\"nofollow\"\u003eTwitter for Android\u003c\/a\u003e","in_reply_to_status_id":819448749659340800,"in_reply_to_status_id_str":"819448749659340800","in_reply_to_user_id":3180148148,"in_reply_to_user_id_str":"3180148148","in_reply_to_screen_name":"CamilleAdarna","user":{"id":1378682250,"id_str":"1378682250","name":"sectumsepra-ing gyle","screen_name":"weirdinggreyson","location":"4 Privet Drive","description":"dancing past of point of no return","url":"https:\/\/t.co\/6yQ1vxvMXy","entities":{"url":{"urls":[{"url":"https:\/\/t.co\/6yQ1vxvMXy","expanded_url":"http:\/\/www.greyson-official.com\/","display_url":"greyson-official.com","indices":[0,23]}]},"description":{"urls":[]}},"protected":false,"followers_count":2380,"friends_count":1054,"listed_count":15,"created_at":"Thu Apr 25 05:10:29 +0000 2013","favourites_count":9425,"utc_offset":-21600,"time_zone":"Central America","geo_enabled":false,"verified":false,"statuses_count":21445,"lang":"en","contributors_enabled":false,"is_translator":false,"is_translation_enabled":false,"profile_background_color":"071614","profile_background_image_url":"http:\/\/pbs.twimg.com\/profile_background_images\/601273608191614976\/_3KxLvM2.jpg","profile_background_image_url_https":"https:\/\/pbs.twimg.com\/profile_background_images\/601273608191614976\/_3KxLvM2.jpg","profile_background_tile":true,"profile_image_url":"http:\/\/pbs.twimg.com\/profile_images\/817643987095851008\/EwFvUiI5_normal.jpg","profile_image_url_https":"https:\/\/pbs.twimg.com\/profile_images\/817643987095851008\/EwFvUiI5_normal.jpg","profile_banner_url":"https:\/\/pbs.twimg.com\/profile_banners\/1378682250\/1482740207","profile_link_color":"111111","profile_sidebar_border_color":"000000","profile_sidebar_fill_color":"EFEFEF","profile_text_color":"333333","profile_use_background_image":true,"has_extended_profile":true,"default_profile":false,"default_profile_image":false,"following":false,"follow_request_sent":false,"notifications":false,"translator_type":"none"},"geo":null,"coordinates":null,"place":null,"contributors":null,"is_quote_status":false,"retweet_count":1,"favorite_count":1,"favorited":false,"retweeted":false,"lang":"en"}
