{"created_at":"Thu Jan 12 08:13:06 +0000 2017","id":819457159884918789,"id_str":"819457159884918789","text":"I'm at \u4e95\u91ce\u99c5 - @jreast_official in \u9ad8\u5d0e\u5e02, \u7fa4\u99ac\u770c https:\/\/t.co\/DSxVtNwbtI","truncated":false,"entities":{"hashtags":[],"symbols":[],"user_mentions":[{"screen_name":"JREast_official","name":"JR\u6771\u65e5\u672c\uff08\u516c\u5f0f\uff09","id":3104527237,"id_str":"3104527237","indices":[13,29]}],"urls":[{"url":"https:\/\/t.co\/DSxVtNwbtI","expanded_url":"https:\/\/www.swarmapp.com\/c\/dZa3fitJqpX","display_url":"swarmapp.com\/c\/dZa3fitJqpX","indices":[42,65]}]},"source":"\u003ca href=\"http:\/\/foursquare.com\" rel=\"nofollow\"\u003eFoursquare\u003c\/a\u003e","in_reply_to_status_id":null,"in_reply_to_status_id_str":null,"in_reply_to_user_id":null,"in_reply_to_user_id_str":null,"in_reply_to_screen_name":null,"user":{"id":988896109,"id_str":"988896109","name":"\u30df\u30e5\u30f3\u30d8\u30f3","screen_name":"E7_F7","location":"\u9ad8\u5d0e","description":"\u5199\u771f\u57a2\u3010@E7_Fp\u3011","url":null,"entities":{"description":{"urls":[]}},"protected":false,"followers_count":929,"friends_count":537,"listed_count":13,"created_at":"Tue Dec 04 14:31:45 +0000 2012","favourites_count":1410,"utc_offset":32400,"time_zone":"Tokyo","geo_enabled":false,"verified":false,"statuses_count":33445,"lang":"ja","contributors_enabled":false,"is_translator":false,"is_translation_enabled":false,"profile_background_color":"C0DEED","profile_background_image_url":"http:\/\/pbs.twimg.com\/profile_background_images\/594329993540345856\/dEzzfKsn.jpg","profile_background_image_url_https":"https:\/\/pbs.twimg.com\/profile_background_images\/594329993540345856\/dEzzfKsn.jpg","profile_background_tile":true,"profile_image_url":"http:\/\/pbs.twimg.com\/profile_images\/815614107286007808\/gnjmgvsL_normal.jpg","profile_image_url_https":"https:\/\/pbs.twimg.com\/profile_images\/815614107286007808\/gnjmgvsL_normal.jpg","profile_banner_url":"https:\/\/pbs.twimg.com\/profile_banners\/988896109\/1475766292","profile_link_color":"3B94D9","profile_sidebar_border_color":"000000","profile_sidebar_fill_color":"DDEEF6","profile_text_color":"333333","profile_use_background_image":true,"has_extended_profile":true,"default_profile":false,"default_profile_image":false,"following":false,"follow_request_sent":false,"notifications":false,"translator_type":"none"},"geo":null,"coordinates":null,"place":null,"contributors":null,"is_quote_status":false,"retweet_count":0,"favorite_count":0,"favorited":false,"retweeted":false,"possibly_sensitive":false,"possibly_sensitive_appealable":false,"lang":"ja"}
