{"created_at":"Thu Jan 12 08:13:04 +0000 2017","id":819457152796553216,"id_str":"819457152796553216","text":"I want fries \ud83c\udf5f burger \ud83c\udf54 pizza \ud83c\udf55 and sushi \ud83c\udf63 damn it \ud83d\ude2d cravings \ud83d\ude2d","truncated":false,"entities":{"hashtags":[],"symbols":[],"user_mentions":[],"urls":[]},"source":"\u003ca href=\"http:\/\/twitter.com\/download\/iphone\" rel=\"nofollow\"\u003eTwitter for iPhone\u003c\/a\u003e","in_reply_to_status_id":null,"in_reply_to_status_id_str":null,"in_reply_to_user_id":null,"in_reply_to_user_id_str":null,"in_reply_to_screen_name":null,"user":{"id":3570774913,"id_str":"3570774913","name":"Alexandra Kyle \ud83c\udf38","screen_name":"itsmepecsang","location":"","description":"You will never find a gurl like me \ud83d\ude18 CPA 2023 \ud83d\udcaa","url":null,"entities":{"description":{"urls":[]}},"protected":false,"followers_count":628,"friends_count":409,"listed_count":6,"created_at":"Tue Sep 15 11:05:08 +0000 2015","favourites_count":2906,"utc_offset":-28800,"time_zone":"Pacific Time (US & Canada)","geo_enabled":true,"verified":false,"statuses_count":26654,"lang":"en","contributors_enabled":false,"is_translator":false,"is_translation_enabled":false,"profile_background_color":"000000","profile_background_image_url":"http:\/\/abs.twimg.com\/images\/themes\/theme1\/bg.png","profile_background_image_url_https":"https:\/\/abs.twimg.com\/images\/themes\/theme1\/bg.png","profile_background_tile":false,"profile_image_url":"http:\/\/pbs.twimg.com\/profile_images\/819479014351994880\/VlzX57cK_normal.jpg","profile_image_url_https":"https:\/\/pbs.twimg.com\/profile_images\/819479014351994880\/VlzX57cK_normal.jpg","profile_banner_url":"https:\/\/pbs.twimg.com\/profile_banners\/3570774913\/1483787642","profile_link_color":"981CEB","profile_sidebar_border_color":"000000","profile_sidebar_fill_color":"000000","profile_text_color":"000000","profile_use_background_image":false,"has_extended_profile":true,"default_profile":false,"default_profile_image":false,"following":false,"follow_request_sent":false,"notifications":false,"translator_type":"none"},"geo":null,"coordinates":null,"place":{"id":"0012ab7e0de5488b","url":"https:\/\/api.twitter.com\/1.1\/geo\/id\/0012ab7e0de5488b.json","place_type":"city","name":"Porac","full_name":"Porac, Rehiyon ng Gitnang Luzon","country_code":"PH","country":"Republika ng Pilipinas","contained_within":[],"bounding_box":{"type":"Polygon","coordinates":[[[120.3603022,15.0159599],[120.5969066,15.0159599],[120.5969066,15.1902572],[120.3603022,15.1902572]]]},"attributes":{}},"contributors":null,"is_quote_status":false,"retweet_count":0,"favorite_count":0,"favorited":false,"retweeted":false,"lang":"en"}
