{"created_at":"Thu Jan 12 08:13:03 +0000 2017","id":819457148107296768,"id_str":"819457148107296768","text":"I dislike all you lil whores","truncated":false,"entities":{"hashtags":[],"symbols":[],"user_mentions":[],"urls":[]},"source":"\u003ca href=\"http:\/\/twitter.com\/download\/iphone\" rel=\"nofollow\"\u003eTwitter for iPhone\u003c\/a\u003e","in_reply_to_status_id":null,"in_reply_to_status_id_str":null,"in_reply_to_user_id":null,"in_reply_to_user_id_str":null,"in_reply_to_screen_name":null,"user":{"id":2314905150,"id_str":"2314905150","name":"mulatto","screen_name":"damneablasian","location":"44 acres shakers","description":"Kirsten \ud83d\udc78\ud83c\udffd\ud83d\udc9c","url":null,"entities":{"description":{"urls":[]}},"protected":false,"followers_count":3469,"friends_count":719,"listed_count":11,"created_at":"Tue Jan 28 05:17:22 +0000 2014","favourites_count":16041,"utc_offset":-28800,"time_zone":"Pacific Time (US & Canada)","geo_enabled":true,"verified":false,"statuses_count":34725,"lang":"en","contributors_enabled":false,"is_translator":false,"is_translation_enabled":false,"profile_background_color":"000000","profile_background_image_url":"http:\/\/abs.twimg.com\/images\/themes\/theme1\/bg.png","profile_background_image_url_https":"https:\/\/abs.twimg.com\/images\/themes\/theme1\/bg.png","profile_background_tile":false,"profile_image_url":"http:\/\/pbs.twimg.com\/profile_images\/817082881650651137\/Lwb6oOdl_normal.jpg","profile_image_url_https":"https:\/\/pbs.twimg.com\/profile_images\/817082881650651137\/Lwb6oOdl_normal.jpg","profile_banner_url":"https:\/\/pbs.twimg.com\/profile_banners\/2314905150\/1483737654","profile_link_color":"E81C4F","profile_sidebar_border_color":"000000","profile_sidebar_fill_color":"000000","profile_text_color":"000000","profile_use_background_image":false,"has_extended_profile":false,"default_profile":false,"default_profile_image":false,"following":false,"follow_request_sent":false,"notifications":false,"translator_type":"none"},"geo":null,"coordinates":null,"place":null,"contributors":null,"is_quote_status":false,"retweet_count":5,"favorite_count":4,"favorited":false,"retweeted":false,"lang":"en"}
