{"created_at":"Thu Jan 12 08:13:06 +0000 2017","id":819457161772331008,"id_str":"819457161772331008","text":"Retweeted Patrick Essien JNR\u2122 (@PatessJNR):\n\nSince I came to Lag @Soundcity985FM has made my stay worthwhile I... https:\/\/t.co\/Vsx2UbHzQI","truncated":false,"entities":{"hashtags":[],"symbols":[],"user_mentions":[{"screen_name":"PatessJNR","name":"Patrick Essien JNR\u2122","id":235071186,"id_str":"235071186","indices":[31,41]},{"screen_name":"Soundcity985FM","name":"Soundcity Radio 98.5","id":701138666962419712,"id_str":"701138666962419712","indices":[65,80]}],"urls":[{"url":"https:\/\/t.co\/Vsx2UbHzQI","expanded_url":"http:\/\/fb.me\/7r0UH9O33","display_url":"fb.me\/7r0UH9O33","indices":[114,137]}]},"source":"\u003ca href=\"http:\/\/www.facebook.com\/twitter\" rel=\"nofollow\"\u003eFacebook\u003c\/a\u003e","in_reply_to_status_id":null,"in_reply_to_status_id_str":null,"in_reply_to_user_id":null,"in_reply_to_user_id_str":null,"in_reply_to_screen_name":null,"user":{"id":1178058432,"id_str":"1178058432","name":"Sahara..Muzik","screen_name":"Bobi_Ezedi","location":"Abuja\/Nigeria","description":"#2017 is not for bragging is strictly work work work till we gett this #Raba In God we trust","url":"https:\/\/t.co\/TVTVXbamj4","entities":{"url":{"urls":[{"url":"https:\/\/t.co\/TVTVXbamj4","expanded_url":"http:\/\/saharamuzik.blogspot.com","display_url":"saharamuzik.blogspot.com","indices":[0,23]}]},"description":{"urls":[]}},"protected":false,"followers_count":811,"friends_count":2082,"listed_count":17,"created_at":"Thu Feb 14 08:17:00 +0000 2013","favourites_count":45,"utc_offset":3600,"time_zone":"West Central Africa","geo_enabled":true,"verified":false,"statuses_count":25427,"lang":"en","contributors_enabled":false,"is_translator":false,"is_translation_enabled":false,"profile_background_color":"C0DEED","profile_background_image_url":"http:\/\/abs.twimg.com\/images\/themes\/theme1\/bg.png","profile_background_image_url_https":"https:\/\/abs.twimg.com\/images\/themes\/theme1\/bg.png","profile_background_tile":false,"profile_image_url":"http:\/\/pbs.twimg.com\/profile_images\/781777720216879104\/UoZ4urMG_normal.jpg","profile_image_url_https":"https:\/\/pbs.twimg.com\/profile_images\/781777720216879104\/UoZ4urMG_normal.jpg","profile_banner_url":"https:\/\/pbs.twimg.com\/profile_banners\/1178058432\/1483211649","profile_link_color":"1DA1F2","profile_sidebar_border_color":"C0DEED","profile_sidebar_fill_color":"DDEEF6","profile_text_color":"333333","profile_use_background_image":true,"has_extended_profile":true,"default_profile":true,"default_profile_image":false,"following":false,"follow_request_sent":false,"notifications":false,"translator_type":"none"},"geo":null,"coordinates":null,"place":null,"contributors":null,"is_quote_status":false,"retweet_count":0,"favorite_count":0,"favorited":false,"retweeted":false,"possibly_sensitive":false,"possibly_sensitive_appealable":false,"lang":"en"}
