{"created_at":"Thu Jan 12 08:13:03 +0000 2017","id":819457149185060864,"id_str":"819457149185060864","text":"\u201cI\u2019ve been lying so much that now even when I speak the truth, people perceive it as a lie\" - Kano","truncated":false,"entities":{"hashtags":[],"symbols":[],"user_mentions":[],"urls":[]},"source":"\u003ca href=\"http:\/\/twittbot.net\/\" rel=\"nofollow\"\u003etwittbot.net\u003c\/a\u003e","in_reply_to_status_id":null,"in_reply_to_status_id_str":null,"in_reply_to_user_id":null,"in_reply_to_user_id_str":null,"in_reply_to_screen_name":null,"user":{"id":1569955021,"id_str":"1569955021","name":"\u30e1\u30ab\u30af\u30b7\u2716\ufe0f\u2716\ufe0f\u2716\ufe0e","screen_name":"Mekakushixxx","location":"05.07.13","description":"MEKAKUCITY RELOAD!\uff5cFUCK KAGEPRO..\uff5c#Azami (or Nao) #Ayano #Mary #Kido #Seto #Takane | Smol KagePro fanbase \ud83d\ude9a","url":"https:\/\/t.co\/qyPyMK5Gv6","entities":{"url":{"urls":[{"url":"https:\/\/t.co\/qyPyMK5Gv6","expanded_url":"http:\/\/mekakushixxx.blogspot.com","display_url":"mekakushixxx.blogspot.com","indices":[0,23]}]},"description":{"urls":[]}},"protected":false,"followers_count":771,"friends_count":60,"listed_count":2,"created_at":"Fri Jul 05 07:14:59 +0000 2013","favourites_count":132,"utc_offset":25200,"time_zone":"Bangkok","geo_enabled":true,"verified":false,"statuses_count":40832,"lang":"en","contributors_enabled":false,"is_translator":false,"is_translation_enabled":false,"profile_background_color":"C0DEED","profile_background_image_url":"http:\/\/pbs.twimg.com\/profile_background_images\/378800000057786418\/6bcc30b82044af01c9269ef2f6cf4e67.png","profile_background_image_url_https":"https:\/\/pbs.twimg.com\/profile_background_images\/378800000057786418\/6bcc30b82044af01c9269ef2f6cf4e67.png","profile_background_tile":true,"profile_image_url":"http:\/\/pbs.twimg.com\/profile_images\/551333930612183041\/cmKLCGYa_normal.jpeg","profile_image_url_https":"https:\/\/pbs.twimg.com\/profile_images\/551333930612183041\/cmKLCGYa_normal.jpeg","profile_banner_url":"https:\/\/pbs.twimg.com\/profile_banners\/1569955021\/1447513134","profile_link_color":"7F525D","profile_sidebar_border_color":"FFFFFF","profile_sidebar_fill_color":"DDEEF6","profile_text_color":"333333","profile_use_background_image":true,"has_extended_profile":false,"default_profile":false,"default_profile_image":false,"following":false,"follow_request_sent":false,"notifications":false,"translator_type":"none"},"geo":null,"coordinates":null,"place":null,"contributors":null,"is_quote_status":false,"retweet_count":0,"favorite_count":0,"favorited":false,"retweeted":false,"lang":"en"}
