{"created_at":"Thu Jan 12 08:13:02 +0000 2017","id":819457142872829952,"id_str":"819457142872829952","text":"8am update: Sleet\/snow showers continue to affect some areas. Icy i places. South Antrim and north Down #Belfast so\u2026 https:\/\/t.co\/bNbVM8Tu09","truncated":true,"entities":{"hashtags":[{"text":"Belfast","indices":[104,112]}],"symbols":[],"user_mentions":[],"urls":[{"url":"https:\/\/t.co\/bNbVM8Tu09","expanded_url":"https:\/\/twitter.com\/i\/web\/status\/819457142872829952","display_url":"twitter.com\/i\/web\/status\/8\u2026","indices":[117,140]}]},"source":"\u003ca href=\"https:\/\/about.twitter.com\/products\/tweetdeck\" rel=\"nofollow\"\u003eTweetDeck\u003c\/a\u003e","in_reply_to_status_id":null,"in_reply_to_status_id_str":null,"in_reply_to_user_id":null,"in_reply_to_user_id_str":null,"in_reply_to_screen_name":null,"user":{"id":2356286514,"id_str":"2356286514","name":"Cecilia Daly","screen_name":"WeatherCee","location":"Belfast","description":"Weather presenter with BBC. Part time sleuth. Bit of a mongrel #Castlewellan #Beragh #Belfast east and west. Love fitness, shoes, fashion. Views not of the BBC","url":null,"entities":{"description":{"urls":[]}},"protected":false,"followers_count":11614,"friends_count":1152,"listed_count":220,"created_at":"Sat Feb 22 12:35:30 +0000 2014","favourites_count":56265,"utc_offset":null,"time_zone":null,"geo_enabled":true,"verified":false,"statuses_count":80456,"lang":"en","contributors_enabled":false,"is_translator":false,"is_translation_enabled":false,"profile_background_color":"EBDAE9","profile_background_image_url":"http:\/\/abs.twimg.com\/images\/themes\/theme17\/bg.gif","profile_background_image_url_https":"https:\/\/abs.twimg.com\/images\/themes\/theme17\/bg.gif","profile_background_tile":true,"profile_image_url":"http:\/\/pbs.twimg.com\/profile_images\/817810734918881280\/0ePCkRV0_normal.jpg","profile_image_url_https":"https:\/\/pbs.twimg.com\/profile_images\/817810734918881280\/0ePCkRV0_normal.jpg","profile_banner_url":"https:\/\/pbs.twimg.com\/profile_banners\/2356286514\/1479303394","profile_link_color":"4A913C","profile_sidebar_border_color":"FFFFFF","profile_sidebar_fill_color":"E6F6F9","profile_text_color":"333333","profile_use_background_image":true,"has_extended_profile":false,"default_profile":false,"default_profile_image":false,"following":false,"follow_request_sent":false,"notifications":false,"translator_type":"none"},"geo":null,"coordinates":null,"place":null,"contributors":null,"is_quote_status":false,"retweet_count":1,"favorite_count":7,"favorited":false,"retweeted":false,"possibly_sensitive":false,"possibly_sensitive_appealable":false,"lang":"en"}
