{"created_at":"Thu Jan 12 08:13:02 +0000 2017","id":819457145657769989,"id_str":"819457145657769989","text":"@raths_kitten You do indeed. I had forgotten mine at work \ud83d\ude35","truncated":false,"entities":{"hashtags":[],"symbols":[],"user_mentions":[{"screen_name":"raths_kitten","name":"Vera","id":43990161,"id_str":"43990161","indices":[0,13]}],"urls":[]},"source":"\u003ca href=\"http:\/\/twitter.com\/download\/iphone\" rel=\"nofollow\"\u003eTwitter for iPhone\u003c\/a\u003e","in_reply_to_status_id":819456696707874818,"in_reply_to_status_id_str":"819456696707874818","in_reply_to_user_id":43990161,"in_reply_to_user_id_str":"43990161","in_reply_to_screen_name":"raths_kitten","user":{"id":46629357,"id_str":"46629357","name":"Sofia","screen_name":"spn_junkie_23","location":"The Milky Way","description":"Songwriter, aspiring playwright and founder of Series Junkies Anonymous. I thank the Universe every day for Marvel and DC and their awesome movies and shows.","url":null,"entities":{"description":{"urls":[]}},"protected":false,"followers_count":343,"friends_count":397,"listed_count":23,"created_at":"Fri Jun 12 11:06:10 +0000 2009","favourites_count":38748,"utc_offset":3600,"time_zone":"Amsterdam","geo_enabled":false,"verified":false,"statuses_count":24823,"lang":"de","contributors_enabled":false,"is_translator":false,"is_translation_enabled":false,"profile_background_color":"F5ABB5","profile_background_image_url":"http:\/\/pbs.twimg.com\/profile_background_images\/540605176524988416\/0fjlFoA-.jpeg","profile_background_image_url_https":"https:\/\/pbs.twimg.com\/profile_background_images\/540605176524988416\/0fjlFoA-.jpeg","profile_background_tile":false,"profile_image_url":"http:\/\/pbs.twimg.com\/profile_images\/1504743752\/69a4a593-c65e-48a8-957f-6e86eab970e4_normal.png","profile_image_url_https":"https:\/\/pbs.twimg.com\/profile_images\/1504743752\/69a4a593-c65e-48a8-957f-6e86eab970e4_normal.png","profile_banner_url":"https:\/\/pbs.twimg.com\/profile_banners\/46629357\/1417724948","profile_link_color":"ABB8C2","profile_sidebar_border_color":"CEDBE0","profile_sidebar_fill_color":"F2E4EB","profile_text_color":"663B12","profile_use_background_image":true,"has_extended_profile":true,"default_profile":false,"default_profile_image":false,"following":false,"follow_request_sent":false,"notifications":false,"translator_type":"regular"},"geo":null,"coordinates":null,"place":null,"contributors":null,"is_quote_status":false,"retweet_count":0,"favorite_count":0,"favorited":false,"retweeted":false,"lang":"en"}
