{"created_at":"Thu Jan 12 08:13:04 +0000 2017","id":819457153899503616,"id_str":"819457153899503616","text":"WHY IS THIS me Kira faith Owen and KFC dancing https:\/\/t.co\/U2i6kNO9iy","truncated":false,"entities":{"hashtags":[],"symbols":[],"user_mentions":[],"urls":[{"url":"https:\/\/t.co\/U2i6kNO9iy","expanded_url":"https:\/\/twitter.com\/stadiumharry\/status\/819330800898416642","display_url":"twitter.com\/stadiumharry\/s\u2026","indices":[47,70]}]},"source":"\u003ca href=\"http:\/\/twitter.com\/download\/iphone\" rel=\"nofollow\"\u003eTwitter for iPhone\u003c\/a\u003e","in_reply_to_status_id":null,"in_reply_to_status_id_str":null,"in_reply_to_user_id":null,"in_reply_to_user_id_str":null,"in_reply_to_screen_name":null,"user":{"id":3403183159,"id_str":"3403183159","name":"cactus cooler","screen_name":"EvenlfSheFaIIs","location":"fetus tom cult","description":"Hi, are you Mark Hoppus? - Steph 2016","url":null,"entities":{"description":{"urls":[]}},"protected":false,"followers_count":220,"friends_count":262,"listed_count":22,"created_at":"Mon Aug 31 11:24:19 +0000 2015","favourites_count":32854,"utc_offset":null,"time_zone":null,"geo_enabled":true,"verified":false,"statuses_count":63535,"lang":"en","contributors_enabled":false,"is_translator":false,"is_translation_enabled":false,"profile_background_color":"C0DEED","profile_background_image_url":"http:\/\/abs.twimg.com\/images\/themes\/theme1\/bg.png","profile_background_image_url_https":"https:\/\/abs.twimg.com\/images\/themes\/theme1\/bg.png","profile_background_tile":false,"profile_image_url":"http:\/\/pbs.twimg.com\/profile_images\/801305728887771136\/jwYO1KTi_normal.jpg","profile_image_url_https":"https:\/\/pbs.twimg.com\/profile_images\/801305728887771136\/jwYO1KTi_normal.jpg","profile_banner_url":"https:\/\/pbs.twimg.com\/profile_banners\/3403183159\/1474966554","profile_link_color":"1DA1F2","profile_sidebar_border_color":"C0DEED","profile_sidebar_fill_color":"DDEEF6","profile_text_color":"333333","profile_use_background_image":true,"has_extended_profile":false,"default_profile":true,"default_profile_image":false,"following":false,"follow_request_sent":false,"notifications":false,"translator_type":"none"},"geo":null,"coordinates":null,"place":{"id":"2da132a7bfebfc0c","url":"https:\/\/api.twitter.com\/1.1\/geo\/id\/2da132a7bfebfc0c.json","place_type":"city","name":"Montebello","full_name":"Montebello, CA","country_code":"US","country":"United States","contained_within":[],"bounding_box":{"type":"Polygon","coordinates":[[[-118.144082,33.974263],[-118.0707974,33.974263],[-118.0707974,34.04611],[-118.144082,34.04611]]]},"attributes":{}},"contributors":null,"is_quote_status":true,"quoted_status_id":819330800898416642,"quoted_status_id_str":"819330800898416642","quoted_status":{"created_at":"Wed Jan 11 23:51:00 +0000 2017","id":819330800898416642,"id_str":"819330800898416642","text":"me and my 4 mutuals who like my tweets https:\/\/t.co\/6rfpKWpukw","truncated":false,"entities":{"hashtags":[],"symbols":[],"user_mentions":[],"urls":[],"media":[{"id":818969016656072704,"id_str":"818969016656072704","indices":[39,62],"media_url":"http:\/\/pbs.twimg.com\/ext_tw_video_thumb\/818969016656072704\/pu\/img\/R2AVIFUn_8wkN8-Z.jpg","media_url_https":"https:\/\/pbs.twimg.com\/ext_tw_video_thumb\/818969016656072704\/pu\/img\/R2AVIFUn_8wkN8-Z.jpg","url":"https:\/\/t.co\/6rfpKWpukw","display_url":"pic.twitter.com\/6rfpKWpukw","expanded_url":"https:\/\/twitter.com\/6runt\/status\/818969101565624320\/video\/1","type":"photo","sizes":{"small":{"w":340,"h":340,"resize":"fit"},"thumb":{"w":150,"h":150,"resize":"crop"},"medium":{"w":600,"h":600,"resize":"fit"},"large":{"w":720,"h":720,"resize":"fit"}},"source_status_id":818969101565624320,"source_status_id_str":"818969101565624320","source_user_id":370420202,"source_user_id_str":"370420202"}]},"extended_entities":{"media":[{"id":818969016656072704,"id_str":"818969016656072704","indices":[39,62],"media_url":"http:\/\/pbs.twimg.com\/ext_tw_video_thumb\/818969016656072704\/pu\/img\/R2AVIFUn_8wkN8-Z.jpg","media_url_https":"https:\/\/pbs.twimg.com\/ext_tw_video_thumb\/818969016656072704\/pu\/img\/R2AVIFUn_8wkN8-Z.jpg","url":"https:\/\/t.co\/6rfpKWpukw","display_url":"pic.twitter.com\/6rfpKWpukw","expanded_url":"https:\/\/twitter.com\/6runt\/status\/818969101565624320\/video\/1","type":"video","sizes":{"small":{"w":340,"h":340,"resize":"fit"},"thumb":{"w":150,"h":150,"resize":"crop"},"medium":{"w":600,"h":600,"resize":"fit"},"large":{"w":720,"h":720,"resize":"fit"}},"source_status_id":818969101565624320,"source_status_id_str":"818969101565624320","source_user_id":370420202,"source_user_id_str":"370420202","video_info":{"aspect_ratio":[1,1],"duration_millis":28100,"variants":[{"content_type":"application\/x-mpegURL","url":"https:\/\/video.twimg.com\/ext_tw_video\/818969016656072704\/pu\/pl\/-F0XldE-ShL8_cCI.m3u8"},{"bitrate":320000,"content_type":"video\/mp4","url":"https:\/\/video.twimg.com\/ext_tw_video\/818969016656072704\/pu\/vid\/240x240\/LAK67-h1lWKcitJD.mp4"},{"bitrate":1280000,"content_type":"video\/mp4","url":"https:\/\/video.twimg.com\/ext_tw_video\/818969016656072704\/pu\/vid\/720x720\/WDESW0CmrIONacZl.mp4"},{"bitrate":832000,"content_type":"video\/mp4","url":"https:\/\/video.twimg.com\/ext_tw_video\/818969016656072704\/pu\/vid\/480x480\/OIOhFUuFJIM1VYUd.mp4"},{"content_type":"application\/dash+xml","url":"https:\/\/video.twimg.com\/ext_tw_video\/818969016656072704\/pu\/pl\/-F0XldE-ShL8_cCI.mpd"}]},"additional_media_info":{"monetizable":false,"source_user":{"id":370420202,"id_str":"370420202","name":"i love u soft dork","screen_name":"6runt","location":"f.m. | genderfluid [he\/him]","description":"drowned in moonlight, strangled by her own bra.","url":"https:\/\/t.co\/sTqfKkLdme","entities":{"url":{"urls":[{"url":"https:\/\/t.co\/sTqfKkLdme","expanded_url":"http:\/\/whataman.edu","display_url":"whataman.edu","indices":[0,23]}]},"description":{"urls":[]}},"protected":false,"followers_count":10344,"friends_count":79,"listed_count":84,"created_at":"Fri Sep 09 00:27:51 +0000 2011","favourites_count":21590,"utc_offset":-14400,"time_zone":"Atlantic Time (Canada)","geo_enabled":false,"verified":false,"statuses_count":160438,"lang":"en","contributors_enabled":false,"is_translator":false,"is_translation_enabled":false,"profile_background_color":"FFFFFF","profile_background_image_url":"http:\/\/pbs.twimg.com\/profile_background_images\/693261350290632704\/ZLZVd6Rn.jpg","profile_background_image_url_https":"https:\/\/pbs.twimg.com\/profile_background_images\/693261350290632704\/ZLZVd6Rn.jpg","profile_background_tile":true,"profile_image_url":"http:\/\/pbs.twimg.com\/profile_images\/820116182623719424\/7HyK_2AE_normal.jpg","profile_image_url_https":"https:\/\/pbs.twimg.com\/profile_images\/820116182623719424\/7HyK_2AE_normal.jpg","profile_banner_url":"https:\/\/pbs.twimg.com\/profile_banners\/370420202\/1484365911","profile_link_color":"000000","profile_sidebar_border_color":"FFFFFF","profile_sidebar_fill_color":"EFEFEF","profile_text_color":"333333","profile_use_background_image":false,"has_extended_profile":false,"default_profile":false,"default_profile_image":false,"following":false,"follow_request_sent":false,"notifications":false,"translator_type":"none"}}}]},"source":"\u003ca href=\"http:\/\/twitter.com\/download\/iphone\" rel=\"nofollow\"\u003eTwitter for iPhone\u003c\/a\u003e","in_reply_to_status_id":null,"in_reply_to_status_id_str":null,"in_reply_to_user_id":null,"in_reply_to_user_id_str":null,"in_reply_to_screen_name":null,"user":{"id":2212515431,"id_str":"2212515431","name":"\u3164","screen_name":"stadiumharry","location":"","description":"Imagine multimillionaire Louis Tomlinson just heating up a hot pocket","url":null,"entities":{"description":{"urls":[]}},"protected":false,"followers_count":11089,"friends_count":94,"listed_count":100,"created_at":"Sat Dec 07 17:22:23 +0000 2013","favourites_count":77531,"utc_offset":-18000,"time_zone":"Eastern Time (US & Canada)","geo_enabled":true,"verified":false,"statuses_count":162215,"lang":"en","contributors_enabled":false,"is_translator":false,"is_translation_enabled":false,"profile_background_color":"000000","profile_background_image_url":"http:\/\/pbs.twimg.com\/profile_background_images\/654084311591874560\/lBDq_lG5.jpg","profile_background_image_url_https":"https:\/\/pbs.twimg.com\/profile_background_images\/654084311591874560\/lBDq_lG5.jpg","profile_background_tile":true,"profile_image_url":"http:\/\/pbs.twimg.com\/profile_images\/819865684142358528\/4KVIM_ZE_normal.jpg","profile_image_url_https":"https:\/\/pbs.twimg.com\/profile_images\/819865684142358528\/4KVIM_ZE_normal.jpg","profile_banner_url":"https:\/\/pbs.twimg.com\/profile_banners\/2212515431\/1476240312","profile_link_color":"7FDBB6","profile_sidebar_border_color":"000000","profile_sidebar_fill_color":"000000","profile_text_color":"000000","profile_use_background_image":true,"has_extended_profile":true,"default_profile":false,"default_profile_image":false,"following":false,"follow_request_sent":false,"notifications":false,"translator_type":"none"},"geo":null,"coordinates":null,"place":null,"contributors":null,"is_quote_status":false,"retweet_count":20332,"favorite_count":30494,"favorited":false,"retweeted":false,"possibly_sensitive":false,"possibly_sensitive_appealable":false,"lang":"en"},"retweet_count":2,"favorite_count":4,"favorited":false,"retweeted":false,"possibly_sensitive":false,"possibly_sensitive_appealable":false,"lang":"en"}
