{"created_at":"Thu Jan 12 08:13:02 +0000 2017","id":819457142071656448,"id_str":"819457142071656448","text":"@glowflawless @Bear2013Mama i'm so excited for it","truncated":false,"entities":{"hashtags":[],"symbols":[],"user_mentions":[{"screen_name":"glowflawless","name":"hannah","id":3431985813,"id_str":"3431985813","indices":[0,13]},{"screen_name":"Bear2013Mama","name":"MamaBear","id":742460758718447618,"id_str":"742460758718447618","indices":[14,27]}],"urls":[]},"source":"\u003ca href=\"http:\/\/twitter.com\/download\/iphone\" rel=\"nofollow\"\u003eTwitter for iPhone\u003c\/a\u003e","in_reply_to_status_id":819397002140254208,"in_reply_to_status_id_str":"819397002140254208","in_reply_to_user_id":3431985813,"in_reply_to_user_id_str":"3431985813","in_reply_to_screen_name":"glowflawless","user":{"id":718390606993702913,"id_str":"718390606993702913","name":"~~~","screen_name":"heartsforseI","location":"","description":"","url":null,"entities":{"description":{"urls":[]}},"protected":false,"followers_count":162,"friends_count":140,"listed_count":1,"created_at":"Fri Apr 08 10:50:42 +0000 2016","favourites_count":3558,"utc_offset":null,"time_zone":null,"geo_enabled":false,"verified":false,"statuses_count":4039,"lang":"en-GB","contributors_enabled":false,"is_translator":false,"is_translation_enabled":false,"profile_background_color":"F5F8FA","profile_background_image_url":null,"profile_background_image_url_https":null,"profile_background_tile":false,"profile_image_url":"http:\/\/pbs.twimg.com\/profile_images\/818521274871873536\/-Aw6O4Y2_normal.jpg","profile_image_url_https":"https:\/\/pbs.twimg.com\/profile_images\/818521274871873536\/-Aw6O4Y2_normal.jpg","profile_banner_url":"https:\/\/pbs.twimg.com\/profile_banners\/718390606993702913\/1483985655","profile_link_color":"1DA1F2","profile_sidebar_border_color":"C0DEED","profile_sidebar_fill_color":"DDEEF6","profile_text_color":"333333","profile_use_background_image":true,"has_extended_profile":false,"default_profile":true,"default_profile_image":false,"following":false,"follow_request_sent":false,"notifications":false,"translator_type":"none"},"geo":null,"coordinates":null,"place":null,"contributors":null,"is_quote_status":false,"retweet_count":0,"favorite_count":0,"favorited":false,"retweeted":false,"lang":"en"}
