{"created_at":"Thu Jan 12 08:13:04 +0000 2017","id":819457151420825600,"id_str":"819457151420825600","text":"@KittyzGurl jill I'm sorry please","truncated":false,"entities":{"hashtags":[],"symbols":[],"user_mentions":[{"screen_name":"KittyzGurl","name":"Jillian (Kittyz) P.","id":3222973584,"id_str":"3222973584","indices":[0,11]}],"urls":[]},"source":"\u003ca href=\"http:\/\/twitter.com\/download\/android\" rel=\"nofollow\"\u003eTwitter for Android\u003c\/a\u003e","in_reply_to_status_id":null,"in_reply_to_status_id_str":null,"in_reply_to_user_id":3222973584,"in_reply_to_user_id_str":"3222973584","in_reply_to_screen_name":"KittyzGurl","user":{"id":808286021200777216,"id_str":"808286021200777216","name":"Wyatt Sipes","screen_name":"WyattSipes3","location":"","description":"","url":null,"entities":{"description":{"urls":[]}},"protected":false,"followers_count":3,"friends_count":24,"listed_count":0,"created_at":"Mon Dec 12 12:22:59 +0000 2016","favourites_count":0,"utc_offset":null,"time_zone":null,"geo_enabled":false,"verified":false,"statuses_count":295,"lang":"en","contributors_enabled":false,"is_translator":false,"is_translation_enabled":false,"profile_background_color":"F5F8FA","profile_background_image_url":null,"profile_background_image_url_https":null,"profile_background_tile":false,"profile_image_url":"http:\/\/abs.twimg.com\/sticky\/default_profile_images\/default_profile_6_normal.png","profile_image_url_https":"https:\/\/abs.twimg.com\/sticky\/default_profile_images\/default_profile_6_normal.png","profile_link_color":"1DA1F2","profile_sidebar_border_color":"C0DEED","profile_sidebar_fill_color":"DDEEF6","profile_text_color":"333333","profile_use_background_image":true,"has_extended_profile":false,"default_profile":true,"default_profile_image":true,"following":false,"follow_request_sent":false,"notifications":false,"translator_type":"none"},"geo":null,"coordinates":null,"place":null,"contributors":null,"is_quote_status":false,"retweet_count":0,"favorite_count":0,"favorited":false,"retweeted":false,"lang":"en"}
