{"created_at":"Thu Jan 12 08:13:04 +0000 2017","id":819457152263671809,"id_str":"819457152263671809","text":"You might not know what to do with all your extra enthusiasm t... More for Aquarius https:\/\/t.co\/NWwe2wGpG5","truncated":false,"entities":{"hashtags":[],"symbols":[],"user_mentions":[],"urls":[{"url":"https:\/\/t.co\/NWwe2wGpG5","expanded_url":"http:\/\/bit.ly\/whBNNw","display_url":"bit.ly\/whBNNw","indices":[84,107]}]},"source":"\u003ca href=\"http:\/\/www.twittascope.com\" rel=\"nofollow\"\u003eTwittascope\u003c\/a\u003e","in_reply_to_status_id":null,"in_reply_to_status_id_str":null,"in_reply_to_user_id":null,"in_reply_to_user_id_str":null,"in_reply_to_screen_name":null,"user":{"id":465328538,"id_str":"465328538","name":"I MET 5SOS 03\/03","screen_name":"Yumehh","location":"Singapore","description":"Celine Yumi | Jailed Account : @yumehh02 |  WHOVIAN \/ SHERLOCKIAN \/ CUMBERCOOKIE \/ HIDDLESTONER \/ DIRECTIONER \/ 5SOS FAM","url":null,"entities":{"description":{"urls":[]}},"protected":false,"followers_count":475,"friends_count":401,"listed_count":7,"created_at":"Mon Jan 16 06:58:55 +0000 2012","favourites_count":2552,"utc_offset":28800,"time_zone":"Singapore","geo_enabled":true,"verified":false,"statuses_count":57978,"lang":"en","contributors_enabled":false,"is_translator":false,"is_translation_enabled":false,"profile_background_color":"C0DEED","profile_background_image_url":"http:\/\/abs.twimg.com\/images\/themes\/theme1\/bg.png","profile_background_image_url_https":"https:\/\/abs.twimg.com\/images\/themes\/theme1\/bg.png","profile_background_tile":false,"profile_image_url":"http:\/\/pbs.twimg.com\/profile_images\/746032376354988032\/CwaUOXye_normal.jpg","profile_image_url_https":"https:\/\/pbs.twimg.com\/profile_images\/746032376354988032\/CwaUOXye_normal.jpg","profile_banner_url":"https:\/\/pbs.twimg.com\/profile_banners\/465328538\/1466702952","profile_link_color":"1DA1F2","profile_sidebar_border_color":"C0DEED","profile_sidebar_fill_color":"DDEEF6","profile_text_color":"333333","profile_use_background_image":true,"has_extended_profile":false,"default_profile":true,"default_profile_image":false,"following":false,"follow_request_sent":false,"notifications":false,"translator_type":"none"},"geo":null,"coordinates":null,"place":null,"contributors":null,"is_quote_status":false,"retweet_count":0,"favorite_count":0,"favorited":false,"retweeted":false,"possibly_sensitive":false,"possibly_sensitive_appealable":false,"lang":"en"}
