{"created_at":"Thu Jan 12 08:13:02 +0000 2017","id":819457144185585664,"id_str":"819457144185585664","text":"I liked a @YouTube video https:\/\/t.co\/sVt90DrTJl DIY HOW TO MAKE A GIANT TAKIS","truncated":false,"entities":{"hashtags":[],"symbols":[],"user_mentions":[{"screen_name":"YouTube","name":"YouTube","id":10228272,"id_str":"10228272","indices":[10,18]}],"urls":[{"url":"https:\/\/t.co\/sVt90DrTJl","expanded_url":"http:\/\/youtu.be\/f1IkNXEn-Es?a","display_url":"youtu.be\/f1IkNXEn-Es?a","indices":[25,48]}]},"source":"\u003ca href=\"http:\/\/www.google.com\/\" rel=\"nofollow\"\u003eGoogle\u003c\/a\u003e","in_reply_to_status_id":null,"in_reply_to_status_id_str":null,"in_reply_to_user_id":null,"in_reply_to_user_id_str":null,"in_reply_to_screen_name":null,"user":{"id":2279792912,"id_str":"2279792912","name":"ashley snow","screen_name":"aubreynevaeh218","location":"","description":"stay at home mommy","url":null,"entities":{"description":{"urls":[]}},"protected":false,"followers_count":10,"friends_count":14,"listed_count":0,"created_at":"Tue Jan 07 00:47:58 +0000 2014","favourites_count":0,"utc_offset":null,"time_zone":null,"geo_enabled":false,"verified":false,"statuses_count":360,"lang":"en","contributors_enabled":false,"is_translator":false,"is_translation_enabled":false,"profile_background_color":"C0DEED","profile_background_image_url":"http:\/\/abs.twimg.com\/images\/themes\/theme1\/bg.png","profile_background_image_url_https":"https:\/\/abs.twimg.com\/images\/themes\/theme1\/bg.png","profile_background_tile":false,"profile_image_url":"http:\/\/pbs.twimg.com\/profile_images\/420360214395617281\/qvJOoFBr_normal.jpeg","profile_image_url_https":"https:\/\/pbs.twimg.com\/profile_images\/420360214395617281\/qvJOoFBr_normal.jpeg","profile_link_color":"1DA1F2","profile_sidebar_border_color":"C0DEED","profile_sidebar_fill_color":"DDEEF6","profile_text_color":"333333","profile_use_background_image":true,"has_extended_profile":false,"default_profile":true,"default_profile_image":false,"following":false,"follow_request_sent":false,"notifications":false,"translator_type":"none"},"geo":null,"coordinates":null,"place":null,"contributors":null,"is_quote_status":false,"retweet_count":0,"favorite_count":0,"favorited":false,"retweeted":false,"possibly_sensitive":false,"possibly_sensitive_appealable":false,"lang":"en"}
