{"created_at":"Thu Jan 12 08:13:01 +0000 2017","id":819457139848646656,"id_str":"819457139848646656","text":"He would try to take away my pain And he just might make me smile, but the whole time I'm wishing he was you instead.","truncated":false,"entities":{"hashtags":[],"symbols":[],"user_mentions":[],"urls":[]},"source":"\u003ca href=\"http:\/\/kucukbeyin.com\/\" rel=\"nofollow\"\u003ezxcqweqwdaxcz\u003c\/a\u003e","in_reply_to_status_id":null,"in_reply_to_status_id_str":null,"in_reply_to_user_id":null,"in_reply_to_user_id_str":null,"in_reply_to_screen_name":null,"user":{"id":315516639,"id_str":"315516639","name":"Taylor Swift Lyrics","screen_name":"DailySwiftLyric","location":"San Antonio\r","description":"Taylor Swift Quotes - Words, how little they mean when they're a little too late.","url":null,"entities":{"description":{"urls":[]}},"protected":false,"followers_count":8736,"friends_count":6293,"listed_count":23,"created_at":"Sun Jun 12 00:49:54 +0000 2011","favourites_count":0,"utc_offset":-18000,"time_zone":"Bogota","geo_enabled":false,"verified":false,"statuses_count":45143,"lang":"en","contributors_enabled":false,"is_translator":false,"is_translation_enabled":false,"profile_background_color":"EDECE9","profile_background_image_url":"http:\/\/abs.twimg.com\/images\/themes\/theme3\/bg.gif","profile_background_image_url_https":"https:\/\/abs.twimg.com\/images\/themes\/theme3\/bg.gif","profile_background_tile":false,"profile_image_url":"http:\/\/pbs.twimg.com\/profile_images\/550424700786987009\/ynZbkGC8_normal.jpeg","profile_image_url_https":"https:\/\/pbs.twimg.com\/profile_images\/550424700786987009\/ynZbkGC8_normal.jpeg","profile_banner_url":"https:\/\/pbs.twimg.com\/profile_banners\/315516639\/1420066434","profile_link_color":"088253","profile_sidebar_border_color":"D3D2CF","profile_sidebar_fill_color":"E3E2DE","profile_text_color":"634047","profile_use_background_image":true,"has_extended_profile":false,"default_profile":false,"default_profile_image":false,"following":false,"follow_request_sent":false,"notifications":false,"translator_type":"none"},"geo":null,"coordinates":null,"place":null,"contributors":null,"is_quote_status":false,"retweet_count":1,"favorite_count":0,"favorited":false,"retweeted":false,"lang":"en"}
