{"created_at":"Thu Jan 12 08:13:02 +0000 2017","id":819457144626020358,"id_str":"819457144626020358","text":"This woman at the gym thought I was The Rock. I ain't THAT buff. Too funny","truncated":false,"entities":{"hashtags":[],"symbols":[],"user_mentions":[],"urls":[]},"source":"\u003ca href=\"http:\/\/twitter.com\/download\/android\" rel=\"nofollow\"\u003eTwitter for Android\u003c\/a\u003e","in_reply_to_status_id":null,"in_reply_to_status_id_str":null,"in_reply_to_user_id":null,"in_reply_to_user_id_str":null,"in_reply_to_screen_name":null,"user":{"id":294377295,"id_str":"294377295","name":"Jacob","screen_name":"Sir_Kray","location":"Jackson, MS","description":"An old school youngin'. A tall, red fella.","url":"https:\/\/t.co\/is9ZcXL4IJ","entities":{"url":{"urls":[{"url":"https:\/\/t.co\/is9ZcXL4IJ","expanded_url":"https:\/\/twitter.com\/Sir_Kray","display_url":"twitter.com\/Sir_Kray","indices":[0,23]}]},"description":{"urls":[]}},"protected":false,"followers_count":47,"friends_count":43,"listed_count":0,"created_at":"Sat May 07 01:37:44 +0000 2011","favourites_count":27,"utc_offset":-21600,"time_zone":"Central Time (US & Canada)","geo_enabled":true,"verified":false,"statuses_count":562,"lang":"en","contributors_enabled":false,"is_translator":false,"is_translation_enabled":false,"profile_background_color":"131516","profile_background_image_url":"http:\/\/pbs.twimg.com\/profile_background_images\/466397391596158976\/md70eg9Q.jpeg","profile_background_image_url_https":"https:\/\/pbs.twimg.com\/profile_background_images\/466397391596158976\/md70eg9Q.jpeg","profile_background_tile":true,"profile_image_url":"http:\/\/pbs.twimg.com\/profile_images\/749005584490336256\/XdMTy0lu_normal.jpg","profile_image_url_https":"https:\/\/pbs.twimg.com\/profile_images\/749005584490336256\/XdMTy0lu_normal.jpg","profile_banner_url":"https:\/\/pbs.twimg.com\/profile_banners\/294377295\/1399953645","profile_link_color":"8A0000","profile_sidebar_border_color":"FFFFFF","profile_sidebar_fill_color":"EFEFEF","profile_text_color":"333333","profile_use_background_image":true,"has_extended_profile":true,"default_profile":false,"default_profile_image":false,"following":false,"follow_request_sent":false,"notifications":false,"translator_type":"none"},"geo":null,"coordinates":null,"place":{"id":"5c9d123437711a9d","url":"https:\/\/api.twitter.com\/1.1\/geo\/id\/5c9d123437711a9d.json","place_type":"city","name":"Jackson","full_name":"Jackson, MS","country_code":"US","country":"United States","contained_within":[],"bounding_box":{"type":"Polygon","coordinates":[[[-90.331039,32.049347],[-89.984994,32.049347],[-89.984994,32.412627],[-90.331039,32.412627]]]},"attributes":{}},"contributors":null,"is_quote_status":false,"retweet_count":0,"favorite_count":0,"favorited":false,"retweeted":false,"lang":"en"}
