{"created_at":"Thu Jan 12 08:13:05 +0000 2017","id":819457158362198016,"id_str":"819457158362198016","text":"@LoveIyMeIIet my mum says that anxiety ISNT a mental illness so yanno, she wont listen to my problems so now my anxiety has developed worse","truncated":false,"entities":{"hashtags":[],"symbols":[],"user_mentions":[{"screen_name":"LoveIyMeIIet","name":"bella \/\/ 75","id":3644839994,"id_str":"3644839994","indices":[0,13]}],"urls":[]},"source":"\u003ca href=\"http:\/\/twitter.com\" rel=\"nofollow\"\u003eTwitter Web Client\u003c\/a\u003e","in_reply_to_status_id":819456951394275329,"in_reply_to_status_id_str":"819456951394275329","in_reply_to_user_id":3644839994,"in_reply_to_user_id_str":"3644839994","in_reply_to_screen_name":"LoveIyMeIIet","user":{"id":3644839994,"id_str":"3644839994","name":"bella \/\/ 71","screen_name":"LoveIyMeIIet","location":" Queensland","description":"they call me crybaby and I care what you think","url":null,"entities":{"description":{"urls":[]}},"protected":false,"followers_count":689,"friends_count":893,"listed_count":9,"created_at":"Tue Sep 22 04:12:53 +0000 2015","favourites_count":5907,"utc_offset":-28800,"time_zone":"Pacific Time (US & Canada)","geo_enabled":false,"verified":false,"statuses_count":4927,"lang":"en","contributors_enabled":false,"is_translator":false,"is_translation_enabled":false,"profile_background_color":"000000","profile_background_image_url":"http:\/\/abs.twimg.com\/images\/themes\/theme1\/bg.png","profile_background_image_url_https":"https:\/\/abs.twimg.com\/images\/themes\/theme1\/bg.png","profile_background_tile":false,"profile_image_url":"http:\/\/pbs.twimg.com\/profile_images\/820229519000801284\/awijaqDy_normal.jpg","profile_image_url_https":"https:\/\/pbs.twimg.com\/profile_images\/820229519000801284\/awijaqDy_normal.jpg","profile_banner_url":"https:\/\/pbs.twimg.com\/profile_banners\/3644839994\/1484376627","profile_link_color":"4633FF","profile_sidebar_border_color":"000000","profile_sidebar_fill_color":"000000","profile_text_color":"000000","profile_use_background_image":false,"has_extended_profile":true,"default_profile":false,"default_profile_image":false,"following":false,"follow_request_sent":false,"notifications":false,"translator_type":"none"},"geo":null,"coordinates":null,"place":null,"contributors":null,"is_quote_status":false,"retweet_count":0,"favorite_count":0,"favorited":false,"retweeted":false,"lang":"en"}
