{"created_at":"Thu Jan 12 08:13:03 +0000 2017","id":819457146689490945,"id_str":"819457146689490945","text":"but thank god i survived","truncated":false,"entities":{"hashtags":[],"symbols":[],"user_mentions":[],"urls":[]},"source":"\u003ca href=\"http:\/\/twitter.com\/download\/android\" rel=\"nofollow\"\u003eTwitter for Android\u003c\/a\u003e","in_reply_to_status_id":null,"in_reply_to_status_id_str":null,"in_reply_to_user_id":null,"in_reply_to_user_id_str":null,"in_reply_to_screen_name":null,"user":{"id":627569577,"id_str":"627569577","name":"mun","screen_name":"itsmemunirah98","location":"Malaysia","description":"18.","url":null,"entities":{"description":{"urls":[]}},"protected":false,"followers_count":422,"friends_count":264,"listed_count":1,"created_at":"Thu Jul 05 15:46:26 +0000 2012","favourites_count":20634,"utc_offset":-28800,"time_zone":"Pacific Time (US & Canada)","geo_enabled":true,"verified":false,"statuses_count":31801,"lang":"en","contributors_enabled":false,"is_translator":false,"is_translation_enabled":false,"profile_background_color":"C0DEED","profile_background_image_url":"http:\/\/abs.twimg.com\/images\/themes\/theme1\/bg.png","profile_background_image_url_https":"https:\/\/abs.twimg.com\/images\/themes\/theme1\/bg.png","profile_background_tile":false,"profile_image_url":"http:\/\/pbs.twimg.com\/profile_images\/818058296137396224\/zmUJUZ6N_normal.jpg","profile_image_url_https":"https:\/\/pbs.twimg.com\/profile_images\/818058296137396224\/zmUJUZ6N_normal.jpg","profile_banner_url":"https:\/\/pbs.twimg.com\/profile_banners\/627569577\/1454890355","profile_link_color":"1DA1F2","profile_sidebar_border_color":"C0DEED","profile_sidebar_fill_color":"DDEEF6","profile_text_color":"333333","profile_use_background_image":true,"has_extended_profile":true,"default_profile":true,"default_profile_image":false,"following":false,"follow_request_sent":false,"notifications":false,"translator_type":"none"},"geo":null,"coordinates":null,"place":null,"contributors":null,"is_quote_status":false,"retweet_count":0,"favorite_count":0,"favorited":false,"retweeted":false,"lang":"en"}
