{"created_at":"Thu Jan 12 08:13:05 +0000 2017","id":819457154490974208,"id_str":"819457154490974208","text":"I just want you back for good \ud83d\ude1e https:\/\/t.co\/OpQ2uxeig2","truncated":false,"entities":{"hashtags":[],"symbols":[],"user_mentions":[],"urls":[{"url":"https:\/\/t.co\/OpQ2uxeig2","expanded_url":"https:\/\/www.instagram.com\/p\/BPKD1UaDsCc3h_sf5neW6SwodNxqv3aQumkwM40\/","display_url":"instagram.com\/p\/BPKD1UaDsCc3\u2026","indices":[32,55]}]},"source":"\u003ca href=\"http:\/\/instagram.com\" rel=\"nofollow\"\u003eInstagram\u003c\/a\u003e","in_reply_to_status_id":null,"in_reply_to_status_id_str":null,"in_reply_to_user_id":null,"in_reply_to_user_id_str":null,"in_reply_to_screen_name":null,"user":{"id":1100893603,"id_str":"1100893603","name":"KZ Moreno \ud83c\udf49","screen_name":"kezhakaye","location":"alone in neverland","description":"\ud83d\ude4e\ud83c\udffb 1994 \ud83d\udc9f @chadlabto \ud83d\udc8b\ud83d\udc95 \ud83c\udf0f Born & raised \ud83c\udf3f Silay City \ud83c\uddf5\ud83c\udded \ud83c\udfbc Singer @ \ud83d\udec0\ud83c\udffc \ud83d\udca4 Heavy Dreamer, Light Sleeper \ud83d\udca4 \ud83d\udccd Jer. 29:11","url":"https:\/\/t.co\/Mw8aei7uSQ","entities":{"url":{"urls":[{"url":"https:\/\/t.co\/Mw8aei7uSQ","expanded_url":"https:\/\/soundcloud.com\/kezhakaye\/sets\/5-seconds-of-summer-covers","display_url":"soundcloud.com\/kezhakaye\/sets\u2026","indices":[0,23]}]},"description":{"urls":[]}},"protected":false,"followers_count":2228,"friends_count":2630,"listed_count":12,"created_at":"Fri Jan 18 12:47:21 +0000 2013","favourites_count":6620,"utc_offset":-28800,"time_zone":"Pacific Time (US & Canada)","geo_enabled":true,"verified":false,"statuses_count":13215,"lang":"en","contributors_enabled":false,"is_translator":false,"is_translation_enabled":false,"profile_background_color":"79B5B1","profile_background_image_url":"http:\/\/pbs.twimg.com\/profile_background_images\/496145524337025024\/zfw3_NVU.jpeg","profile_background_image_url_https":"https:\/\/pbs.twimg.com\/profile_background_images\/496145524337025024\/zfw3_NVU.jpeg","profile_background_tile":true,"profile_image_url":"http:\/\/pbs.twimg.com\/profile_images\/817904416497942528\/eH06XQ3Z_normal.jpg","profile_image_url_https":"https:\/\/pbs.twimg.com\/profile_images\/817904416497942528\/eH06XQ3Z_normal.jpg","profile_banner_url":"https:\/\/pbs.twimg.com\/profile_banners\/1100893603\/1483839002","profile_link_color":"0FCBD1","profile_sidebar_border_color":"000000","profile_sidebar_fill_color":"E5507E","profile_text_color":"B40B43","profile_use_background_image":true,"has_extended_profile":true,"default_profile":false,"default_profile_image":false,"following":false,"follow_request_sent":false,"notifications":false,"translator_type":"none"},"geo":null,"coordinates":null,"place":null,"contributors":null,"is_quote_status":false,"retweet_count":0,"favorite_count":0,"favorited":false,"retweeted":false,"possibly_sensitive":false,"possibly_sensitive_appealable":false,"lang":"en"}
