{"created_at":"Thu Jan 12 08:13:03 +0000 2017","id":819457149059276802,"id_str":"819457149059276802","text":"I Mean, What If I DO Make Mistakes? https:\/\/t.co\/KmJ0oi6VtW","truncated":false,"entities":{"hashtags":[],"symbols":[],"user_mentions":[],"urls":[{"url":"https:\/\/t.co\/KmJ0oi6VtW","expanded_url":"http:\/\/dlvr.it\/N5L56V","display_url":"dlvr.it\/N5L56V","indices":[36,59]}]},"source":"\u003ca href=\"https:\/\/dlvrit.com\/\" rel=\"nofollow\"\u003edlvr.it\u003c\/a\u003e","in_reply_to_status_id":null,"in_reply_to_status_id_str":null,"in_reply_to_user_id":null,"in_reply_to_user_id_str":null,"in_reply_to_screen_name":null,"user":{"id":40315800,"id_str":"40315800","name":"Comixed","screen_name":"comixed","location":"Seattle, WA","description":"Picture.Caption.Repeat","url":"http:\/\/t.co\/EvYci8D6Hn","entities":{"url":{"urls":[{"url":"http:\/\/t.co\/EvYci8D6Hn","expanded_url":"http:\/\/comixed.com","display_url":"comixed.com","indices":[0,22]}]},"description":{"urls":[]}},"protected":false,"followers_count":942,"friends_count":30,"listed_count":114,"created_at":"Fri May 15 19:42:39 +0000 2009","favourites_count":0,"utc_offset":-28800,"time_zone":"Pacific Time (US & Canada)","geo_enabled":false,"verified":false,"statuses_count":15147,"lang":"en","contributors_enabled":false,"is_translator":false,"is_translation_enabled":false,"profile_background_color":"C0DEED","profile_background_image_url":"http:\/\/abs.twimg.com\/images\/themes\/theme1\/bg.png","profile_background_image_url_https":"https:\/\/abs.twimg.com\/images\/themes\/theme1\/bg.png","profile_background_tile":false,"profile_image_url":"http:\/\/pbs.twimg.com\/profile_images\/267667515\/comixed_logo_120_home_normal.gif","profile_image_url_https":"https:\/\/pbs.twimg.com\/profile_images\/267667515\/comixed_logo_120_home_normal.gif","profile_link_color":"1DA1F2","profile_sidebar_border_color":"C0DEED","profile_sidebar_fill_color":"DDEEF6","profile_text_color":"333333","profile_use_background_image":true,"has_extended_profile":false,"default_profile":true,"default_profile_image":false,"following":false,"follow_request_sent":false,"notifications":false,"translator_type":"none"},"geo":null,"coordinates":null,"place":null,"contributors":null,"is_quote_status":false,"retweet_count":0,"favorite_count":0,"favorited":false,"retweeted":false,"possibly_sensitive":false,"possibly_sensitive_appealable":false,"lang":"en"}
