{"created_at":"Thu Jan 12 08:13:04 +0000 2017","id":819457151508869120,"id_str":"819457151508869120","text":"@IChangeMyCity Does KR Puram figure anywhere?? I guess it's worse there.","truncated":false,"entities":{"hashtags":[],"symbols":[],"user_mentions":[{"screen_name":"IChangeMyCity","name":"IChangeMyCity","id":491994086,"id_str":"491994086","indices":[0,14]}],"urls":[]},"source":"\u003ca href=\"http:\/\/twitter.com\/download\/iphone\" rel=\"nofollow\"\u003eTwitter for iPhone\u003c\/a\u003e","in_reply_to_status_id":819425643096051717,"in_reply_to_status_id_str":"819425643096051717","in_reply_to_user_id":491994086,"in_reply_to_user_id_str":"491994086","in_reply_to_screen_name":"IChangeMyCity","user":{"id":589456836,"id_str":"589456836","name":"Thy Father","screen_name":"naufalmo0sa","location":"","description":"Proud Bangalorean, Prouder Indian, Enough Said!!","url":null,"entities":{"description":{"urls":[]}},"protected":false,"followers_count":149,"friends_count":296,"listed_count":11,"created_at":"Thu May 24 19:50:38 +0000 2012","favourites_count":801,"utc_offset":null,"time_zone":null,"geo_enabled":false,"verified":false,"statuses_count":1153,"lang":"en","contributors_enabled":false,"is_translator":false,"is_translation_enabled":false,"profile_background_color":"C0DEED","profile_background_image_url":"http:\/\/abs.twimg.com\/images\/themes\/theme1\/bg.png","profile_background_image_url_https":"https:\/\/abs.twimg.com\/images\/themes\/theme1\/bg.png","profile_background_tile":false,"profile_image_url":"http:\/\/pbs.twimg.com\/profile_images\/570007008755081217\/aIXq4-Fv_normal.jpeg","profile_image_url_https":"https:\/\/pbs.twimg.com\/profile_images\/570007008755081217\/aIXq4-Fv_normal.jpeg","profile_link_color":"1DA1F2","profile_sidebar_border_color":"C0DEED","profile_sidebar_fill_color":"DDEEF6","profile_text_color":"333333","profile_use_background_image":true,"has_extended_profile":false,"default_profile":true,"default_profile_image":false,"following":false,"follow_request_sent":false,"notifications":false,"translator_type":"none"},"geo":null,"coordinates":null,"place":null,"contributors":null,"is_quote_status":false,"retweet_count":0,"favorite_count":0,"favorited":false,"retweeted":false,"lang":"en"}
