{"created_at":"Thu Jan 12 08:13:01 +0000 2017","id":819457140045684737,"id_str":"819457140045684737","text":"@PlayOverwatch the only thing that I saw that was op about Ana was that too enemies her grenade and dart are way too long","truncated":false,"entities":{"hashtags":[],"symbols":[],"user_mentions":[{"screen_name":"PlayOverwatch","name":"Overwatch","id":2420931980,"id_str":"2420931980","indices":[0,14]}],"urls":[]},"source":"\u003ca href=\"http:\/\/twitter.com\/download\/android\" rel=\"nofollow\"\u003eTwitter for Android\u003c\/a\u003e","in_reply_to_status_id":816375087708278784,"in_reply_to_status_id_str":"816375087708278784","in_reply_to_user_id":2420931980,"in_reply_to_user_id_str":"2420931980","in_reply_to_screen_name":"PlayOverwatch","user":{"id":2974592252,"id_str":"2974592252","name":"Patrick vandenbrink","screen_name":"Plv2000P","location":"","description":"if your weird your normal and if your narmal your weird","url":null,"entities":{"description":{"urls":[]}},"protected":false,"followers_count":7,"friends_count":36,"listed_count":0,"created_at":"Sun Jan 11 09:37:12 +0000 2015","favourites_count":0,"utc_offset":null,"time_zone":null,"geo_enabled":false,"verified":false,"statuses_count":458,"lang":"en","contributors_enabled":false,"is_translator":false,"is_translation_enabled":false,"profile_background_color":"C0DEED","profile_background_image_url":"http:\/\/abs.twimg.com\/images\/themes\/theme1\/bg.png","profile_background_image_url_https":"https:\/\/abs.twimg.com\/images\/themes\/theme1\/bg.png","profile_background_tile":false,"profile_image_url":"http:\/\/abs.twimg.com\/sticky\/default_profile_images\/default_profile_2_normal.png","profile_image_url_https":"https:\/\/abs.twimg.com\/sticky\/default_profile_images\/default_profile_2_normal.png","profile_link_color":"1DA1F2","profile_sidebar_border_color":"C0DEED","profile_sidebar_fill_color":"DDEEF6","profile_text_color":"333333","profile_use_background_image":true,"has_extended_profile":false,"default_profile":true,"default_profile_image":true,"following":false,"follow_request_sent":false,"notifications":false,"translator_type":"none"},"geo":null,"coordinates":null,"place":null,"contributors":null,"is_quote_status":false,"retweet_count":0,"favorite_count":0,"favorited":false,"retweeted":false,"lang":"en"}
