{"created_at":"Thu Jan 12 08:13:02 +0000 2017","id":819457142658768896,"id_str":"819457142658768896","text":"I should be sleeping but I can't stop fucking laughing at this https:\/\/t.co\/Bg87chAoPO","truncated":false,"entities":{"hashtags":[],"symbols":[],"user_mentions":[],"urls":[],"media":[{"id":819457137004818433,"id_str":"819457137004818433","indices":[63,86],"media_url":"http:\/\/pbs.twimg.com\/media\/C19L7KfUsAEJ9lH.jpg","media_url_https":"https:\/\/pbs.twimg.com\/media\/C19L7KfUsAEJ9lH.jpg","url":"https:\/\/t.co\/Bg87chAoPO","display_url":"pic.twitter.com\/Bg87chAoPO","expanded_url":"https:\/\/twitter.com\/winepulsee\/status\/819457142658768896\/photo\/1","type":"photo","sizes":{"medium":{"w":675,"h":1200,"resize":"fit"},"large":{"w":750,"h":1334,"resize":"fit"},"small":{"w":382,"h":680,"resize":"fit"},"thumb":{"w":150,"h":150,"resize":"crop"}}}]},"extended_entities":{"media":[{"id":819457137004818433,"id_str":"819457137004818433","indices":[63,86],"media_url":"http:\/\/pbs.twimg.com\/media\/C19L7KfUsAEJ9lH.jpg","media_url_https":"https:\/\/pbs.twimg.com\/media\/C19L7KfUsAEJ9lH.jpg","url":"https:\/\/t.co\/Bg87chAoPO","display_url":"pic.twitter.com\/Bg87chAoPO","expanded_url":"https:\/\/twitter.com\/winepulsee\/status\/819457142658768896\/photo\/1","type":"photo","sizes":{"medium":{"w":675,"h":1200,"resize":"fit"},"large":{"w":750,"h":1334,"resize":"fit"},"small":{"w":382,"h":680,"resize":"fit"},"thumb":{"w":150,"h":150,"resize":"crop"}}},{"id":819457136975486976,"id_str":"819457136975486976","indices":[63,86],"media_url":"http:\/\/pbs.twimg.com\/media\/C19L7KYVIAA4wuI.jpg","media_url_https":"https:\/\/pbs.twimg.com\/media\/C19L7KYVIAA4wuI.jpg","url":"https:\/\/t.co\/Bg87chAoPO","display_url":"pic.twitter.com\/Bg87chAoPO","expanded_url":"https:\/\/twitter.com\/winepulsee\/status\/819457142658768896\/photo\/1","type":"photo","sizes":{"large":{"w":750,"h":1334,"resize":"fit"},"medium":{"w":675,"h":1200,"resize":"fit"},"thumb":{"w":150,"h":150,"resize":"crop"},"small":{"w":382,"h":680,"resize":"fit"}}}]},"source":"\u003ca href=\"http:\/\/twitter.com\/download\/iphone\" rel=\"nofollow\"\u003eTwitter for iPhone\u003c\/a\u003e","in_reply_to_status_id":null,"in_reply_to_status_id_str":null,"in_reply_to_user_id":null,"in_reply_to_user_id_str":null,"in_reply_to_screen_name":null,"user":{"id":372123837,"id_str":"372123837","name":"Wildthing","screen_name":"winepulsee","location":"Lynwood, CA","description":"Asi es la vida","url":null,"entities":{"description":{"urls":[]}},"protected":false,"followers_count":269,"friends_count":212,"listed_count":0,"created_at":"Mon Sep 12 05:32:08 +0000 2011","favourites_count":12851,"utc_offset":-28800,"time_zone":"Pacific Time (US & Canada)","geo_enabled":true,"verified":false,"statuses_count":19174,"lang":"en","contributors_enabled":false,"is_translator":false,"is_translation_enabled":false,"profile_background_color":"FAE05F","profile_background_image_url":"http:\/\/pbs.twimg.com\/profile_background_images\/378800000024909083\/f62a3a7b471d382a4492bab3bdfb779b.jpeg","profile_background_image_url_https":"https:\/\/pbs.twimg.com\/profile_background_images\/378800000024909083\/f62a3a7b471d382a4492bab3bdfb779b.jpeg","profile_background_tile":true,"profile_image_url":"http:\/\/pbs.twimg.com\/profile_images\/820038644840808448\/6HfRiXjq_normal.jpg","profile_image_url_https":"https:\/\/pbs.twimg.com\/profile_images\/820038644840808448\/6HfRiXjq_normal.jpg","profile_banner_url":"https:\/\/pbs.twimg.com\/profile_banners\/372123837\/1481759695","profile_link_color":"EDBF91","profile_sidebar_border_color":"FFFFFF","profile_sidebar_fill_color":"FFFFFF","profile_text_color":"707070","profile_use_background_image":true,"has_extended_profile":true,"default_profile":false,"default_profile_image":false,"following":false,"follow_request_sent":false,"notifications":false,"translator_type":"none"},"geo":null,"coordinates":null,"place":null,"contributors":null,"is_quote_status":false,"retweet_count":0,"favorite_count":0,"favorited":false,"retweeted":false,"possibly_sensitive":false,"possibly_sensitive_appealable":false,"lang":"en"}
