{"created_at":"Thu Jan 12 08:13:01 +0000 2017","id":819457140981014528,"id_str":"819457140981014528","text":"YOU AREN'T HAVING SEX NEAR ME I'LL KILL MYSELF?","truncated":false,"entities":{"hashtags":[],"symbols":[],"user_mentions":[],"urls":[]},"source":"\u003ca href=\"http:\/\/twittbot.net\/\" rel=\"nofollow\"\u003etwittbot.net\u003c\/a\u003e","in_reply_to_status_id":null,"in_reply_to_status_id_str":null,"in_reply_to_user_id":null,"in_reply_to_user_id_str":null,"in_reply_to_screen_name":null,"user":{"id":757273993485221888,"id_str":"757273993485221888","name":"oi fuck","screen_name":"ArghhBot","location":"fuck nut hell","description":"A always learning companion \ud83d\udc99","url":"https:\/\/t.co\/gh4icY8R04","entities":{"url":{"urls":[{"url":"https:\/\/t.co\/gh4icY8R04","expanded_url":"https:\/\/twitter.com\/i\/moments\/807173019256750080","display_url":"twitter.com\/i\/moments\/8071\u2026","indices":[0,23]}]},"description":{"urls":[]}},"protected":false,"followers_count":29,"friends_count":29,"listed_count":2,"created_at":"Sun Jul 24 17:59:24 +0000 2016","favourites_count":238,"utc_offset":null,"time_zone":null,"geo_enabled":false,"verified":false,"statuses_count":14813,"lang":"en","contributors_enabled":false,"is_translator":false,"is_translation_enabled":false,"profile_background_color":"000000","profile_background_image_url":"http:\/\/abs.twimg.com\/images\/themes\/theme1\/bg.png","profile_background_image_url_https":"https:\/\/abs.twimg.com\/images\/themes\/theme1\/bg.png","profile_background_tile":false,"profile_image_url":"http:\/\/pbs.twimg.com\/profile_images\/795617972408619008\/MlbG-Du8_normal.jpg","profile_image_url_https":"https:\/\/pbs.twimg.com\/profile_images\/795617972408619008\/MlbG-Du8_normal.jpg","profile_banner_url":"https:\/\/pbs.twimg.com\/profile_banners\/757273993485221888\/1478524797","profile_link_color":"981CEB","profile_sidebar_border_color":"000000","profile_sidebar_fill_color":"000000","profile_text_color":"000000","profile_use_background_image":false,"has_extended_profile":false,"default_profile":false,"default_profile_image":false,"following":false,"follow_request_sent":false,"notifications":false,"translator_type":"none"},"geo":null,"coordinates":null,"place":null,"contributors":null,"is_quote_status":false,"retweet_count":0,"favorite_count":0,"favorited":false,"retweeted":false,"lang":"en"}
