{"created_at":"Thu Jan 12 08:13:05 +0000 2017","id":819457155631902720,"id_str":"819457155631902720","text":"I think my blood is made from trance music because it flows through my veins and keeps me from going insane. #trancefamily","truncated":false,"entities":{"hashtags":[{"text":"trancefamily","indices":[109,122]}],"symbols":[],"user_mentions":[],"urls":[]},"source":"\u003ca href=\"http:\/\/twitter.com\" rel=\"nofollow\"\u003eTwitter Web Client\u003c\/a\u003e","in_reply_to_status_id":null,"in_reply_to_status_id_str":null,"in_reply_to_user_id":null,"in_reply_to_user_id_str":null,"in_reply_to_screen_name":null,"user":{"id":17604216,"id_str":"17604216","name":"Alanna L.P.","screen_name":"alannalp","location":"Denver, CO","description":"Hula hooper, manager at OVW, fire & burlesque dancer, writer\/occultist, tarot reader, artist, magician\/witch, traveler, activist, fashionista & bad ass dreamer.","url":"https:\/\/t.co\/msxltseJc0","entities":{"url":{"urls":[{"url":"https:\/\/t.co\/msxltseJc0","expanded_url":"http:\/\/www.magdalenatarotinc.com","display_url":"magdalenatarotinc.com","indices":[0,23]}]},"description":{"urls":[]}},"protected":false,"followers_count":2143,"friends_count":2056,"listed_count":129,"created_at":"Mon Nov 24 23:16:53 +0000 2008","favourites_count":16224,"utc_offset":-18000,"time_zone":"Eastern Time (US & Canada)","geo_enabled":true,"verified":false,"statuses_count":32584,"lang":"en","contributors_enabled":false,"is_translator":false,"is_translation_enabled":false,"profile_background_color":"000000","profile_background_image_url":"http:\/\/pbs.twimg.com\/profile_background_images\/576037635\/n52ko9dbwvqgzjm5npke.jpeg","profile_background_image_url_https":"https:\/\/pbs.twimg.com\/profile_background_images\/576037635\/n52ko9dbwvqgzjm5npke.jpeg","profile_background_tile":true,"profile_image_url":"http:\/\/pbs.twimg.com\/profile_images\/816780036795568128\/QwgP0oge_normal.jpg","profile_image_url_https":"https:\/\/pbs.twimg.com\/profile_images\/816780036795568128\/QwgP0oge_normal.jpg","profile_banner_url":"https:\/\/pbs.twimg.com\/profile_banners\/17604216\/1483570804","profile_link_color":"981CEB","profile_sidebar_border_color":"000000","profile_sidebar_fill_color":"000000","profile_text_color":"D723A4","profile_use_background_image":true,"has_extended_profile":false,"default_profile":false,"default_profile_image":false,"following":false,"follow_request_sent":false,"notifications":false,"translator_type":"none"},"geo":null,"coordinates":null,"place":null,"contributors":null,"is_quote_status":false,"retweet_count":0,"favorite_count":1,"favorited":false,"retweeted":false,"lang":"en"}
