{"created_at":"Thu Jan 12 08:13:04 +0000 2017","id":819457154117681152,"id_str":"819457154117681152","text":"@beatking__ not too bad, quality is worth it, especially on a sleeve. I'm going to have all mine done there","truncated":false,"entities":{"hashtags":[],"symbols":[],"user_mentions":[{"screen_name":"beatking__","name":"BIG ROD\ud83c\udfcc\ud83c\udffd","id":1958086316,"id_str":"1958086316","indices":[0,11]}],"urls":[]},"source":"\u003ca href=\"http:\/\/twitter.com\/download\/iphone\" rel=\"nofollow\"\u003eTwitter for iPhone\u003c\/a\u003e","in_reply_to_status_id":819456948974317569,"in_reply_to_status_id_str":"819456948974317569","in_reply_to_user_id":1958086316,"in_reply_to_user_id_str":"1958086316","in_reply_to_screen_name":"beatking__","user":{"id":1222227121,"id_str":"1222227121","name":"LumberJace\u2692","screen_name":"JayloHerrington","location":"Nacogdoches, TX","description":"Migos.| Brothers By Choice.| Empire.| Mountain Dew Enthusiast.| \u0398\u03a7 Recruitment Chair @SFASU.| Freelance Finger-Popper.| sc: jaceherrington .|","url":null,"entities":{"description":{"urls":[]}},"protected":false,"followers_count":1226,"friends_count":1036,"listed_count":10,"created_at":"Tue Feb 26 15:57:36 +0000 2013","favourites_count":15653,"utc_offset":-18000,"time_zone":"Eastern Time (US & Canada)","geo_enabled":true,"verified":false,"statuses_count":29764,"lang":"en","contributors_enabled":false,"is_translator":false,"is_translation_enabled":false,"profile_background_color":"000000","profile_background_image_url":"http:\/\/abs.twimg.com\/images\/themes\/theme1\/bg.png","profile_background_image_url_https":"https:\/\/abs.twimg.com\/images\/themes\/theme1\/bg.png","profile_background_tile":false,"profile_image_url":"http:\/\/pbs.twimg.com\/profile_images\/810588664220807172\/4iMewHKC_normal.jpg","profile_image_url_https":"https:\/\/pbs.twimg.com\/profile_images\/810588664220807172\/4iMewHKC_normal.jpg","profile_banner_url":"https:\/\/pbs.twimg.com\/profile_banners\/1222227121\/1483492428","profile_link_color":"9266CC","profile_sidebar_border_color":"000000","profile_sidebar_fill_color":"000000","profile_text_color":"000000","profile_use_background_image":false,"has_extended_profile":true,"default_profile":false,"default_profile_image":false,"following":false,"follow_request_sent":false,"notifications":false,"translator_type":"none"},"geo":null,"coordinates":null,"place":null,"contributors":null,"is_quote_status":false,"retweet_count":0,"favorite_count":1,"favorited":false,"retweeted":false,"lang":"en"}
