{"created_at":"Thu Jan 12 08:13:04 +0000 2017","id":819457151395504128,"id_str":"819457151395504128","text":"I just don't want to try so hard anymore.","truncated":false,"entities":{"hashtags":[],"symbols":[],"user_mentions":[],"urls":[]},"source":"\u003ca href=\"http:\/\/twitter.com\/download\/android\" rel=\"nofollow\"\u003eTwitter for Android\u003c\/a\u003e","in_reply_to_status_id":null,"in_reply_to_status_id_str":null,"in_reply_to_user_id":null,"in_reply_to_user_id_str":null,"in_reply_to_screen_name":null,"user":{"id":797381148024242176,"id_str":"797381148024242176","name":"Jacqueline Oh","screen_name":"jacqueline_ohhh","location":"","description":"You ask 'What makes me special?', why don't you just find out for yourself?","url":null,"entities":{"description":{"urls":[]}},"protected":false,"followers_count":32,"friends_count":85,"listed_count":0,"created_at":"Sat Nov 12 10:10:55 +0000 2016","favourites_count":15,"utc_offset":null,"time_zone":null,"geo_enabled":false,"verified":false,"statuses_count":34,"lang":"en","contributors_enabled":false,"is_translator":false,"is_translation_enabled":false,"profile_background_color":"F5F8FA","profile_background_image_url":null,"profile_background_image_url_https":null,"profile_background_tile":false,"profile_image_url":"http:\/\/pbs.twimg.com\/profile_images\/797390780423770113\/UM3knEL8_normal.jpg","profile_image_url_https":"https:\/\/pbs.twimg.com\/profile_images\/797390780423770113\/UM3knEL8_normal.jpg","profile_banner_url":"https:\/\/pbs.twimg.com\/profile_banners\/797381148024242176\/1478947001","profile_link_color":"1DA1F2","profile_sidebar_border_color":"C0DEED","profile_sidebar_fill_color":"DDEEF6","profile_text_color":"333333","profile_use_background_image":true,"has_extended_profile":true,"default_profile":true,"default_profile_image":false,"following":false,"follow_request_sent":false,"notifications":false,"translator_type":"none"},"geo":null,"coordinates":null,"place":null,"contributors":null,"is_quote_status":false,"retweet_count":0,"favorite_count":0,"favorited":false,"retweeted":false,"lang":"en"}
