{"created_at":"Thu Jan 12 08:13:05 +0000 2017","id":819457157024215040,"id_str":"819457157024215040","text":"\u7f8e\u5263\u300c\u4ffa\u3001\u5f92\u7af6\u8d70\u3067\u4e00\u4f4d\u306b\u306a\u3063\u305f\u3093\u3060\u30bc\uff01\u300d\n\n\u62d3\u4e5f\u300e\u306f\u3057\u3083\u3050\u306a\u30a6\u30b8\u866b\u300f\n\n\u82f1\u6587\uff1a\u300cI finished the race in first place !\u300d\n\n\u300eShut up filthy scum\u300f","truncated":false,"entities":{"hashtags":[],"symbols":[],"user_mentions":[],"urls":[]},"source":"\u003ca href=\"http:\/\/twittbot.net\/\" rel=\"nofollow\"\u003etwittbot.net\u003c\/a\u003e","in_reply_to_status_id":null,"in_reply_to_status_id_str":null,"in_reply_to_user_id":null,"in_reply_to_user_id_str":null,"in_reply_to_screen_name":null,"user":{"id":751390290733174784,"id_str":"751390290733174784","name":"\u5b66\u5712\u30cf\u30f3\u30b5\u30e0\u306e\u30af\u30bd\u307f\u305f\u3044\u306a\u82f1\u6587","screen_name":"agononagaieigo","location":"","description":"\u5185\u5bb9\u306f@\u6765\u4e16\u4f7f\u3048\u308b\uff01\u30af\u30bd\u307f\u305f\u3044\u306a\u82f1\u6587(@yuumeijinbot)\u69d8\u3088\u308a\u30b3\u30d4\u30da\u3057\u3066\u304a\u308a\u307e\u3059\u3002\u3054\u4e86\u627f\u304f\u3060\u3055\u3044\u3002","url":null,"entities":{"description":{"urls":[]}},"protected":false,"followers_count":146,"friends_count":131,"listed_count":1,"created_at":"Fri Jul 08 12:19:40 +0000 2016","favourites_count":0,"utc_offset":null,"time_zone":null,"geo_enabled":false,"verified":false,"statuses_count":1075,"lang":"en","contributors_enabled":false,"is_translator":false,"is_translation_enabled":false,"profile_background_color":"F5F8FA","profile_background_image_url":null,"profile_background_image_url_https":null,"profile_background_tile":false,"profile_image_url":"http:\/\/pbs.twimg.com\/profile_images\/751392900886335489\/abNq2BdF_normal.jpg","profile_image_url_https":"https:\/\/pbs.twimg.com\/profile_images\/751392900886335489\/abNq2BdF_normal.jpg","profile_link_color":"1DA1F2","profile_sidebar_border_color":"C0DEED","profile_sidebar_fill_color":"DDEEF6","profile_text_color":"333333","profile_use_background_image":true,"has_extended_profile":false,"default_profile":true,"default_profile_image":false,"following":false,"follow_request_sent":false,"notifications":false,"translator_type":"none"},"geo":null,"coordinates":null,"place":null,"contributors":null,"is_quote_status":false,"retweet_count":1,"favorite_count":2,"favorited":false,"retweeted":false,"lang":"ja"}
