{"created_at":"Thu Jan 12 08:13:03 +0000 2017","id":819457148656775168,"id_str":"819457148656775168","text":"i don't wanna be up rn\ud83d\ude2d but i cant fall asleep","truncated":false,"entities":{"hashtags":[],"symbols":[],"user_mentions":[],"urls":[]},"source":"\u003ca href=\"http:\/\/twitter.com\/download\/iphone\" rel=\"nofollow\"\u003eTwitter for iPhone\u003c\/a\u003e","in_reply_to_status_id":null,"in_reply_to_status_id_str":null,"in_reply_to_user_id":null,"in_reply_to_user_id_str":null,"in_reply_to_screen_name":null,"user":{"id":289694289,"id_str":"289694289","name":"icemasterflex\u2744\ufe0f","screen_name":"iconicICI_","location":"","description":"ju lub meh\u2728 #selu19 sc:iceyeezy","url":null,"entities":{"description":{"urls":[]}},"protected":false,"followers_count":3418,"friends_count":1178,"listed_count":8,"created_at":"Fri Apr 29 02:15:37 +0000 2011","favourites_count":1755,"utc_offset":-21600,"time_zone":"Central Time (US & Canada)","geo_enabled":true,"verified":false,"statuses_count":71896,"lang":"en","contributors_enabled":false,"is_translator":false,"is_translation_enabled":false,"profile_background_color":"12E0E0","profile_background_image_url":"http:\/\/pbs.twimg.com\/profile_background_images\/435852774\/395930_329402517112316_100001277125800_931408_1102366575_n-1.jpg","profile_background_image_url_https":"https:\/\/pbs.twimg.com\/profile_background_images\/435852774\/395930_329402517112316_100001277125800_931408_1102366575_n-1.jpg","profile_background_tile":false,"profile_image_url":"http:\/\/pbs.twimg.com\/profile_images\/814372546606931968\/qgjlEklL_normal.jpg","profile_image_url_https":"https:\/\/pbs.twimg.com\/profile_images\/814372546606931968\/qgjlEklL_normal.jpg","profile_banner_url":"https:\/\/pbs.twimg.com\/profile_banners\/289694289\/1483596029","profile_link_color":"1CEB09","profile_sidebar_border_color":"000000","profile_sidebar_fill_color":"DDEEF6","profile_text_color":"000000","profile_use_background_image":false,"has_extended_profile":true,"default_profile":false,"default_profile_image":false,"following":false,"follow_request_sent":false,"notifications":false,"translator_type":"none"},"geo":null,"coordinates":null,"place":null,"contributors":null,"is_quote_status":false,"retweet_count":5,"favorite_count":1,"favorited":false,"retweeted":false,"lang":"en"}
