{"created_at":"Thu Jan 12 08:13:01 +0000 2017","id":819457140247044097,"id_str":"819457140247044097","text":"I thought BPI's the worst bank ever but wait... @metrobankcardph @MBFIPhils METROBANK BASURA","truncated":false,"entities":{"hashtags":[],"symbols":[],"user_mentions":[{"screen_name":"metrobankcardph","name":"Metrobank Card","id":1558831680,"id_str":"1558831680","indices":[48,64]},{"screen_name":"MBFIPhils","name":"Metrobank Foundation","id":855751645,"id_str":"855751645","indices":[65,75]}],"urls":[]},"source":"\u003ca href=\"http:\/\/twitter.com\/download\/iphone\" rel=\"nofollow\"\u003eTwitter for iPhone\u003c\/a\u003e","in_reply_to_status_id":null,"in_reply_to_status_id_str":null,"in_reply_to_user_id":null,"in_reply_to_user_id_str":null,"in_reply_to_screen_name":null,"user":{"id":142685568,"id_str":"142685568","name":"Bryan Balajadia","screen_name":"bbalajadia1992","location":"Bonifacio Global City PH","description":"Random walk","url":"https:\/\/t.co\/8eAmzkHvuB","entities":{"url":{"urls":[{"url":"https:\/\/t.co\/8eAmzkHvuB","expanded_url":"http:\/\/bryanbalajadia.wordpress.com","display_url":"bryanbalajadia.wordpress.com","indices":[0,23]}]},"description":{"urls":[]}},"protected":false,"followers_count":53,"friends_count":205,"listed_count":6,"created_at":"Tue May 11 13:47:53 +0000 2010","favourites_count":259,"utc_offset":28800,"time_zone":"Hong Kong","geo_enabled":true,"verified":false,"statuses_count":1319,"lang":"en","contributors_enabled":false,"is_translator":false,"is_translation_enabled":false,"profile_background_color":"131516","profile_background_image_url":"http:\/\/abs.twimg.com\/images\/themes\/theme14\/bg.gif","profile_background_image_url_https":"https:\/\/abs.twimg.com\/images\/themes\/theme14\/bg.gif","profile_background_tile":true,"profile_image_url":"http:\/\/pbs.twimg.com\/profile_images\/796023792451469312\/3ENnPGXG_normal.jpg","profile_image_url_https":"https:\/\/pbs.twimg.com\/profile_images\/796023792451469312\/3ENnPGXG_normal.jpg","profile_banner_url":"https:\/\/pbs.twimg.com\/profile_banners\/142685568\/1474346764","profile_link_color":"009999","profile_sidebar_border_color":"EEEEEE","profile_sidebar_fill_color":"EFEFEF","profile_text_color":"333333","profile_use_background_image":true,"has_extended_profile":false,"default_profile":false,"default_profile_image":false,"following":false,"follow_request_sent":false,"notifications":false,"translator_type":"none"},"geo":null,"coordinates":null,"place":null,"contributors":null,"is_quote_status":false,"retweet_count":0,"favorite_count":0,"favorited":false,"retweeted":false,"lang":"en"}
