{"created_at":"Thu Jan 12 08:13:02 +0000 2017","id":819457145209024512,"id_str":"819457145209024512","text":"8 new followers in the last week and it is more than just stats, I use it for growing my account! Try it https:\/\/t.co\/cWBwe7r0qz","truncated":false,"entities":{"hashtags":[],"symbols":[],"user_mentions":[],"urls":[{"url":"https:\/\/t.co\/cWBwe7r0qz","expanded_url":"http:\/\/www.crowdfireapp.com\/?r=tw","display_url":"crowdfireapp.com\/?r=tw","indices":[105,128]}]},"source":"\u003ca href=\"http:\/\/www.crowdfireapp.com\" rel=\"nofollow\"\u003eCrowdfire App\u003c\/a\u003e","in_reply_to_status_id":null,"in_reply_to_status_id_str":null,"in_reply_to_user_id":null,"in_reply_to_user_id_str":null,"in_reply_to_screen_name":null,"user":{"id":1974045973,"id_str":"1974045973","name":"KobbyGig","screen_name":"GigKobby","location":"West Trassaco","description":"CEO of GigNation,and an actor +233244578363 on whatsapp#24D61F88 on BBM...hit me on any of this n let's chat","url":"https:\/\/t.co\/wgUcUPSRjr","entities":{"url":{"urls":[{"url":"https:\/\/t.co\/wgUcUPSRjr","expanded_url":"http:\/\/www.gignation.com.gh","display_url":"gignation.com.gh","indices":[0,23]}]},"description":{"urls":[]}},"protected":false,"followers_count":777,"friends_count":784,"listed_count":3,"created_at":"Sun Oct 20 06:01:24 +0000 2013","favourites_count":574,"utc_offset":null,"time_zone":null,"geo_enabled":false,"verified":false,"statuses_count":2919,"lang":"en","contributors_enabled":false,"is_translator":false,"is_translation_enabled":false,"profile_background_color":"C0DEED","profile_background_image_url":"http:\/\/abs.twimg.com\/images\/themes\/theme1\/bg.png","profile_background_image_url_https":"https:\/\/abs.twimg.com\/images\/themes\/theme1\/bg.png","profile_background_tile":false,"profile_image_url":"http:\/\/pbs.twimg.com\/profile_images\/808034842264879104\/Fd_7wC7C_normal.jpg","profile_image_url_https":"https:\/\/pbs.twimg.com\/profile_images\/808034842264879104\/Fd_7wC7C_normal.jpg","profile_banner_url":"https:\/\/pbs.twimg.com\/profile_banners\/1974045973\/1427438021","profile_link_color":"1DA1F2","profile_sidebar_border_color":"C0DEED","profile_sidebar_fill_color":"DDEEF6","profile_text_color":"333333","profile_use_background_image":true,"has_extended_profile":true,"default_profile":true,"default_profile_image":false,"following":false,"follow_request_sent":false,"notifications":false,"translator_type":"none"},"geo":null,"coordinates":null,"place":null,"contributors":null,"is_quote_status":false,"retweet_count":0,"favorite_count":0,"favorited":false,"retweeted":false,"possibly_sensitive":false,"possibly_sensitive_appealable":false,"lang":"en"}
