{"created_at":"Thu Jan 12 08:13:05 +0000 2017","id":819457155623428097,"id_str":"819457155623428097","text":"Is anyone online I can Talk to \ud83d\ude14","truncated":false,"entities":{"hashtags":[],"symbols":[],"user_mentions":[],"urls":[]},"source":"\u003ca href=\"http:\/\/twitter.com\/download\/android\" rel=\"nofollow\"\u003eTwitter for Android\u003c\/a\u003e","in_reply_to_status_id":null,"in_reply_to_status_id_str":null,"in_reply_to_user_id":null,"in_reply_to_user_id_str":null,"in_reply_to_screen_name":null,"user":{"id":807494075066843137,"id_str":"807494075066843137","name":"Becky's Princess","screen_name":"201DreamSlaying","location":"Paramus, NJ","description":"\/ Works At @World1Wrestling \/ Taken by @StraightFiyaBex \/ Pizza Lover \/ Goofball \/ Gangsta \/ lesbian \/ Best Friend: @FatalFantasyWWE","url":null,"entities":{"description":{"urls":[]}},"protected":false,"followers_count":559,"friends_count":356,"listed_count":1,"created_at":"Sat Dec 10 07:56:04 +0000 2016","favourites_count":619,"utc_offset":-28800,"time_zone":"Pacific Time (US & Canada)","geo_enabled":false,"verified":false,"statuses_count":1628,"lang":"en","contributors_enabled":false,"is_translator":false,"is_translation_enabled":false,"profile_background_color":"000000","profile_background_image_url":"http:\/\/abs.twimg.com\/images\/themes\/theme1\/bg.png","profile_background_image_url_https":"https:\/\/abs.twimg.com\/images\/themes\/theme1\/bg.png","profile_background_tile":false,"profile_image_url":"http:\/\/pbs.twimg.com\/profile_images\/820315256266301440\/Nx6EvmzX_normal.jpg","profile_image_url_https":"https:\/\/pbs.twimg.com\/profile_images\/820315256266301440\/Nx6EvmzX_normal.jpg","profile_banner_url":"https:\/\/pbs.twimg.com\/profile_banners\/807494075066843137\/1484347082","profile_link_color":"117733","profile_sidebar_border_color":"000000","profile_sidebar_fill_color":"000000","profile_text_color":"000000","profile_use_background_image":false,"has_extended_profile":false,"default_profile":false,"default_profile_image":false,"following":false,"follow_request_sent":false,"notifications":false,"translator_type":"none"},"geo":null,"coordinates":null,"place":null,"contributors":null,"is_quote_status":false,"retweet_count":0,"favorite_count":3,"favorited":false,"retweeted":false,"lang":"en"}
