{"created_at":"Thu Jan 12 08:13:04 +0000 2017","id":819457151835967489,"id_str":"819457151835967489","text":"i don't recall taking a \"social skills\" class in public grade school, so i don't think it's necessary to bag on people for being awkward","truncated":false,"entities":{"hashtags":[],"symbols":[],"user_mentions":[],"urls":[]},"source":"\u003ca href=\"http:\/\/twitter.com\/download\/iphone\" rel=\"nofollow\"\u003eTwitter for iPhone\u003c\/a\u003e","in_reply_to_status_id":null,"in_reply_to_status_id_str":null,"in_reply_to_user_id":null,"in_reply_to_user_id_str":null,"in_reply_to_screen_name":null,"user":{"id":3047422383,"id_str":"3047422383","name":"dirtball","screen_name":"brissdali","location":"slime city, USA ","description":"would rather be petting dogs","url":"https:\/\/t.co\/q7L1WvQQsf","entities":{"url":{"urls":[{"url":"https:\/\/t.co\/q7L1WvQQsf","expanded_url":"http:\/\/Instagram.com\/brissdali","display_url":"Instagram.com\/brissdali","indices":[0,23]}]},"description":{"urls":[]}},"protected":false,"followers_count":194,"friends_count":271,"listed_count":2,"created_at":"Fri Feb 20 17:53:03 +0000 2015","favourites_count":10696,"utc_offset":-21600,"time_zone":"Central Time (US & Canada)","geo_enabled":false,"verified":false,"statuses_count":3408,"lang":"en","contributors_enabled":false,"is_translator":false,"is_translation_enabled":false,"profile_background_color":"1A1B1F","profile_background_image_url":"http:\/\/abs.twimg.com\/images\/themes\/theme9\/bg.gif","profile_background_image_url_https":"https:\/\/abs.twimg.com\/images\/themes\/theme9\/bg.gif","profile_background_tile":false,"profile_image_url":"http:\/\/pbs.twimg.com\/profile_images\/812186488209375233\/UZBD2wah_normal.jpg","profile_image_url_https":"https:\/\/pbs.twimg.com\/profile_images\/812186488209375233\/UZBD2wah_normal.jpg","profile_banner_url":"https:\/\/pbs.twimg.com\/profile_banners\/3047422383\/1480920164","profile_link_color":"737664","profile_sidebar_border_color":"000000","profile_sidebar_fill_color":"000000","profile_text_color":"000000","profile_use_background_image":true,"has_extended_profile":false,"default_profile":false,"default_profile_image":false,"following":false,"follow_request_sent":false,"notifications":false,"translator_type":"none"},"geo":null,"coordinates":null,"place":null,"contributors":null,"is_quote_status":false,"retweet_count":0,"favorite_count":3,"favorited":false,"retweeted":false,"lang":"en"}
