{"created_at":"Thu Jan 12 08:13:02 +0000 2017","id":819457144462471170,"id_str":"819457144462471170","text":"Pic I took of my best friend Alesha #beautiful https:\/\/t.co\/2yWde9ef5c","truncated":false,"entities":{"hashtags":[{"text":"beautiful","indices":[36,46]}],"symbols":[],"user_mentions":[],"urls":[{"url":"https:\/\/t.co\/2yWde9ef5c","expanded_url":"https:\/\/www.instagram.com\/p\/BPKD09MgNUi\/","display_url":"instagram.com\/p\/BPKD09MgNUi\/","indices":[47,70]}]},"source":"\u003ca href=\"http:\/\/instagram.com\" rel=\"nofollow\"\u003eInstagram\u003c\/a\u003e","in_reply_to_status_id":null,"in_reply_to_status_id_str":null,"in_reply_to_user_id":null,"in_reply_to_user_id_str":null,"in_reply_to_screen_name":null,"user":{"id":563918540,"id_str":"563918540","name":"Kelly Pellett","screen_name":"kelly_kaine","location":"Wisconsin","description":"https:\/\/t.co\/rnspZDYlvW","url":null,"entities":{"description":{"urls":[{"url":"https:\/\/t.co\/rnspZDYlvW","expanded_url":"http:\/\/www.facebook.com\/kpellett22","display_url":"facebook.com\/kpellett22","indices":[0,23]}]}},"protected":false,"followers_count":217,"friends_count":459,"listed_count":3,"created_at":"Thu Apr 26 18:03:42 +0000 2012","favourites_count":652,"utc_offset":null,"time_zone":null,"geo_enabled":true,"verified":false,"statuses_count":1229,"lang":"en","contributors_enabled":false,"is_translator":false,"is_translation_enabled":false,"profile_background_color":"C0DEED","profile_background_image_url":"http:\/\/abs.twimg.com\/images\/themes\/theme1\/bg.png","profile_background_image_url_https":"https:\/\/abs.twimg.com\/images\/themes\/theme1\/bg.png","profile_background_tile":false,"profile_image_url":"http:\/\/pbs.twimg.com\/profile_images\/778823812125069312\/IRdscBQ1_normal.jpg","profile_image_url_https":"https:\/\/pbs.twimg.com\/profile_images\/778823812125069312\/IRdscBQ1_normal.jpg","profile_banner_url":"https:\/\/pbs.twimg.com\/profile_banners\/563918540\/1468368151","profile_link_color":"1DA1F2","profile_sidebar_border_color":"C0DEED","profile_sidebar_fill_color":"DDEEF6","profile_text_color":"333333","profile_use_background_image":true,"has_extended_profile":true,"default_profile":true,"default_profile_image":false,"following":false,"follow_request_sent":false,"notifications":false,"translator_type":"none"},"geo":null,"coordinates":null,"place":null,"contributors":null,"is_quote_status":false,"retweet_count":0,"favorite_count":0,"favorited":false,"retweeted":false,"possibly_sensitive":false,"possibly_sensitive_appealable":false,"lang":"en"}
