{"created_at":"Thu Jan 12 08:13:04 +0000 2017","id":819457150204248064,"id_str":"819457150204248064","text":"I'm lowkey trying to eat healthy; drinking water, eating salads and shit, idk. This ain't no joke.","truncated":false,"entities":{"hashtags":[],"symbols":[],"user_mentions":[],"urls":[]},"source":"\u003ca href=\"http:\/\/twitter.com\/download\/iphone\" rel=\"nofollow\"\u003eTwitter for iPhone\u003c\/a\u003e","in_reply_to_status_id":null,"in_reply_to_status_id_str":null,"in_reply_to_user_id":null,"in_reply_to_user_id_str":null,"in_reply_to_screen_name":null,"user":{"id":227925076,"id_str":"227925076","name":"sadbwoy","screen_name":"wavynickyb","location":"","description":"seriously, who cares.","url":"https:\/\/t.co\/i1LwqUEbel","entities":{"url":{"urls":[{"url":"https:\/\/t.co\/i1LwqUEbel","expanded_url":"http:\/\/yaboy-97.tumblr.com","display_url":"yaboy-97.tumblr.com","indices":[0,23]}]},"description":{"urls":[]}},"protected":false,"followers_count":1149,"friends_count":1021,"listed_count":4,"created_at":"Sat Dec 18 06:10:44 +0000 2010","favourites_count":51015,"utc_offset":-21600,"time_zone":"Central Time (US & Canada)","geo_enabled":true,"verified":false,"statuses_count":59834,"lang":"en","contributors_enabled":false,"is_translator":false,"is_translation_enabled":false,"profile_background_color":"ADABAB","profile_background_image_url":"http:\/\/pbs.twimg.com\/profile_background_images\/378800000150919812\/45vP0S7x.jpeg","profile_background_image_url_https":"https:\/\/pbs.twimg.com\/profile_background_images\/378800000150919812\/45vP0S7x.jpeg","profile_background_tile":true,"profile_image_url":"http:\/\/pbs.twimg.com\/profile_images\/810116861635522560\/zkbQ9jSr_normal.jpg","profile_image_url_https":"https:\/\/pbs.twimg.com\/profile_images\/810116861635522560\/zkbQ9jSr_normal.jpg","profile_banner_url":"https:\/\/pbs.twimg.com\/profile_banners\/227925076\/1483386533","profile_link_color":"DB0F20","profile_sidebar_border_color":"FFFFFF","profile_sidebar_fill_color":"FFFFFF","profile_text_color":"333333","profile_use_background_image":true,"has_extended_profile":false,"default_profile":false,"default_profile_image":false,"following":false,"follow_request_sent":false,"notifications":false,"translator_type":"none"},"geo":null,"coordinates":null,"place":null,"contributors":null,"is_quote_status":false,"retweet_count":0,"favorite_count":4,"favorited":false,"retweeted":false,"lang":"en"}
