{"created_at":"Thu Jan 12 08:13:05 +0000 2017","id":819457158270091264,"id_str":"819457158270091264","text":"don't know what I ever did without him \ud83d\udc95 https:\/\/t.co\/WGcIry5ZrU","truncated":false,"entities":{"hashtags":[],"symbols":[],"user_mentions":[],"urls":[],"media":[{"id":819457155900252160,"id_str":"819457155900252160","indices":[41,64],"media_url":"http:\/\/pbs.twimg.com\/media\/C19L8Q4WIAA7-Tf.jpg","media_url_https":"https:\/\/pbs.twimg.com\/media\/C19L8Q4WIAA7-Tf.jpg","url":"https:\/\/t.co\/WGcIry5ZrU","display_url":"pic.twitter.com\/WGcIry5ZrU","expanded_url":"https:\/\/twitter.com\/silverlxning\/status\/819457158270091264\/photo\/1","type":"photo","sizes":{"thumb":{"w":150,"h":150,"resize":"crop"},"small":{"w":640,"h":335,"resize":"fit"},"large":{"w":640,"h":335,"resize":"fit"},"medium":{"w":640,"h":335,"resize":"fit"}}}]},"extended_entities":{"media":[{"id":819457155900252160,"id_str":"819457155900252160","indices":[41,64],"media_url":"http:\/\/pbs.twimg.com\/media\/C19L8Q4WIAA7-Tf.jpg","media_url_https":"https:\/\/pbs.twimg.com\/media\/C19L8Q4WIAA7-Tf.jpg","url":"https:\/\/t.co\/WGcIry5ZrU","display_url":"pic.twitter.com\/WGcIry5ZrU","expanded_url":"https:\/\/twitter.com\/silverlxning\/status\/819457158270091264\/photo\/1","type":"photo","sizes":{"thumb":{"w":150,"h":150,"resize":"crop"},"small":{"w":640,"h":335,"resize":"fit"},"large":{"w":640,"h":335,"resize":"fit"},"medium":{"w":640,"h":335,"resize":"fit"}}}]},"source":"\u003ca href=\"http:\/\/twitter.com\/download\/iphone\" rel=\"nofollow\"\u003eTwitter for iPhone\u003c\/a\u003e","in_reply_to_status_id":null,"in_reply_to_status_id_str":null,"in_reply_to_user_id":null,"in_reply_to_user_id_str":null,"in_reply_to_screen_name":null,"user":{"id":1513198922,"id_str":"1513198922","name":"chel","screen_name":"silverlxning","location":"Newcastle Upon Tyne, England","description":"girls n Xbox \/\/ I have a little obsession with exo","url":null,"entities":{"description":{"urls":[]}},"protected":false,"followers_count":1471,"friends_count":1116,"listed_count":4,"created_at":"Thu Jun 13 11:58:37 +0000 2013","favourites_count":2220,"utc_offset":3600,"time_zone":"Amsterdam","geo_enabled":false,"verified":false,"statuses_count":21129,"lang":"en","contributors_enabled":false,"is_translator":false,"is_translation_enabled":false,"profile_background_color":"040505","profile_background_image_url":"http:\/\/pbs.twimg.com\/profile_background_images\/519270378049257472\/3zNc4L-J.jpeg","profile_background_image_url_https":"https:\/\/pbs.twimg.com\/profile_background_images\/519270378049257472\/3zNc4L-J.jpeg","profile_background_tile":true,"profile_image_url":"http:\/\/pbs.twimg.com\/profile_images\/818821571615789056\/HrEjjAR4_normal.jpg","profile_image_url_https":"https:\/\/pbs.twimg.com\/profile_images\/818821571615789056\/HrEjjAR4_normal.jpg","profile_banner_url":"https:\/\/pbs.twimg.com\/profile_banners\/1513198922\/1483576025","profile_link_color":"981CEB","profile_sidebar_border_color":"000000","profile_sidebar_fill_color":"DDEEF6","profile_text_color":"333333","profile_use_background_image":true,"has_extended_profile":true,"default_profile":false,"default_profile_image":false,"following":false,"follow_request_sent":false,"notifications":false,"translator_type":"none"},"geo":null,"coordinates":null,"place":null,"contributors":null,"is_quote_status":false,"retweet_count":0,"favorite_count":1,"favorited":false,"retweeted":false,"possibly_sensitive":false,"possibly_sensitive_appealable":false,"lang":"en"}
