{"created_at":"Thu Jan 12 08:13:02 +0000 2017","id":819457145787809792,"id_str":"819457145787809792","text":"I stay lit, I stay fresh, &amp; You know I know I'm fly \u2728","truncated":false,"entities":{"hashtags":[],"symbols":[],"user_mentions":[],"urls":[]},"source":"\u003ca href=\"http:\/\/twitter.com\/download\/iphone\" rel=\"nofollow\"\u003eTwitter for iPhone\u003c\/a\u003e","in_reply_to_status_id":null,"in_reply_to_status_id_str":null,"in_reply_to_user_id":null,"in_reply_to_user_id_str":null,"in_reply_to_screen_name":null,"user":{"id":1117068096,"id_str":"1117068096","name":"Glo'd \u2728","screen_name":"ImJustEmm","location":"Uptown DC ","description":"I can't live without trap music, makeup tutorials, videogames, bomb weaves, and Hennessy. \u2728\u2728 IG: iegg_emm \u2728\u2728 #IEGG","url":null,"entities":{"description":{"urls":[]}},"protected":false,"followers_count":236,"friends_count":57,"listed_count":0,"created_at":"Thu Jan 24 15:36:44 +0000 2013","favourites_count":244,"utc_offset":null,"time_zone":null,"geo_enabled":true,"verified":false,"statuses_count":5500,"lang":"en","contributors_enabled":false,"is_translator":false,"is_translation_enabled":false,"profile_background_color":"C0DEED","profile_background_image_url":"http:\/\/abs.twimg.com\/images\/themes\/theme1\/bg.png","profile_background_image_url_https":"https:\/\/abs.twimg.com\/images\/themes\/theme1\/bg.png","profile_background_tile":false,"profile_image_url":"http:\/\/pbs.twimg.com\/profile_images\/819071132783575040\/Ees4tXSB_normal.jpg","profile_image_url_https":"https:\/\/pbs.twimg.com\/profile_images\/819071132783575040\/Ees4tXSB_normal.jpg","profile_banner_url":"https:\/\/pbs.twimg.com\/profile_banners\/1117068096\/1484278910","profile_link_color":"1DA1F2","profile_sidebar_border_color":"C0DEED","profile_sidebar_fill_color":"DDEEF6","profile_text_color":"333333","profile_use_background_image":true,"has_extended_profile":true,"default_profile":true,"default_profile_image":false,"following":false,"follow_request_sent":false,"notifications":false,"translator_type":"none"},"geo":null,"coordinates":null,"place":{"id":"4b656a23df9bee4a","url":"https:\/\/api.twitter.com\/1.1\/geo\/id\/4b656a23df9bee4a.json","place_type":"city","name":"Camp Springs","full_name":"Camp Springs, MD","country_code":"US","country":"United States","contained_within":[],"bounding_box":{"type":"Polygon","coordinates":[[[-76.9454945,38.768037],[-76.890929,38.768037],[-76.890929,38.835708],[-76.9454945,38.835708]]]},"attributes":{}},"contributors":null,"is_quote_status":false,"retweet_count":0,"favorite_count":1,"favorited":false,"retweeted":false,"lang":"en"}
