{"created_at":"Thu Jan 12 08:13:02 +0000 2017","id":819457143686496256,"id_str":"819457143686496256","text":"How many followers do you get everyday? I got 3 in the last week. Growing daily with https:\/\/t.co\/inSSlhRnVt","truncated":false,"entities":{"hashtags":[],"symbols":[],"user_mentions":[],"urls":[{"url":"https:\/\/t.co\/inSSlhRnVt","expanded_url":"http:\/\/www.crowdfireapp.com\/?r=tw","display_url":"crowdfireapp.com\/?r=tw","indices":[85,108]}]},"source":"\u003ca href=\"http:\/\/www.crowdfireapp.com\" rel=\"nofollow\"\u003eCrowdfire App\u003c\/a\u003e","in_reply_to_status_id":null,"in_reply_to_status_id_str":null,"in_reply_to_user_id":null,"in_reply_to_user_id_str":null,"in_reply_to_screen_name":null,"user":{"id":1285711058,"id_str":"1285711058","name":"Mind and Matter","screen_name":"UrMindandMatter","location":"Kolkata, West Bengal","description":"Result Driven #DigitalMarketing, #SocialMediaMarketing, #SEO & #SEM Services Provider In Kolkata, India Since 2003.","url":"http:\/\/t.co\/gqrdlFNbeA","entities":{"url":{"urls":[{"url":"http:\/\/t.co\/gqrdlFNbeA","expanded_url":"http:\/\/www.mindandmatter.in","display_url":"mindandmatter.in","indices":[0,22]}]},"description":{"urls":[]}},"protected":false,"followers_count":226,"friends_count":121,"listed_count":18,"created_at":"Thu Mar 21 11:12:28 +0000 2013","favourites_count":8,"utc_offset":-28800,"time_zone":"Pacific Time (US & Canada)","geo_enabled":true,"verified":false,"statuses_count":137,"lang":"en","contributors_enabled":false,"is_translator":false,"is_translation_enabled":false,"profile_background_color":"C0DEED","profile_background_image_url":"http:\/\/abs.twimg.com\/images\/themes\/theme1\/bg.png","profile_background_image_url_https":"https:\/\/abs.twimg.com\/images\/themes\/theme1\/bg.png","profile_background_tile":false,"profile_image_url":"http:\/\/pbs.twimg.com\/profile_images\/778234667526791170\/UfPzseik_normal.jpg","profile_image_url_https":"https:\/\/pbs.twimg.com\/profile_images\/778234667526791170\/UfPzseik_normal.jpg","profile_banner_url":"https:\/\/pbs.twimg.com\/profile_banners\/1285711058\/1474380810","profile_link_color":"1DA1F2","profile_sidebar_border_color":"C0DEED","profile_sidebar_fill_color":"DDEEF6","profile_text_color":"333333","profile_use_background_image":true,"has_extended_profile":false,"default_profile":true,"default_profile_image":false,"following":false,"follow_request_sent":false,"notifications":false,"translator_type":"none"},"geo":null,"coordinates":null,"place":null,"contributors":null,"is_quote_status":false,"retweet_count":0,"favorite_count":0,"favorited":false,"retweeted":false,"possibly_sensitive":false,"possibly_sensitive_appealable":false,"lang":"en"}
