{"created_at":"Thu Jan 12 08:13:01 +0000 2017","id":819457140515622912,"id_str":"819457140515622912","text":"@MrAHein Rent held. Har I haft nogen ude og observere hvordan folk g\u00e5r ift hvad der ville v\u00e6re med hensigtsm\u00e6ssigt?","truncated":false,"entities":{"hashtags":[],"symbols":[],"user_mentions":[{"screen_name":"MrAHein","name":"Andreas Hein","id":87030692,"id_str":"87030692","indices":[0,8]}],"urls":[]},"source":"\u003ca href=\"http:\/\/tapbots.com\/tweetbot\" rel=\"nofollow\"\u003eTweetbot for i\u039fS\u003c\/a\u003e","in_reply_to_status_id":819456458744020992,"in_reply_to_status_id_str":"819456458744020992","in_reply_to_user_id":87030692,"in_reply_to_user_id_str":"87030692","in_reply_to_screen_name":"MrAHein","user":{"id":16936237,"id_str":"16936237","name":"Karen Melchior \ud83d\udcce","screen_name":"karmel80","location":"K\u00f8benhavn","description":"#kbhpol kandidat til #kv17 og for Horsens til Folketinget for @radikale fokus p\u00e5 #eudk #itpol Snap: karmel80","url":"https:\/\/t.co\/7mcSxlPSFh","entities":{"url":{"urls":[{"url":"https:\/\/t.co\/7mcSxlPSFh","expanded_url":"http:\/\/karenmelchior.eu\/","display_url":"karenmelchior.eu","indices":[0,23]}]},"description":{"urls":[]}},"protected":false,"followers_count":14829,"friends_count":11673,"listed_count":721,"created_at":"Thu Oct 23 21:39:30 +0000 2008","favourites_count":35013,"utc_offset":3600,"time_zone":"Copenhagen","geo_enabled":true,"verified":false,"statuses_count":135026,"lang":"da","contributors_enabled":false,"is_translator":false,"is_translation_enabled":false,"profile_background_color":"004B8E","profile_background_image_url":"http:\/\/pbs.twimg.com\/profile_background_images\/612247135808016384\/8MH8A8yZ.jpg","profile_background_image_url_https":"https:\/\/pbs.twimg.com\/profile_background_images\/612247135808016384\/8MH8A8yZ.jpg","profile_background_tile":true,"profile_image_url":"http:\/\/pbs.twimg.com\/profile_images\/810828848245932032\/4teV4-9q_normal.jpg","profile_image_url_https":"https:\/\/pbs.twimg.com\/profile_images\/810828848245932032\/4teV4-9q_normal.jpg","profile_banner_url":"https:\/\/pbs.twimg.com\/profile_banners\/16936237\/1479110680","profile_link_color":"ED008C","profile_sidebar_border_color":"FFFFFF","profile_sidebar_fill_color":"D9C847","profile_text_color":"000000","profile_use_background_image":true,"has_extended_profile":true,"default_profile":false,"default_profile_image":false,"following":false,"follow_request_sent":false,"notifications":false,"translator_type":"none"},"geo":null,"coordinates":null,"place":null,"contributors":null,"is_quote_status":false,"retweet_count":0,"favorite_count":0,"favorited":false,"retweeted":false,"lang":"da"}
