{"created_at":"Thu Jan 12 08:13:02 +0000 2017","id":819457143455830016,"id_str":"819457143455830016","text":"Tengo que seguirme seriamente elDLIVE, que me lo empec\u00e9 cuando s\u00f3lo ten\u00eda tres cap\u00edtulos en ingl\u00e9s y me lo dej\u00e9.","truncated":false,"entities":{"hashtags":[],"symbols":[],"user_mentions":[],"urls":[]},"source":"\u003ca href=\"http:\/\/twitter.com\/download\/android\" rel=\"nofollow\"\u003eTwitter for Android\u003c\/a\u003e","in_reply_to_status_id":null,"in_reply_to_status_id_str":null,"in_reply_to_user_id":null,"in_reply_to_user_id_str":null,"in_reply_to_screen_name":null,"user":{"id":369971169,"id_str":"369971169","name":"\u2014 K I N G U \u2014","screen_name":"Flan_DeHuevo","location":"\u2653\ufe0f ","description":"\u3016Rimy \u03c8\u3017Lazy \u2022 cosplay, draw and sleep \u2022 \u3010 N A N A T S U \ud83c\udf31 T R A S H \u3011Hasta las sant\u00edsimas pecas || El Jaluk es canon","url":"https:\/\/t.co\/v8PDC5qCDJ","entities":{"url":{"urls":[{"url":"https:\/\/t.co\/v8PDC5qCDJ","expanded_url":"https:\/\/curiouscat.me\/Flan_DeHuevo","display_url":"curiouscat.me\/Flan_DeHuevo","indices":[0,23]}]},"description":{"urls":[]}},"protected":false,"followers_count":1245,"friends_count":993,"listed_count":26,"created_at":"Thu Sep 08 07:44:34 +0000 2011","favourites_count":71383,"utc_offset":-10800,"time_zone":"Greenland","geo_enabled":true,"verified":false,"statuses_count":119368,"lang":"es","contributors_enabled":false,"is_translator":false,"is_translation_enabled":false,"profile_background_color":"AEAEAE","profile_background_image_url":"http:\/\/pbs.twimg.com\/profile_background_images\/659405095780663296\/S5fCRkEc.png","profile_background_image_url_https":"https:\/\/pbs.twimg.com\/profile_background_images\/659405095780663296\/S5fCRkEc.png","profile_background_tile":false,"profile_image_url":"http:\/\/pbs.twimg.com\/profile_images\/820283239281659904\/GpuaVnN6_normal.jpg","profile_image_url_https":"https:\/\/pbs.twimg.com\/profile_images\/820283239281659904\/GpuaVnN6_normal.jpg","profile_banner_url":"https:\/\/pbs.twimg.com\/profile_banners\/369971169\/1474058976","profile_link_color":"BC3652","profile_sidebar_border_color":"FFFFFF","profile_sidebar_fill_color":"A8A8A8","profile_text_color":"FFFFFF","profile_use_background_image":true,"has_extended_profile":true,"default_profile":false,"default_profile_image":false,"following":false,"follow_request_sent":false,"notifications":false,"translator_type":"none"},"geo":null,"coordinates":null,"place":null,"contributors":null,"is_quote_status":false,"retweet_count":0,"favorite_count":2,"favorited":false,"retweeted":false,"lang":"es"}
