{"created_at":"Thu Jan 12 08:13:05 +0000 2017","id":819457157653471232,"id_str":"819457157653471232","text":"I liked a @YouTube video https:\/\/t.co\/tUAilZFwwy Hitler se entera que el Am\u00e9rica perdi\u00f3 la final 2016","truncated":false,"entities":{"hashtags":[],"symbols":[],"user_mentions":[{"screen_name":"YouTube","name":"YouTube","id":10228272,"id_str":"10228272","indices":[10,18]}],"urls":[{"url":"https:\/\/t.co\/tUAilZFwwy","expanded_url":"http:\/\/youtu.be\/tDbWoR3BZEk?a","display_url":"youtu.be\/tDbWoR3BZEk?a","indices":[25,48]}]},"source":"\u003ca href=\"http:\/\/www.google.com\/\" rel=\"nofollow\"\u003eGoogle\u003c\/a\u003e","in_reply_to_status_id":null,"in_reply_to_status_id_str":null,"in_reply_to_user_id":null,"in_reply_to_user_id_str":null,"in_reply_to_screen_name":null,"user":{"id":487740120,"id_str":"487740120","name":"Enrique Nunez Medina","screen_name":"ENunezMedina","location":"","description":"","url":null,"entities":{"description":{"urls":[]}},"protected":false,"followers_count":5,"friends_count":3,"listed_count":1,"created_at":"Thu Feb 09 17:53:11 +0000 2012","favourites_count":173,"utc_offset":null,"time_zone":null,"geo_enabled":true,"verified":false,"statuses_count":1167,"lang":"en","contributors_enabled":false,"is_translator":false,"is_translation_enabled":false,"profile_background_color":"C0DEED","profile_background_image_url":"http:\/\/abs.twimg.com\/images\/themes\/theme1\/bg.png","profile_background_image_url_https":"https:\/\/abs.twimg.com\/images\/themes\/theme1\/bg.png","profile_background_tile":false,"profile_image_url":"http:\/\/abs.twimg.com\/sticky\/default_profile_images\/default_profile_0_normal.png","profile_image_url_https":"https:\/\/abs.twimg.com\/sticky\/default_profile_images\/default_profile_0_normal.png","profile_link_color":"1DA1F2","profile_sidebar_border_color":"C0DEED","profile_sidebar_fill_color":"DDEEF6","profile_text_color":"333333","profile_use_background_image":true,"has_extended_profile":false,"default_profile":true,"default_profile_image":true,"following":false,"follow_request_sent":false,"notifications":false,"translator_type":"none"},"geo":null,"coordinates":null,"place":null,"contributors":null,"is_quote_status":false,"retweet_count":0,"favorite_count":0,"favorited":false,"retweeted":false,"possibly_sensitive":false,"possibly_sensitive_appealable":false,"lang":"es"}
