{"created_at":"Thu Jan 12 08:13:02 +0000 2017","id":819457145733283840,"id_str":"819457145733283840","text":"I'm sorry but just bc I'm single, does not mean I have any interest in talking to anyone rn \ud83d\ude02 pls respect that \ud83d\ude42 thnx.","truncated":false,"entities":{"hashtags":[],"symbols":[],"user_mentions":[],"urls":[]},"source":"\u003ca href=\"http:\/\/twitter.com\/download\/iphone\" rel=\"nofollow\"\u003eTwitter for iPhone\u003c\/a\u003e","in_reply_to_status_id":null,"in_reply_to_status_id_str":null,"in_reply_to_user_id":null,"in_reply_to_user_id_str":null,"in_reply_to_screen_name":null,"user":{"id":355994010,"id_str":"355994010","name":"Cayla","screen_name":"caylaaannn","location":"","description":"","url":null,"entities":{"description":{"urls":[]}},"protected":false,"followers_count":504,"friends_count":150,"listed_count":1,"created_at":"Tue Aug 16 05:36:30 +0000 2011","favourites_count":8496,"utc_offset":-21600,"time_zone":"Central Time (US & Canada)","geo_enabled":true,"verified":false,"statuses_count":10489,"lang":"en","contributors_enabled":false,"is_translator":false,"is_translation_enabled":false,"profile_background_color":"9AE4E8","profile_background_image_url":"http:\/\/pbs.twimg.com\/profile_background_images\/628978457\/85wsgof0ng5fr6jhwxf3.jpeg","profile_background_image_url_https":"https:\/\/pbs.twimg.com\/profile_background_images\/628978457\/85wsgof0ng5fr6jhwxf3.jpeg","profile_background_tile":true,"profile_image_url":"http:\/\/pbs.twimg.com\/profile_images\/817112952100757504\/MI8mtalB_normal.jpg","profile_image_url_https":"https:\/\/pbs.twimg.com\/profile_images\/817112952100757504\/MI8mtalB_normal.jpg","profile_banner_url":"https:\/\/pbs.twimg.com\/profile_banners\/355994010\/1483940768","profile_link_color":"0084B4","profile_sidebar_border_color":"BDDCAD","profile_sidebar_fill_color":"DDFFCC","profile_text_color":"333333","profile_use_background_image":true,"has_extended_profile":true,"default_profile":false,"default_profile_image":false,"following":false,"follow_request_sent":false,"notifications":false,"translator_type":"none"},"geo":null,"coordinates":null,"place":{"id":"3df4f427b5a60fea","url":"https:\/\/api.twitter.com\/1.1\/geo\/id\/3df4f427b5a60fea.json","place_type":"city","name":"San Antonio","full_name":"San Antonio, TX","country_code":"US","country":"United States","contained_within":[],"bounding_box":{"type":"Polygon","coordinates":[[[-98.778559,29.141956],[-98.302744,29.141956],[-98.302744,29.693046],[-98.778559,29.693046]]]},"attributes":{}},"contributors":null,"is_quote_status":false,"retweet_count":1,"favorite_count":4,"favorited":false,"retweeted":false,"lang":"en"}
