{"created_at":"Thu Jan 12 08:13:02 +0000 2017","id":819457141920636934,"id_str":"819457141920636934","text":"@Maseratiboii035 soon g I got u \ud83d\udcaf","truncated":false,"entities":{"hashtags":[],"symbols":[],"user_mentions":[{"screen_name":"Maseratiboii035","name":"Maserati Boii","id":88868935,"id_str":"88868935","indices":[0,16]}],"urls":[]},"source":"\u003ca href=\"http:\/\/twitter.com\/download\/iphone\" rel=\"nofollow\"\u003eTwitter for iPhone\u003c\/a\u003e","in_reply_to_status_id":819456796737896448,"in_reply_to_status_id_str":"819456796737896448","in_reply_to_user_id":88868935,"in_reply_to_user_id_str":"88868935","in_reply_to_screen_name":"Maseratiboii035","user":{"id":716441138,"id_str":"716441138","name":"\ud83d\udcb0$hyy $lutty\ud83d\udcb0","screen_name":"SHYYSLUTTY","location":"Chicago, IL","description":"GOD FIRST\ud83d\udccd| \ud83c\udfb6FMB THE LABEL\ud83c\udfb6 | DREAM CHA$ER\ud83c\udfc1 | #MBK | #FMB | Snapchat \ud83d\udc7bJay_Sluttyboy | IG:\u26a1\ufe0fShyySlutty\u26a1\ufe0f|","url":"https:\/\/t.co\/nqPVfmpeQX","entities":{"url":{"urls":[{"url":"https:\/\/t.co\/nqPVfmpeQX","expanded_url":"http:\/\/SOUNDCLOUD.COM\/SHYYSLUTTY","display_url":"SOUNDCLOUD.COM\/SHYYSLUTTY","indices":[0,23]}]},"description":{"urls":[]}},"protected":false,"followers_count":1365,"friends_count":805,"listed_count":4,"created_at":"Wed Jul 25 17:29:34 +0000 2012","favourites_count":3264,"utc_offset":-18000,"time_zone":"Eastern Time (US & Canada)","geo_enabled":false,"verified":false,"statuses_count":26365,"lang":"en","contributors_enabled":false,"is_translator":false,"is_translation_enabled":false,"profile_background_color":"000000","profile_background_image_url":"http:\/\/abs.twimg.com\/images\/themes\/theme14\/bg.gif","profile_background_image_url_https":"https:\/\/abs.twimg.com\/images\/themes\/theme14\/bg.gif","profile_background_tile":false,"profile_image_url":"http:\/\/pbs.twimg.com\/profile_images\/819086444736245760\/d2ucDB3D_normal.jpg","profile_image_url_https":"https:\/\/pbs.twimg.com\/profile_images\/819086444736245760\/d2ucDB3D_normal.jpg","profile_banner_url":"https:\/\/pbs.twimg.com\/profile_banners\/716441138\/1481681500","profile_link_color":"1B95E0","profile_sidebar_border_color":"000000","profile_sidebar_fill_color":"000000","profile_text_color":"000000","profile_use_background_image":false,"has_extended_profile":true,"default_profile":false,"default_profile_image":false,"following":false,"follow_request_sent":false,"notifications":false,"translator_type":"none"},"geo":null,"coordinates":null,"place":null,"contributors":null,"is_quote_status":false,"retweet_count":0,"favorite_count":0,"favorited":false,"retweeted":false,"lang":"en"}
