{"created_at":"Thu Jan 12 08:13:02 +0000 2017","id":819457141656326144,"id_str":"819457141656326144","text":"My daughter loves sleeping when I'm around. As soon as I'm gone she's up to give my family hell.","truncated":false,"entities":{"hashtags":[],"symbols":[],"user_mentions":[],"urls":[]},"source":"\u003ca href=\"https:\/\/mobile.twitter.com\" rel=\"nofollow\"\u003eMobile Web (M5)\u003c\/a\u003e","in_reply_to_status_id":null,"in_reply_to_status_id_str":null,"in_reply_to_user_id":null,"in_reply_to_user_id_str":null,"in_reply_to_screen_name":null,"user":{"id":3108715004,"id_str":"3108715004","name":"Marissa","screen_name":"yo_marxssa","location":"","description":"Ariana Maddie Lakjohn-Maddison \ud83d\udc96","url":null,"entities":{"description":{"urls":[]}},"protected":false,"followers_count":264,"friends_count":173,"listed_count":1,"created_at":"Thu Mar 26 21:21:18 +0000 2015","favourites_count":2085,"utc_offset":null,"time_zone":null,"geo_enabled":false,"verified":false,"statuses_count":7657,"lang":"en","contributors_enabled":false,"is_translator":false,"is_translation_enabled":false,"profile_background_color":"000000","profile_background_image_url":"http:\/\/abs.twimg.com\/images\/themes\/theme1\/bg.png","profile_background_image_url_https":"https:\/\/abs.twimg.com\/images\/themes\/theme1\/bg.png","profile_background_tile":false,"profile_image_url":"http:\/\/pbs.twimg.com\/profile_images\/741673497194176513\/cBdhmXFc_normal.jpg","profile_image_url_https":"https:\/\/pbs.twimg.com\/profile_images\/741673497194176513\/cBdhmXFc_normal.jpg","profile_banner_url":"https:\/\/pbs.twimg.com\/profile_banners\/3108715004\/1475937527","profile_link_color":"F58EA8","profile_sidebar_border_color":"000000","profile_sidebar_fill_color":"000000","profile_text_color":"000000","profile_use_background_image":false,"has_extended_profile":true,"default_profile":false,"default_profile_image":false,"following":false,"follow_request_sent":false,"notifications":false,"translator_type":"none"},"geo":null,"coordinates":null,"place":null,"contributors":null,"is_quote_status":false,"retweet_count":0,"favorite_count":3,"favorited":false,"retweeted":false,"lang":"en"}
