{"created_at":"Thu Jan 12 08:13:05 +0000 2017","id":819457154276986880,"id_str":"819457154276986880","text":"\u306b\u3057\u3066\u3082\u8ab0\u304c\u6f0f\u3089\u3057\u305f\u306e\u3084\u3089\n\uff21\uff22\u3061\u3083\u3093\u4e26\u307f\u306b\u304a\u3082\u3089\u3057\u3057\u307e\u3059\u306d","truncated":false,"entities":{"hashtags":[],"symbols":[],"user_mentions":[],"urls":[]},"source":"\u003ca href=\"http:\/\/twittbot.net\/\" rel=\"nofollow\"\u003etwittbot.net\u003c\/a\u003e","in_reply_to_status_id":null,"in_reply_to_status_id_str":null,"in_reply_to_user_id":null,"in_reply_to_user_id_str":null,"in_reply_to_screen_name":null,"user":{"id":1930605224,"id_str":"1930605224","name":"\u305d\u3075\u3089\u3093\u3066\u3093\uff11","screen_name":"brnnI0","location":"","description":"\u30ea\u30e0\u30fc\u30d6\u3057\u305f\u3089\u6398\u308a\u307e\u3059","url":null,"entities":{"description":{"urls":[]}},"protected":false,"followers_count":78,"friends_count":87,"listed_count":4,"created_at":"Thu Oct 03 12:44:19 +0000 2013","favourites_count":2,"utc_offset":28800,"time_zone":"Irkutsk","geo_enabled":false,"verified":false,"statuses_count":19421,"lang":"ja","contributors_enabled":false,"is_translator":false,"is_translation_enabled":false,"profile_background_color":"C0DEED","profile_background_image_url":"http:\/\/abs.twimg.com\/images\/themes\/theme1\/bg.png","profile_background_image_url_https":"https:\/\/abs.twimg.com\/images\/themes\/theme1\/bg.png","profile_background_tile":false,"profile_image_url":"http:\/\/pbs.twimg.com\/profile_images\/708467982079406081\/-qSr8_lG_normal.jpg","profile_image_url_https":"https:\/\/pbs.twimg.com\/profile_images\/708467982079406081\/-qSr8_lG_normal.jpg","profile_link_color":"1DA1F2","profile_sidebar_border_color":"C0DEED","profile_sidebar_fill_color":"DDEEF6","profile_text_color":"333333","profile_use_background_image":true,"has_extended_profile":false,"default_profile":true,"default_profile_image":false,"following":false,"follow_request_sent":false,"notifications":false,"translator_type":"none"},"geo":null,"coordinates":null,"place":null,"contributors":null,"is_quote_status":false,"retweet_count":0,"favorite_count":0,"favorited":false,"retweeted":false,"lang":"ja"}
