{"created_at":"Thu Jan 12 08:13:05 +0000 2017","id":819457155799486465,"id_str":"819457155799486465","text":"#\uc2ac\ub86f\uba38\uc2e0\uc0ac\uc774\ud2b8\n#\uc628\ub77c\uc778\u314b\u314f\uc9c0\ub178\nQ\n\u3065\n\uc811\uc18d https:\/\/t.co\/mz2ZRqpjoe\ni\n\u2668\n\uc811\uc18d https:\/\/t.co\/mz2ZRqpjoe\n\u845b\np\nN\n\u2196\n\u7e68\n\u3051\n\uce74-\uc9c0-\ub178-\ub9c8-\ucf13-\uc8fc-\uc18c https:\/\/t.co\/TGtxCFUNZI","truncated":false,"entities":{"hashtags":[{"text":"\uc2ac\ub86f\uba38\uc2e0\uc0ac\uc774\ud2b8","indices":[0,8]},{"text":"\uc628\ub77c\uc778\u314b\u314f\uc9c0\ub178","indices":[9,17]}],"symbols":[],"user_mentions":[],"urls":[{"url":"https:\/\/t.co\/mz2ZRqpjoe","expanded_url":"http:\/\/fafa82.com","display_url":"fafa82.com","indices":[25,48]},{"url":"https:\/\/t.co\/mz2ZRqpjoe","expanded_url":"http:\/\/fafa82.com","display_url":"fafa82.com","indices":[56,79]}],"media":[{"id":819457139261349888,"id_str":"819457139261349888","indices":[106,129],"media_url":"http:\/\/pbs.twimg.com\/media\/C19L7S5UoAAl33_.jpg","media_url_https":"https:\/\/pbs.twimg.com\/media\/C19L7S5UoAAl33_.jpg","url":"https:\/\/t.co\/TGtxCFUNZI","display_url":"pic.twitter.com\/TGtxCFUNZI","expanded_url":"https:\/\/twitter.com\/Leesang3705\/status\/819457155799486465\/photo\/1","type":"photo","sizes":{"medium":{"w":414,"h":631,"resize":"fit"},"thumb":{"w":150,"h":150,"resize":"crop"},"small":{"w":414,"h":631,"resize":"fit"},"large":{"w":414,"h":631,"resize":"fit"}}}]},"extended_entities":{"media":[{"id":819457139261349888,"id_str":"819457139261349888","indices":[106,129],"media_url":"http:\/\/pbs.twimg.com\/media\/C19L7S5UoAAl33_.jpg","media_url_https":"https:\/\/pbs.twimg.com\/media\/C19L7S5UoAAl33_.jpg","url":"https:\/\/t.co\/TGtxCFUNZI","display_url":"pic.twitter.com\/TGtxCFUNZI","expanded_url":"https:\/\/twitter.com\/Leesang3705\/status\/819457155799486465\/photo\/1","type":"photo","sizes":{"medium":{"w":414,"h":631,"resize":"fit"},"thumb":{"w":150,"h":150,"resize":"crop"},"small":{"w":414,"h":631,"resize":"fit"},"large":{"w":414,"h":631,"resize":"fit"}}}]},"source":"\u003ca href=\"http:\/\/twitter.com\" rel=\"nofollow\"\u003eTwitter Web Client\u003c\/a\u003e","in_reply_to_status_id":null,"in_reply_to_status_id_str":null,"in_reply_to_user_id":null,"in_reply_to_user_id_str":null,"in_reply_to_screen_name":null,"user":{"id":319585824,"id_str":"319585824","name":"\uce74\uc9c0\ub178\ub9c8\ucf13\uc8fc\uc18c om300.C0M","screen_name":"Leesang3705","location":"","description":"\uce74\uc9c0\ub178\ub9c8\ucf13\uc8fc\uc18c https:\/\/t.co\/M7cmA2OmAw \uc628\ub77c\uc778\ub2e4\uc774\uc0ac\uc774\uac8c\uc784 \uc778\ud130\ub137\ub2e4\uc774\uc0ac\uc774\uc2f8\uc774\ud2b8 \ubc14\uce74\ub77c\uc0ac\uc774\ud2b8 \ud3ec\ucee4\uc0ac\uc774\ud2b8 \ud14d\uc0ac\uc2a4\ubc14\uce74\ub77c\uc7ad\ud31f \ubc14\uce74\ub77c\uc774\uae30\ub294\ubc29\ubc95\uc0ac\uc774\ud2b8 \ub9c8\uc774\ud06c\ub85c\uac8c\uc784\ucd94\ucc9c M\uc5e0\uce74\uc9c0\ub178\uc0ac\uc774\ud2b8\ub8f0","url":"https:\/\/t.co\/M7cmA2OmAw","entities":{"url":{"urls":[{"url":"https:\/\/t.co\/M7cmA2OmAw","expanded_url":"http:\/\/om300.com","display_url":"om300.com","indices":[0,23]}]},"description":{"urls":[{"url":"https:\/\/t.co\/M7cmA2OmAw","expanded_url":"http:\/\/om300.com","display_url":"om300.com","indices":[8,31]}]}},"protected":false,"followers_count":54,"friends_count":86,"listed_count":0,"created_at":"Sat Jun 18 11:19:28 +0000 2011","favourites_count":1,"utc_offset":null,"time_zone":null,"geo_enabled":true,"verified":false,"statuses_count":132,"lang":"ko","contributors_enabled":false,"is_translator":false,"is_translation_enabled":false,"profile_background_color":"C0DEED","profile_background_image_url":"http:\/\/abs.twimg.com\/images\/themes\/theme1\/bg.png","profile_background_image_url_https":"https:\/\/abs.twimg.com\/images\/themes\/theme1\/bg.png","profile_background_tile":false,"profile_image_url":"http:\/\/pbs.twimg.com\/profile_images\/730696916380487681\/xms0nIYD_normal.jpg","profile_image_url_https":"https:\/\/pbs.twimg.com\/profile_images\/730696916380487681\/xms0nIYD_normal.jpg","profile_banner_url":"https:\/\/pbs.twimg.com\/profile_banners\/319585824\/1470218448","profile_link_color":"1DA1F2","profile_sidebar_border_color":"C0DEED","profile_sidebar_fill_color":"DDEEF6","profile_text_color":"333333","profile_use_background_image":true,"has_extended_profile":true,"default_profile":true,"default_profile_image":false,"following":false,"follow_request_sent":false,"notifications":false,"translator_type":"none"},"geo":null,"coordinates":null,"place":null,"contributors":null,"is_quote_status":false,"retweet_count":0,"favorite_count":0,"favorited":false,"retweeted":false,"possibly_sensitive":false,"possibly_sensitive_appealable":false,"lang":"ja"}
