{"created_at":"Thu Jan 12 08:13:02 +0000 2017","id":819457143082348544,"id_str":"819457143082348544","text":"\" Wait for me, Chael. \"\n\" This time, I won't fail. I promise. ' -Regret (Zenonia 4)","truncated":false,"entities":{"hashtags":[],"symbols":[],"user_mentions":[],"urls":[]},"source":"\u003ca href=\"http:\/\/twittbot.net\/\" rel=\"nofollow\"\u003etwittbot.net\u003c\/a\u003e","in_reply_to_status_id":null,"in_reply_to_status_id_str":null,"in_reply_to_user_id":null,"in_reply_to_user_id_str":null,"in_reply_to_screen_name":null,"user":{"id":1718166618,"id_str":"1718166618","name":"Regret. [H]","screen_name":"GoodOrEvil_","location":"Iris Forest #WE-SapphireOwl","description":"[Game RP-Zenonia] Regret, Chael's adoptive father and also, the flesh of Ladon, unfortunately. [INA\/ENG]","url":null,"entities":{"description":{"urls":[]}},"protected":false,"followers_count":189,"friends_count":212,"listed_count":9,"created_at":"Sun Sep 01 07:36:19 +0000 2013","favourites_count":11,"utc_offset":25200,"time_zone":"Bangkok","geo_enabled":true,"verified":false,"statuses_count":23910,"lang":"en","contributors_enabled":false,"is_translator":false,"is_translation_enabled":false,"profile_background_color":"1A1B1F","profile_background_image_url":"http:\/\/abs.twimg.com\/images\/themes\/theme9\/bg.gif","profile_background_image_url_https":"https:\/\/abs.twimg.com\/images\/themes\/theme9\/bg.gif","profile_background_tile":false,"profile_image_url":"http:\/\/pbs.twimg.com\/profile_images\/436692657146851328\/q6vptBH-_normal.png","profile_image_url_https":"https:\/\/pbs.twimg.com\/profile_images\/436692657146851328\/q6vptBH-_normal.png","profile_banner_url":"https:\/\/pbs.twimg.com\/profile_banners\/1718166618\/1394193147","profile_link_color":"2FC2EF","profile_sidebar_border_color":"181A1E","profile_sidebar_fill_color":"252429","profile_text_color":"666666","profile_use_background_image":true,"has_extended_profile":false,"default_profile":false,"default_profile_image":false,"following":false,"follow_request_sent":false,"notifications":false,"translator_type":"none"},"geo":null,"coordinates":null,"place":null,"contributors":null,"is_quote_status":false,"retweet_count":0,"favorite_count":0,"favorited":false,"retweeted":false,"lang":"en"}
