{"created_at":"Thu Jan 12 08:13:03 +0000 2017","id":819457147918499840,"id_str":"819457147918499840","text":"I don't know what went wrong with that rigged election but we need the Dems to have a stronger voice more than ever.","truncated":false,"entities":{"hashtags":[],"symbols":[],"user_mentions":[],"urls":[]},"source":"\u003ca href=\"http:\/\/twitter.com\/download\/android\" rel=\"nofollow\"\u003eTwitter for Android\u003c\/a\u003e","in_reply_to_status_id":null,"in_reply_to_status_id_str":null,"in_reply_to_user_id":null,"in_reply_to_user_id_str":null,"in_reply_to_screen_name":null,"user":{"id":31971128,"id_str":"31971128","name":"Ashley Fowler","screen_name":"nickey1974","location":"","description":"You can write me here https:\/\/t.co\/lTpmjsF9ms my nick is Babe2","url":null,"entities":{"description":{"urls":[{"url":"https:\/\/t.co\/lTpmjsF9ms","expanded_url":"http:\/\/goo.gl\/1zpTv3","display_url":"goo.gl\/1zpTv3","indices":[22,45]}]}},"protected":false,"followers_count":27,"friends_count":243,"listed_count":0,"created_at":"Thu Apr 16 16:48:49 +0000 2009","favourites_count":946,"utc_offset":-18000,"time_zone":"Eastern Time (US & Canada)","geo_enabled":false,"verified":false,"statuses_count":124,"lang":"en","contributors_enabled":false,"is_translator":false,"is_translation_enabled":false,"profile_background_color":"FF6699","profile_background_image_url":"http:\/\/abs.twimg.com\/images\/themes\/theme11\/bg.gif","profile_background_image_url_https":"https:\/\/abs.twimg.com\/images\/themes\/theme11\/bg.gif","profile_background_tile":true,"profile_image_url":"http:\/\/pbs.twimg.com\/profile_images\/806972151274373120\/C10M-4aI_normal.jpg","profile_image_url_https":"https:\/\/pbs.twimg.com\/profile_images\/806972151274373120\/C10M-4aI_normal.jpg","profile_link_color":"B40B43","profile_sidebar_border_color":"CC3366","profile_sidebar_fill_color":"E5507E","profile_text_color":"362720","profile_use_background_image":true,"has_extended_profile":false,"default_profile":false,"default_profile_image":false,"following":false,"follow_request_sent":false,"notifications":false,"translator_type":"none"},"geo":null,"coordinates":null,"place":null,"contributors":null,"is_quote_status":false,"retweet_count":0,"favorite_count":0,"favorited":false,"retweeted":false,"lang":"en"}
