{"created_at":"Thu Jan 12 08:13:02 +0000 2017","id":819457145041260544,"id_str":"819457145041260544","text":"I'm the worlds pissiest mood this morning lol :)","truncated":false,"entities":{"hashtags":[],"symbols":[],"user_mentions":[],"urls":[]},"source":"\u003ca href=\"http:\/\/twitter.com\/download\/iphone\" rel=\"nofollow\"\u003eTwitter for iPhone\u003c\/a\u003e","in_reply_to_status_id":null,"in_reply_to_status_id_str":null,"in_reply_to_user_id":null,"in_reply_to_user_id_str":null,"in_reply_to_screen_name":null,"user":{"id":2374050758,"id_str":"2374050758","name":"Jess","screen_name":"_jesseaton","location":"Derbyshire ","description":"","url":null,"entities":{"description":{"urls":[]}},"protected":false,"followers_count":342,"friends_count":434,"listed_count":2,"created_at":"Wed Mar 05 16:50:28 +0000 2014","favourites_count":18442,"utc_offset":null,"time_zone":null,"geo_enabled":true,"verified":false,"statuses_count":7043,"lang":"en-gb","contributors_enabled":false,"is_translator":false,"is_translation_enabled":false,"profile_background_color":"C0DEED","profile_background_image_url":"http:\/\/pbs.twimg.com\/profile_background_images\/443445105421058048\/FXI2kI56.jpeg","profile_background_image_url_https":"https:\/\/pbs.twimg.com\/profile_background_images\/443445105421058048\/FXI2kI56.jpeg","profile_background_tile":true,"profile_image_url":"http:\/\/pbs.twimg.com\/profile_images\/819195487475658752\/gx-8pyLe_normal.jpg","profile_image_url_https":"https:\/\/pbs.twimg.com\/profile_images\/819195487475658752\/gx-8pyLe_normal.jpg","profile_banner_url":"https:\/\/pbs.twimg.com\/profile_banners\/2374050758\/1483453176","profile_link_color":"F5ABB5","profile_sidebar_border_color":"FFFFFF","profile_sidebar_fill_color":"DDEEF6","profile_text_color":"333333","profile_use_background_image":true,"has_extended_profile":true,"default_profile":false,"default_profile_image":false,"following":false,"follow_request_sent":false,"notifications":false,"translator_type":"none"},"geo":null,"coordinates":null,"place":null,"contributors":null,"is_quote_status":false,"retweet_count":0,"favorite_count":1,"favorited":false,"retweeted":false,"lang":"en"}
