{"created_at":"Thu Jan 12 08:13:01 +0000 2017","id":819457141518036992,"id_str":"819457141518036992","text":"I sure fucking hope so I've been trying to pull an all nighter forever","truncated":false,"entities":{"hashtags":[],"symbols":[],"user_mentions":[],"urls":[]},"source":"\u003ca href=\"http:\/\/twitter.com\/download\/iphone\" rel=\"nofollow\"\u003eTwitter for iPhone\u003c\/a\u003e","in_reply_to_status_id":null,"in_reply_to_status_id_str":null,"in_reply_to_user_id":null,"in_reply_to_user_id_str":null,"in_reply_to_screen_name":null,"user":{"id":756113047228473344,"id_str":"756113047228473344","name":"Shannon Keys","screen_name":"igotupat8am","location":"war torn germany, 1945","description":"","url":"https:\/\/t.co\/YGslVTJ4Av","entities":{"url":{"urls":[{"url":"https:\/\/t.co\/YGslVTJ4Av","expanded_url":"http:\/\/kynajapaperi.tumblr.com","display_url":"kynajapaperi.tumblr.com","indices":[0,23]}]},"description":{"urls":[]}},"protected":false,"followers_count":15,"friends_count":26,"listed_count":0,"created_at":"Thu Jul 21 13:06:13 +0000 2016","favourites_count":63,"utc_offset":null,"time_zone":null,"geo_enabled":false,"verified":false,"statuses_count":796,"lang":"en","contributors_enabled":false,"is_translator":false,"is_translation_enabled":false,"profile_background_color":"F5F8FA","profile_background_image_url":null,"profile_background_image_url_https":null,"profile_background_tile":false,"profile_image_url":"http:\/\/pbs.twimg.com\/profile_images\/756586061682343940\/BpN_Gycx_normal.jpg","profile_image_url_https":"https:\/\/pbs.twimg.com\/profile_images\/756586061682343940\/BpN_Gycx_normal.jpg","profile_banner_url":"https:\/\/pbs.twimg.com\/profile_banners\/756113047228473344\/1469219216","profile_link_color":"1DA1F2","profile_sidebar_border_color":"C0DEED","profile_sidebar_fill_color":"DDEEF6","profile_text_color":"333333","profile_use_background_image":true,"has_extended_profile":true,"default_profile":true,"default_profile_image":false,"following":false,"follow_request_sent":false,"notifications":false,"translator_type":"none"},"geo":null,"coordinates":null,"place":null,"contributors":null,"is_quote_status":false,"retweet_count":0,"favorite_count":0,"favorited":false,"retweeted":false,"lang":"en"}
