{"created_at":"Thu Jan 12 08:13:02 +0000 2017","id":819457145200459777,"id_str":"819457145200459777","text":"@oohkimber I love you more. I miss youuuu \ud83d\ude18","truncated":false,"entities":{"hashtags":[],"symbols":[],"user_mentions":[{"screen_name":"oohkimber","name":"Kim \ud83e\udd84","id":730793019859865600,"id_str":"730793019859865600","indices":[0,10]}],"urls":[]},"source":"\u003ca href=\"http:\/\/twitter.com\/download\/iphone\" rel=\"nofollow\"\u003eTwitter for iPhone\u003c\/a\u003e","in_reply_to_status_id":819399176043700224,"in_reply_to_status_id_str":"819399176043700224","in_reply_to_user_id":730793019859865600,"in_reply_to_user_id_str":"730793019859865600","in_reply_to_screen_name":"oohkimber","user":{"id":86014865,"id_str":"86014865","name":"Joanna","screen_name":"joannaaabee","location":"","description":"Living but half alive","url":"https:\/\/t.co\/mSbXkUENBu","entities":{"url":{"urls":[{"url":"https:\/\/t.co\/mSbXkUENBu","expanded_url":"http:\/\/Instagram.com\/joannanono\/","display_url":"Instagram.com\/joannanono\/","indices":[0,23]}]},"description":{"urls":[]}},"protected":false,"followers_count":777,"friends_count":579,"listed_count":7,"created_at":"Thu Oct 29 07:30:18 +0000 2009","favourites_count":8618,"utc_offset":32400,"time_zone":"Seoul","geo_enabled":true,"verified":false,"statuses_count":17571,"lang":"en","contributors_enabled":false,"is_translator":false,"is_translation_enabled":false,"profile_background_color":"FFFFFF","profile_background_image_url":"http:\/\/pbs.twimg.com\/profile_background_images\/596215808398790656\/5bwlMtuO.jpg","profile_background_image_url_https":"https:\/\/pbs.twimg.com\/profile_background_images\/596215808398790656\/5bwlMtuO.jpg","profile_background_tile":true,"profile_image_url":"http:\/\/pbs.twimg.com\/profile_images\/732094183801032705\/VIW7k63-_normal.jpg","profile_image_url_https":"https:\/\/pbs.twimg.com\/profile_images\/732094183801032705\/VIW7k63-_normal.jpg","profile_banner_url":"https:\/\/pbs.twimg.com\/profile_banners\/86014865\/1480928772","profile_link_color":"3B94D9","profile_sidebar_border_color":"000000","profile_sidebar_fill_color":"F8C7DA","profile_text_color":"D77FB2","profile_use_background_image":true,"has_extended_profile":true,"default_profile":false,"default_profile_image":false,"following":false,"follow_request_sent":false,"notifications":false,"translator_type":"none"},"geo":null,"coordinates":null,"place":null,"contributors":null,"is_quote_status":false,"retweet_count":0,"favorite_count":1,"favorited":false,"retweeted":false,"lang":"en"}
