{"created_at":"Thu Jan 12 08:13:05 +0000 2017","id":819457158249140224,"id_str":"819457158249140224","text":"@simmeringmind nice :) I recorded my first stories with a cassette recorder at 8 and started writing at 14.","truncated":false,"entities":{"hashtags":[],"symbols":[],"user_mentions":[{"screen_name":"simmeringmind","name":"Bethany Jennings","id":2743027520,"id_str":"2743027520","indices":[0,14]}],"urls":[]},"source":"\u003ca href=\"http:\/\/twitter.com\" rel=\"nofollow\"\u003eTwitter Web Client\u003c\/a\u003e","in_reply_to_status_id":819385755193802752,"in_reply_to_status_id_str":"819385755193802752","in_reply_to_user_id":2743027520,"in_reply_to_user_id_str":"2743027520","in_reply_to_screen_name":"simmeringmind","user":{"id":1094640577,"id_str":"1094640577","name":"Drae","screen_name":"Draebox","location":"UK","description":"Author success mentor & fantasy author! I analyse what successful authors are doing & run experiments. \n\nFree fantasy read: https:\/\/t.co\/1KIBjXvFTZ","url":"https:\/\/t.co\/X4NEOQ0G5W","entities":{"url":{"urls":[{"url":"https:\/\/t.co\/X4NEOQ0G5W","expanded_url":"http:\/\/draebox.com\/about","display_url":"draebox.com\/about","indices":[0,23]}]},"description":{"urls":[{"url":"https:\/\/t.co\/1KIBjXvFTZ","expanded_url":"http:\/\/amzn.to\/2honA6x","display_url":"amzn.to\/2honA6x","indices":[124,147]}]}},"protected":false,"followers_count":308,"friends_count":70,"listed_count":128,"created_at":"Wed Jan 16 09:09:46 +0000 2013","favourites_count":3333,"utc_offset":null,"time_zone":null,"geo_enabled":true,"verified":false,"statuses_count":6145,"lang":"en","contributors_enabled":false,"is_translator":false,"is_translation_enabled":false,"profile_background_color":"000000","profile_background_image_url":"http:\/\/pbs.twimg.com\/profile_background_images\/445103716429885440\/WbpMeXEo.png","profile_background_image_url_https":"https:\/\/pbs.twimg.com\/profile_background_images\/445103716429885440\/WbpMeXEo.png","profile_background_tile":true,"profile_image_url":"http:\/\/pbs.twimg.com\/profile_images\/747468188875694082\/__B5kFwl_normal.jpg","profile_image_url_https":"https:\/\/pbs.twimg.com\/profile_images\/747468188875694082\/__B5kFwl_normal.jpg","profile_banner_url":"https:\/\/pbs.twimg.com\/profile_banners\/1094640577\/1483177254","profile_link_color":"1B95E0","profile_sidebar_border_color":"FFFFFF","profile_sidebar_fill_color":"DDEEF6","profile_text_color":"333333","profile_use_background_image":true,"has_extended_profile":true,"default_profile":false,"default_profile_image":false,"following":false,"follow_request_sent":false,"notifications":false,"translator_type":"none"},"geo":null,"coordinates":null,"place":null,"contributors":null,"is_quote_status":false,"retweet_count":0,"favorite_count":1,"favorited":false,"retweeted":false,"lang":"en"}
