{"created_at":"Thu Jan 12 08:13:03 +0000 2017","id":819457149629775874,"id_str":"819457149629775874","text":"@cherokeesher2 @realDonaldTrump i only watched what the news reported , I refuse to listen to anything this man says","truncated":false,"entities":{"hashtags":[],"symbols":[],"user_mentions":[{"screen_name":"cherokeesher2","name":"Sher' Wilson","id":1928290020,"id_str":"1928290020","indices":[0,14]},{"screen_name":"realDonaldTrump","name":"Donald J. Trump","id":25073877,"id_str":"25073877","indices":[15,31]}],"urls":[]},"source":"\u003ca href=\"http:\/\/twitter.com\/download\/android\" rel=\"nofollow\"\u003eTwitter for Android\u003c\/a\u003e","in_reply_to_status_id":819456513043472385,"in_reply_to_status_id_str":"819456513043472385","in_reply_to_user_id":1928290020,"in_reply_to_user_id_str":"1928290020","in_reply_to_screen_name":"cherokeesher2","user":{"id":194222492,"id_str":"194222492","name":"Tamia","screen_name":"tammybaby38","location":"united states","description":"# Hillary 2016 !  #nevertrump","url":null,"entities":{"description":{"urls":[]}},"protected":false,"followers_count":291,"friends_count":365,"listed_count":6,"created_at":"Thu Sep 23 18:38:54 +0000 2010","favourites_count":5690,"utc_offset":-21600,"time_zone":"America\/Chicago","geo_enabled":false,"verified":false,"statuses_count":3333,"lang":"en","contributors_enabled":false,"is_translator":false,"is_translation_enabled":false,"profile_background_color":"642D8B","profile_background_image_url":"http:\/\/abs.twimg.com\/images\/themes\/theme10\/bg.gif","profile_background_image_url_https":"https:\/\/abs.twimg.com\/images\/themes\/theme10\/bg.gif","profile_background_tile":true,"profile_image_url":"http:\/\/pbs.twimg.com\/profile_images\/803087683350360064\/wA09FWc6_normal.jpg","profile_image_url_https":"https:\/\/pbs.twimg.com\/profile_images\/803087683350360064\/wA09FWc6_normal.jpg","profile_banner_url":"https:\/\/pbs.twimg.com\/profile_banners\/194222492\/1484355894","profile_link_color":"FF0000","profile_sidebar_border_color":"65B0DA","profile_sidebar_fill_color":"7AC3EE","profile_text_color":"3D1957","profile_use_background_image":true,"has_extended_profile":false,"default_profile":false,"default_profile_image":false,"following":false,"follow_request_sent":false,"notifications":false,"translator_type":"none"},"geo":null,"coordinates":null,"place":null,"contributors":null,"is_quote_status":false,"retweet_count":2,"favorite_count":3,"favorited":false,"retweeted":false,"lang":"en"}
