{"created_at":"Thu Jan 12 08:13:02 +0000 2017","id":819457143011241986,"id_str":"819457143011241986","text":"If you got ah nigga don't hmu. I don't want those problems \u270b\ud83c\udffd\u270c\ud83c\udffd\ufe0f","truncated":false,"entities":{"hashtags":[],"symbols":[],"user_mentions":[],"urls":[]},"source":"\u003ca href=\"http:\/\/twitter.com\/download\/iphone\" rel=\"nofollow\"\u003eTwitter for iPhone\u003c\/a\u003e","in_reply_to_status_id":null,"in_reply_to_status_id_str":null,"in_reply_to_user_id":null,"in_reply_to_user_id_str":null,"in_reply_to_screen_name":null,"user":{"id":2933119514,"id_str":"2933119514","name":"Adam Eichensehr","screen_name":"EichensehrAe","location":"Orlando Fl","description":"18","url":null,"entities":{"description":{"urls":[]}},"protected":false,"followers_count":192,"friends_count":290,"listed_count":0,"created_at":"Wed Dec 17 06:20:55 +0000 2014","favourites_count":408,"utc_offset":null,"time_zone":null,"geo_enabled":false,"verified":false,"statuses_count":1030,"lang":"en","contributors_enabled":false,"is_translator":false,"is_translation_enabled":false,"profile_background_color":"C0DEED","profile_background_image_url":"http:\/\/abs.twimg.com\/images\/themes\/theme1\/bg.png","profile_background_image_url_https":"https:\/\/abs.twimg.com\/images\/themes\/theme1\/bg.png","profile_background_tile":false,"profile_image_url":"http:\/\/pbs.twimg.com\/profile_images\/815668320917659648\/pUxaismB_normal.jpg","profile_image_url_https":"https:\/\/pbs.twimg.com\/profile_images\/815668320917659648\/pUxaismB_normal.jpg","profile_banner_url":"https:\/\/pbs.twimg.com\/profile_banners\/2933119514\/1483305458","profile_link_color":"1DA1F2","profile_sidebar_border_color":"C0DEED","profile_sidebar_fill_color":"DDEEF6","profile_text_color":"333333","profile_use_background_image":true,"has_extended_profile":false,"default_profile":true,"default_profile_image":false,"following":false,"follow_request_sent":false,"notifications":false,"translator_type":"none"},"geo":null,"coordinates":null,"place":null,"contributors":null,"is_quote_status":false,"retweet_count":0,"favorite_count":1,"favorited":false,"retweeted":false,"lang":"en"}
