{"created_at":"Thu Jan 12 08:13:01 +0000 2017","id":819457141065076736,"id_str":"819457141065076736","text":"@_tinytiara lol Idk I regret it though \ud83d\ude2d I guess i just didn't want to be weird about it \ud83d\ude06","truncated":false,"entities":{"hashtags":[],"symbols":[],"user_mentions":[{"screen_name":"_tinytiara","name":"Tiara J.\ud83c\udf39","id":308165974,"id_str":"308165974","indices":[0,11]}],"urls":[]},"source":"\u003ca href=\"http:\/\/twitter.com\/download\/iphone\" rel=\"nofollow\"\u003eTwitter for iPhone\u003c\/a\u003e","in_reply_to_status_id":819416679482527744,"in_reply_to_status_id_str":"819416679482527744","in_reply_to_user_id":308165974,"in_reply_to_user_id_str":"308165974","in_reply_to_screen_name":"_tinytiara","user":{"id":400672423,"id_str":"400672423","name":"GooberRadio\ud83d\udcc0\ud83d\udc94","screen_name":"RealSmittyCash","location":"Poinciana, FL","description":"Rockstar from the block \u2795#ImproperRecordsAYC smittycashimp@gmail.com #RIPMYBROTHERERIC \u2764\ufe0f","url":"https:\/\/t.co\/o1IvFhs94S","entities":{"url":{"urls":[{"url":"https:\/\/t.co\/o1IvFhs94S","expanded_url":"https:\/\/youtu.be\/OMA0yMLHLdY","display_url":"youtu.be\/OMA0yMLHLdY","indices":[0,23]}]},"description":{"urls":[]}},"protected":false,"followers_count":429,"friends_count":815,"listed_count":3,"created_at":"Sat Oct 29 11:57:39 +0000 2011","favourites_count":3369,"utc_offset":-18000,"time_zone":"Eastern Time (US & Canada)","geo_enabled":true,"verified":false,"statuses_count":7701,"lang":"en","contributors_enabled":false,"is_translator":false,"is_translation_enabled":false,"profile_background_color":"C0DEED","profile_background_image_url":"http:\/\/pbs.twimg.com\/profile_background_images\/713575478\/31ff3ba38bc2ecbda748a60746e2553a.jpeg","profile_background_image_url_https":"https:\/\/pbs.twimg.com\/profile_background_images\/713575478\/31ff3ba38bc2ecbda748a60746e2553a.jpeg","profile_background_tile":true,"profile_image_url":"http:\/\/pbs.twimg.com\/profile_images\/817536586208444416\/y5GfbXaB_normal.jpg","profile_image_url_https":"https:\/\/pbs.twimg.com\/profile_images\/817536586208444416\/y5GfbXaB_normal.jpg","profile_banner_url":"https:\/\/pbs.twimg.com\/profile_banners\/400672423\/1483750887","profile_link_color":"0084B4","profile_sidebar_border_color":"FFFFFF","profile_sidebar_fill_color":"DDEEF6","profile_text_color":"333333","profile_use_background_image":true,"has_extended_profile":true,"default_profile":false,"default_profile_image":false,"following":false,"follow_request_sent":false,"notifications":false,"translator_type":"none"},"geo":null,"coordinates":null,"place":null,"contributors":null,"is_quote_status":false,"retweet_count":1,"favorite_count":0,"favorited":false,"retweeted":false,"lang":"en"}
