{"created_at":"Thu Jan 12 08:13:03 +0000 2017","id":819457147704479744,"id_str":"819457147704479744","text":"I am not a magic 8 ball\nThere is no \"try again later\"\nIf I say no it's a no","truncated":false,"entities":{"hashtags":[],"symbols":[],"user_mentions":[],"urls":[]},"source":"\u003ca href=\"https:\/\/mobile.twitter.com\" rel=\"nofollow\"\u003eMobile Web (M5)\u003c\/a\u003e","in_reply_to_status_id":null,"in_reply_to_status_id_str":null,"in_reply_to_user_id":null,"in_reply_to_user_id_str":null,"in_reply_to_screen_name":null,"user":{"id":1877483682,"id_str":"1877483682","name":"kitty queen","screen_name":"imactuallyacat","location":"","description":"en la boca llevar\u00e1,\nSabor a mi","url":null,"entities":{"description":{"urls":[]}},"protected":false,"followers_count":116,"friends_count":113,"listed_count":1,"created_at":"Wed Sep 18 01:10:18 +0000 2013","favourites_count":8579,"utc_offset":null,"time_zone":null,"geo_enabled":true,"verified":false,"statuses_count":7926,"lang":"en","contributors_enabled":false,"is_translator":false,"is_translation_enabled":false,"profile_background_color":"C0DEED","profile_background_image_url":"http:\/\/abs.twimg.com\/images\/themes\/theme1\/bg.png","profile_background_image_url_https":"https:\/\/abs.twimg.com\/images\/themes\/theme1\/bg.png","profile_background_tile":false,"profile_image_url":"http:\/\/pbs.twimg.com\/profile_images\/819900493245755392\/im1RIGJN_normal.jpg","profile_image_url_https":"https:\/\/pbs.twimg.com\/profile_images\/819900493245755392\/im1RIGJN_normal.jpg","profile_banner_url":"https:\/\/pbs.twimg.com\/profile_banners\/1877483682\/1484314487","profile_link_color":"1DA1F2","profile_sidebar_border_color":"C0DEED","profile_sidebar_fill_color":"DDEEF6","profile_text_color":"333333","profile_use_background_image":true,"has_extended_profile":true,"default_profile":true,"default_profile_image":false,"following":false,"follow_request_sent":false,"notifications":false,"translator_type":"none"},"geo":null,"coordinates":null,"place":null,"contributors":null,"is_quote_status":false,"retweet_count":1,"favorite_count":1,"favorited":false,"retweeted":false,"lang":"en"}
