{"created_at":"Thu Jan 12 08:13:04 +0000 2017","id":819457153719304197,"id_str":"819457153719304197","text":"I love those who yearn for the impossible. -Johann Wolfgang von Goethe","truncated":false,"entities":{"hashtags":[],"symbols":[],"user_mentions":[],"urls":[]},"source":"\u003ca href=\"https:\/\/www.socialoomph.com\" rel=\"nofollow\"\u003eSocialOomph\u003c\/a\u003e","in_reply_to_status_id":null,"in_reply_to_status_id_str":null,"in_reply_to_user_id":null,"in_reply_to_user_id_str":null,"in_reply_to_screen_name":null,"user":{"id":409848238,"id_str":"409848238","name":"Adelaide Ferree","screen_name":"adelaidefe4","location":"Lake Station","description":"When I look into your eyes, I see everything I wish I was. You appear to me as a dream. A dream I don't want to wake up from.","url":null,"entities":{"description":{"urls":[]}},"protected":false,"followers_count":6286,"friends_count":5555,"listed_count":7,"created_at":"Fri Nov 11 09:18:04 +0000 2011","favourites_count":0,"utc_offset":null,"time_zone":null,"geo_enabled":false,"verified":false,"statuses_count":11198,"lang":"en","contributors_enabled":false,"is_translator":false,"is_translation_enabled":false,"profile_background_color":"EDECE9","profile_background_image_url":"http:\/\/pbs.twimg.com\/profile_background_images\/362066365\/1180.jpg","profile_background_image_url_https":"https:\/\/pbs.twimg.com\/profile_background_images\/362066365\/1180.jpg","profile_background_tile":false,"profile_image_url":"http:\/\/pbs.twimg.com\/profile_images\/1633313738\/49_normal.jpg","profile_image_url_https":"https:\/\/pbs.twimg.com\/profile_images\/1633313738\/49_normal.jpg","profile_link_color":"088253","profile_sidebar_border_color":"D3D2CF","profile_sidebar_fill_color":"E3E2DE","profile_text_color":"634047","profile_use_background_image":true,"has_extended_profile":false,"default_profile":false,"default_profile_image":false,"following":false,"follow_request_sent":false,"notifications":false,"translator_type":"none"},"geo":null,"coordinates":null,"place":null,"contributors":null,"is_quote_status":false,"retweet_count":0,"favorite_count":0,"favorited":false,"retweeted":false,"lang":"en"}
