{"created_at":"Thu Jan 12 08:13:05 +0000 2017","id":819457155912740864,"id_str":"819457155912740864","text":"i sound so fake even to my own eyes i want to dunk my head in the nearest fountain, which is at crown,","truncated":false,"entities":{"hashtags":[],"symbols":[],"user_mentions":[],"urls":[]},"source":"\u003ca href=\"http:\/\/twitter.com\" rel=\"nofollow\"\u003eTwitter Web Client\u003c\/a\u003e","in_reply_to_status_id":null,"in_reply_to_status_id_str":null,"in_reply_to_user_id":null,"in_reply_to_user_id_str":null,"in_reply_to_screen_name":null,"user":{"id":3242606088,"id_str":"3242606088","name":"\u2661 keito \u2661 eichi pts","screen_name":"nittaminamis","location":"jess \/ 22 \/ she\/her ","description":"jess.exe has stopped working \u2728  idol games, current anime, kpop girl groups, read listo byf \u2661 i ship keichi & reikei | 18+ only","url":"https:\/\/t.co\/etDtYjhLTl","entities":{"url":{"urls":[{"url":"https:\/\/t.co\/etDtYjhLTl","expanded_url":"http:\/\/listography.com\/ginoza","display_url":"listography.com\/ginoza","indices":[0,23]}]},"description":{"urls":[]}},"protected":false,"followers_count":254,"friends_count":394,"listed_count":23,"created_at":"Thu Jun 11 21:13:40 +0000 2015","favourites_count":90008,"utc_offset":-28800,"time_zone":"Pacific Time (US & Canada)","geo_enabled":false,"verified":false,"statuses_count":137335,"lang":"en","contributors_enabled":false,"is_translator":false,"is_translation_enabled":false,"profile_background_color":"000000","profile_background_image_url":"http:\/\/abs.twimg.com\/images\/themes\/theme1\/bg.png","profile_background_image_url_https":"https:\/\/abs.twimg.com\/images\/themes\/theme1\/bg.png","profile_background_tile":false,"profile_image_url":"http:\/\/pbs.twimg.com\/profile_images\/819441550316797954\/LYyNdLf8_normal.jpg","profile_image_url_https":"https:\/\/pbs.twimg.com\/profile_images\/819441550316797954\/LYyNdLf8_normal.jpg","profile_banner_url":"https:\/\/pbs.twimg.com\/profile_banners\/3242606088\/1483766003","profile_link_color":"ABB8C2","profile_sidebar_border_color":"000000","profile_sidebar_fill_color":"000000","profile_text_color":"000000","profile_use_background_image":false,"has_extended_profile":true,"default_profile":false,"default_profile_image":false,"following":false,"follow_request_sent":false,"notifications":false,"translator_type":"none"},"geo":null,"coordinates":null,"place":null,"contributors":null,"is_quote_status":false,"retweet_count":0,"favorite_count":0,"favorited":false,"retweeted":false,"lang":"en"}
