{"created_at":"Thu Jan 12 08:13:04 +0000 2017","id":819457152402292736,"id_str":"819457152402292736","text":"wait...i just um https:\/\/t.co\/ikbv5mASBx","truncated":false,"entities":{"hashtags":[],"symbols":[],"user_mentions":[],"urls":[],"media":[{"id":819457132936491008,"id_str":"819457132936491008","indices":[17,40],"media_url":"http:\/\/pbs.twimg.com\/media\/C19L67VW8AAZmTT.jpg","media_url_https":"https:\/\/pbs.twimg.com\/media\/C19L67VW8AAZmTT.jpg","url":"https:\/\/t.co\/ikbv5mASBx","display_url":"pic.twitter.com\/ikbv5mASBx","expanded_url":"https:\/\/twitter.com\/eatjinstan\/status\/819457152402292736\/photo\/1","type":"photo","sizes":{"thumb":{"w":150,"h":150,"resize":"crop"},"large":{"w":583,"h":874,"resize":"fit"},"small":{"w":454,"h":680,"resize":"fit"},"medium":{"w":583,"h":874,"resize":"fit"}}}]},"extended_entities":{"media":[{"id":819457132936491008,"id_str":"819457132936491008","indices":[17,40],"media_url":"http:\/\/pbs.twimg.com\/media\/C19L67VW8AAZmTT.jpg","media_url_https":"https:\/\/pbs.twimg.com\/media\/C19L67VW8AAZmTT.jpg","url":"https:\/\/t.co\/ikbv5mASBx","display_url":"pic.twitter.com\/ikbv5mASBx","expanded_url":"https:\/\/twitter.com\/eatjinstan\/status\/819457152402292736\/photo\/1","type":"photo","sizes":{"thumb":{"w":150,"h":150,"resize":"crop"},"large":{"w":583,"h":874,"resize":"fit"},"small":{"w":454,"h":680,"resize":"fit"},"medium":{"w":583,"h":874,"resize":"fit"}}},{"id":819457132974182400,"id_str":"819457132974182400","indices":[17,40],"media_url":"http:\/\/pbs.twimg.com\/media\/C19L67eWEAAW8_8.jpg","media_url_https":"https:\/\/pbs.twimg.com\/media\/C19L67eWEAAW8_8.jpg","url":"https:\/\/t.co\/ikbv5mASBx","display_url":"pic.twitter.com\/ikbv5mASBx","expanded_url":"https:\/\/twitter.com\/eatjinstan\/status\/819457152402292736\/photo\/1","type":"photo","sizes":{"large":{"w":1364,"h":2048,"resize":"fit"},"medium":{"w":799,"h":1200,"resize":"fit"},"thumb":{"w":150,"h":150,"resize":"crop"},"small":{"w":453,"h":680,"resize":"fit"}}}]},"source":"\u003ca href=\"http:\/\/twitter.com\/download\/iphone\" rel=\"nofollow\"\u003eTwitter for iPhone\u003c\/a\u003e","in_reply_to_status_id":null,"in_reply_to_status_id_str":null,"in_reply_to_user_id":null,"in_reply_to_user_id_str":null,"in_reply_to_screen_name":null,"user":{"id":2290539147,"id_str":"2290539147","name":"hyungwon day !","screen_name":"eatjinstan","location":"seokjin | c  c","description":"*yanan voice* annyeong chingudeul !","url":null,"entities":{"description":{"urls":[]}},"protected":false,"followers_count":1674,"friends_count":149,"listed_count":51,"created_at":"Sat Jan 18 22:24:26 +0000 2014","favourites_count":12815,"utc_offset":0,"time_zone":"London","geo_enabled":false,"verified":false,"statuses_count":31650,"lang":"en","contributors_enabled":false,"is_translator":false,"is_translation_enabled":false,"profile_background_color":"000000","profile_background_image_url":"http:\/\/pbs.twimg.com\/profile_background_images\/437644984934600704\/3cua-3Sg.jpeg","profile_background_image_url_https":"https:\/\/pbs.twimg.com\/profile_background_images\/437644984934600704\/3cua-3Sg.jpeg","profile_background_tile":false,"profile_image_url":"http:\/\/pbs.twimg.com\/profile_images\/820263981910806528\/gYWtvbrW_normal.jpg","profile_image_url_https":"https:\/\/pbs.twimg.com\/profile_images\/820263981910806528\/gYWtvbrW_normal.jpg","profile_banner_url":"https:\/\/pbs.twimg.com\/profile_banners\/2290539147\/1484401151","profile_link_color":"000000","profile_sidebar_border_color":"000000","profile_sidebar_fill_color":"DDEEF6","profile_text_color":"333333","profile_use_background_image":true,"has_extended_profile":true,"default_profile":false,"default_profile_image":false,"following":false,"follow_request_sent":false,"notifications":false,"translator_type":"none"},"geo":null,"coordinates":null,"place":null,"contributors":null,"is_quote_status":false,"retweet_count":0,"favorite_count":0,"favorited":false,"retweeted":false,"possibly_sensitive":false,"possibly_sensitive_appealable":false,"lang":"en"}
