{"created_at":"Thu Jan 12 08:13:03 +0000 2017","id":819457147146620928,"id_str":"819457147146620928","text":"\ud83c\udfa7\ud83c\udfb6 \u266b Like I'm Gonna Lose You (feat. John Legend) by Meghan Trainor \u2014 https:\/\/t.co\/GvWmNNmVcs","truncated":false,"entities":{"hashtags":[],"symbols":[],"user_mentions":[],"urls":[{"url":"https:\/\/t.co\/GvWmNNmVcs","expanded_url":"https:\/\/path.com\/p\/1DwE2W","display_url":"path.com\/p\/1DwE2W","indices":[69,92]}]},"source":"\u003ca href=\"https:\/\/path.com\/\" rel=\"nofollow\"\u003ePath\u003c\/a\u003e","in_reply_to_status_id":null,"in_reply_to_status_id_str":null,"in_reply_to_user_id":null,"in_reply_to_user_id_str":null,"in_reply_to_screen_name":null,"user":{"id":1214492023,"id_str":"1214492023","name":"Triputri Tyasayu I.","screen_name":"triputri93","location":"Yogyakarta.Indonesia","description":"IG : @triputri93 | Path : Triputri Tyasayu | Cancer \u264b","url":"https:\/\/t.co\/5gElYXCZ7R","entities":{"url":{"urls":[{"url":"https:\/\/t.co\/5gElYXCZ7R","expanded_url":"http:\/\/triputrityasayu.tumblr.com","display_url":"triputrityasayu.tumblr.com","indices":[0,23]}]},"description":{"urls":[]}},"protected":false,"followers_count":181,"friends_count":146,"listed_count":3,"created_at":"Sun Feb 24 04:39:10 +0000 2013","favourites_count":382,"utc_offset":25200,"time_zone":"Jakarta","geo_enabled":true,"verified":false,"statuses_count":4603,"lang":"id","contributors_enabled":false,"is_translator":false,"is_translation_enabled":false,"profile_background_color":"C0DEED","profile_background_image_url":"http:\/\/pbs.twimg.com\/profile_background_images\/699482152535109633\/Jzf6gLqg.jpg","profile_background_image_url_https":"https:\/\/pbs.twimg.com\/profile_background_images\/699482152535109633\/Jzf6gLqg.jpg","profile_background_tile":true,"profile_image_url":"http:\/\/pbs.twimg.com\/profile_images\/796725790528270337\/8NHziLJF_normal.jpg","profile_image_url_https":"https:\/\/pbs.twimg.com\/profile_images\/796725790528270337\/8NHziLJF_normal.jpg","profile_banner_url":"https:\/\/pbs.twimg.com\/profile_banners\/1214492023\/1468391839","profile_link_color":"9266CC","profile_sidebar_border_color":"FFFFFF","profile_sidebar_fill_color":"DDEEF6","profile_text_color":"333333","profile_use_background_image":true,"has_extended_profile":true,"default_profile":false,"default_profile_image":false,"following":false,"follow_request_sent":false,"notifications":false,"translator_type":"none"},"geo":null,"coordinates":null,"place":null,"contributors":null,"is_quote_status":false,"retweet_count":0,"favorite_count":0,"favorited":false,"retweeted":false,"possibly_sensitive":false,"possibly_sensitive_appealable":false,"lang":"en"}
