{"created_at":"Thu Jan 12 08:13:05 +0000 2017","id":819457154897866752,"id_str":"819457154897866752","text":"I'm at McDonald's in Al Farwaniyah Governate https:\/\/t.co\/0HB2r1sdNV","truncated":false,"entities":{"hashtags":[],"symbols":[],"user_mentions":[],"urls":[{"url":"https:\/\/t.co\/0HB2r1sdNV","expanded_url":"https:\/\/www.swarmapp.com\/c\/6UIXXQBv4eL","display_url":"swarmapp.com\/c\/6UIXXQBv4eL","indices":[45,68]}]},"source":"\u003ca href=\"http:\/\/foursquare.com\" rel=\"nofollow\"\u003eFoursquare\u003c\/a\u003e","in_reply_to_status_id":null,"in_reply_to_status_id_str":null,"in_reply_to_user_id":null,"in_reply_to_user_id_str":null,"in_reply_to_screen_name":null,"user":{"id":588121585,"id_str":"588121585","name":"AH.","screen_name":"Alhussinan_","location":"","description":"\u0627\u0644\u0644\u0647\u0645 \u0627\u0631\u062d\u0645\u0646\u064a \u064a\u0648\u0645 \u0644\u0627 \u064a\u064f\u0633\u0645\u0639 \u0644\u0642\u0644\u0628\u064a \u0646\u0628\u0636\ud83d\udc97.","url":"https:\/\/t.co\/Rv0a1Y5PeV","entities":{"url":{"urls":[{"url":"https:\/\/t.co\/Rv0a1Y5PeV","expanded_url":"https:\/\/m.ask.fm\/aalhussinan","display_url":"m.ask.fm\/aalhussinan","indices":[0,23]}]},"description":{"urls":[]}},"protected":false,"followers_count":790,"friends_count":49,"listed_count":0,"created_at":"Wed May 23 08:26:09 +0000 2012","favourites_count":47,"utc_offset":-28800,"time_zone":"Pacific Time (US & Canada)","geo_enabled":true,"verified":false,"statuses_count":17605,"lang":"en","contributors_enabled":false,"is_translator":false,"is_translation_enabled":false,"profile_background_color":"C0DEED","profile_background_image_url":"http:\/\/abs.twimg.com\/images\/themes\/theme1\/bg.png","profile_background_image_url_https":"https:\/\/abs.twimg.com\/images\/themes\/theme1\/bg.png","profile_background_tile":false,"profile_image_url":"http:\/\/pbs.twimg.com\/profile_images\/817326937844699136\/uQnHB5x__normal.jpg","profile_image_url_https":"https:\/\/pbs.twimg.com\/profile_images\/817326937844699136\/uQnHB5x__normal.jpg","profile_banner_url":"https:\/\/pbs.twimg.com\/profile_banners\/588121585\/1483700904","profile_link_color":"1DA1F2","profile_sidebar_border_color":"C0DEED","profile_sidebar_fill_color":"DDEEF6","profile_text_color":"333333","profile_use_background_image":true,"has_extended_profile":true,"default_profile":true,"default_profile_image":false,"following":false,"follow_request_sent":false,"notifications":false,"translator_type":"none"},"geo":{"type":"Point","coordinates":[29.24648675,47.93599367]},"coordinates":{"type":"Point","coordinates":[47.93599367,29.24648675]},"place":{"id":"008f81b31d6f4e84","url":"https:\/\/api.twitter.com\/1.1\/geo\/id\/008f81b31d6f4e84.json","place_type":"city","name":"\u062c\u0644\u064a\u0628 \u0627\u0644\u0634\u064a\u0648\u062e","full_name":"\u062c\u0644\u064a\u0628 \u0627\u0644\u0634\u064a\u0648\u062e, \u062f\u0648\u0644\u0629 \u0627\u0644\u0643\u0648\u064a\u062a","country_code":"KW","country":"\u062f\u0648\u0644\u0629 \u0627\u0644\u0643\u0648\u064a\u062a","contained_within":[],"bounding_box":{"type":"Polygon","coordinates":[[[47.9076464,29.237281],[47.9577321,29.237281],[47.9577321,29.2670881],[47.9076464,29.2670881]]]},"attributes":{}},"contributors":null,"is_quote_status":false,"retweet_count":0,"favorite_count":0,"favorited":false,"retweeted":false,"possibly_sensitive":false,"possibly_sensitive_appealable":false,"lang":"en"}
