{"created_at":"Thu Jan 12 08:13:03 +0000 2017","id":819457147457196032,"id_str":"819457147457196032","text":"I posted a new video to Facebook https:\/\/t.co\/diASmLS9in","truncated":false,"entities":{"hashtags":[],"symbols":[],"user_mentions":[],"urls":[{"url":"https:\/\/t.co\/diASmLS9in","expanded_url":"http:\/\/fb.me\/1rd1lc0V6","display_url":"fb.me\/1rd1lc0V6","indices":[33,56]}]},"source":"\u003ca href=\"http:\/\/www.facebook.com\/twitter\" rel=\"nofollow\"\u003eFacebook\u003c\/a\u003e","in_reply_to_status_id":null,"in_reply_to_status_id_str":null,"in_reply_to_user_id":null,"in_reply_to_user_id_str":null,"in_reply_to_screen_name":null,"user":{"id":1460544548,"id_str":"1460544548","name":"Ere\u011fli Metro Tv","screen_name":"ereglimetrotv","location":"","description":"Do\u011fru ve Tarafs\u0131z Haber","url":"http:\/\/t.co\/9KN6QI7zyH","entities":{"url":{"urls":[{"url":"http:\/\/t.co\/9KN6QI7zyH","expanded_url":"http:\/\/www.ereglimetro.com\/","display_url":"ereglimetro.com","indices":[0,22]}]},"description":{"urls":[]}},"protected":false,"followers_count":370,"friends_count":7,"listed_count":1,"created_at":"Sun May 26 20:10:38 +0000 2013","favourites_count":0,"utc_offset":7200,"time_zone":"Athens","geo_enabled":true,"verified":false,"statuses_count":10289,"lang":"tr","contributors_enabled":false,"is_translator":false,"is_translation_enabled":false,"profile_background_color":"C0DEED","profile_background_image_url":"http:\/\/pbs.twimg.com\/profile_background_images\/436678670334189568\/_cbR2GsJ.jpeg","profile_background_image_url_https":"https:\/\/pbs.twimg.com\/profile_background_images\/436678670334189568\/_cbR2GsJ.jpeg","profile_background_tile":true,"profile_image_url":"http:\/\/pbs.twimg.com\/profile_images\/3714932326\/8e8a9e1a3cff1142c676f740de11f5cf_normal.jpeg","profile_image_url_https":"https:\/\/pbs.twimg.com\/profile_images\/3714932326\/8e8a9e1a3cff1142c676f740de11f5cf_normal.jpeg","profile_link_color":"DD2E44","profile_sidebar_border_color":"FFFFFF","profile_sidebar_fill_color":"DDEEF6","profile_text_color":"333333","profile_use_background_image":true,"has_extended_profile":false,"default_profile":false,"default_profile_image":false,"following":false,"follow_request_sent":false,"notifications":false,"translator_type":"regular"},"geo":null,"coordinates":null,"place":null,"contributors":null,"is_quote_status":false,"retweet_count":0,"favorite_count":0,"favorited":false,"retweeted":false,"possibly_sensitive":false,"possibly_sensitive_appealable":false,"lang":"en"}
