{"created_at":"Thu Jan 12 08:13:03 +0000 2017","id":819457146098069504,"id_str":"819457146098069504","text":"I NEED MORE EPS WEIGHTLIFTING KIM BOK JOO \ud83d\ude29","truncated":false,"entities":{"hashtags":[],"symbols":[],"user_mentions":[],"urls":[]},"source":"\u003ca href=\"http:\/\/twitter.com\" rel=\"nofollow\"\u003eTwitter Web Client\u003c\/a\u003e","in_reply_to_status_id":null,"in_reply_to_status_id_str":null,"in_reply_to_user_id":null,"in_reply_to_user_id_str":null,"in_reply_to_screen_name":null,"user":{"id":1341662928,"id_str":"1341662928","name":"Nadhirah","screen_name":"kimkarbin","location":"","description":"","url":null,"entities":{"description":{"urls":[]}},"protected":false,"followers_count":868,"friends_count":835,"listed_count":2,"created_at":"Wed Apr 10 11:31:35 +0000 2013","favourites_count":8781,"utc_offset":28800,"time_zone":"Kuala Lumpur","geo_enabled":true,"verified":false,"statuses_count":44385,"lang":"en","contributors_enabled":false,"is_translator":false,"is_translation_enabled":false,"profile_background_color":"0C0D0D","profile_background_image_url":"http:\/\/pbs.twimg.com\/profile_background_images\/652452408904146945\/yIQyNeam.jpg","profile_background_image_url_https":"https:\/\/pbs.twimg.com\/profile_background_images\/652452408904146945\/yIQyNeam.jpg","profile_background_tile":true,"profile_image_url":"http:\/\/pbs.twimg.com\/profile_images\/819546138176954372\/_gFzVDQV_normal.jpg","profile_image_url_https":"https:\/\/pbs.twimg.com\/profile_images\/819546138176954372\/_gFzVDQV_normal.jpg","profile_banner_url":"https:\/\/pbs.twimg.com\/profile_banners\/1341662928\/1484230068","profile_link_color":"E81C4F","profile_sidebar_border_color":"000000","profile_sidebar_fill_color":"F6FFD1","profile_text_color":"333333","profile_use_background_image":true,"has_extended_profile":true,"default_profile":false,"default_profile_image":false,"following":false,"follow_request_sent":false,"notifications":false,"translator_type":"none"},"geo":null,"coordinates":null,"place":null,"contributors":null,"is_quote_status":false,"retweet_count":0,"favorite_count":1,"favorited":false,"retweeted":false,"lang":"en"}
