{"created_at":"Thu Jan 12 08:13:06 +0000 2017","id":819457159683420160,"id_str":"819457159683420160","text":"@ChristArciga B O I I I YOURE ASKING TOO MUCH","truncated":false,"entities":{"hashtags":[],"symbols":[],"user_mentions":[{"screen_name":"ChristArciga","name":"Christian","id":789720536293183488,"id_str":"789720536293183488","indices":[0,13]}],"urls":[]},"source":"\u003ca href=\"http:\/\/twitter.com\/download\/iphone\" rel=\"nofollow\"\u003eTwitter for iPhone\u003c\/a\u003e","in_reply_to_status_id":819455889404882944,"in_reply_to_status_id_str":"819455889404882944","in_reply_to_user_id":789720536293183488,"in_reply_to_user_id_str":"789720536293183488","in_reply_to_screen_name":"ChristArciga","user":{"id":803454196695515136,"id_str":"803454196695515136","name":"Eli Becerra","screen_name":"EliThePotato","location":"Gilroy, CA","description":"","url":null,"entities":{"description":{"urls":[]}},"protected":false,"followers_count":43,"friends_count":88,"listed_count":0,"created_at":"Tue Nov 29 04:23:02 +0000 2016","favourites_count":10,"utc_offset":null,"time_zone":null,"geo_enabled":false,"verified":false,"statuses_count":3,"lang":"en","contributors_enabled":false,"is_translator":false,"is_translation_enabled":false,"profile_background_color":"F5F8FA","profile_background_image_url":null,"profile_background_image_url_https":null,"profile_background_tile":false,"profile_image_url":"http:\/\/pbs.twimg.com\/profile_images\/803456619669356544\/6WCoPeLB_normal.jpg","profile_image_url_https":"https:\/\/pbs.twimg.com\/profile_images\/803456619669356544\/6WCoPeLB_normal.jpg","profile_banner_url":"https:\/\/pbs.twimg.com\/profile_banners\/803454196695515136\/1481704450","profile_link_color":"1DA1F2","profile_sidebar_border_color":"C0DEED","profile_sidebar_fill_color":"DDEEF6","profile_text_color":"333333","profile_use_background_image":true,"has_extended_profile":true,"default_profile":true,"default_profile_image":false,"following":false,"follow_request_sent":false,"notifications":false,"translator_type":"none"},"geo":null,"coordinates":null,"place":null,"contributors":null,"is_quote_status":false,"retweet_count":0,"favorite_count":0,"favorited":false,"retweeted":false,"lang":"en"}
