{"created_at":"Thu Jan 12 08:13:02 +0000 2017","id":819457144617635841,"id_str":"819457144617635841","text":"I want to enjoy sex with you &gt;&gt;  https:\/\/t.co\/amhzdJP1Xr https:\/\/t.co\/aSm6iaW0au","truncated":false,"entities":{"hashtags":[],"symbols":[],"user_mentions":[],"urls":[{"url":"https:\/\/t.co\/amhzdJP1Xr","expanded_url":"https:\/\/goo.gl\/yaqSqD?oRJAq","display_url":"goo.gl\/yaqSqD?oRJAq","indices":[39,62]}],"media":[{"id":819457078490185728,"id_str":"819457078490185728","indices":[63,86],"media_url":"http:\/\/pbs.twimg.com\/tweet_video_thumb\/C19L3wgWQAAFEGs.jpg","media_url_https":"https:\/\/pbs.twimg.com\/tweet_video_thumb\/C19L3wgWQAAFEGs.jpg","url":"https:\/\/t.co\/aSm6iaW0au","display_url":"pic.twitter.com\/aSm6iaW0au","expanded_url":"https:\/\/twitter.com\/Exotic_Sex_\/status\/819457144617635841\/photo\/1","type":"photo","sizes":{"small":{"w":340,"h":185,"resize":"fit"},"thumb":{"w":150,"h":150,"resize":"crop"},"medium":{"w":492,"h":268,"resize":"fit"},"large":{"w":492,"h":268,"resize":"fit"}}}]},"extended_entities":{"media":[{"id":819457078490185728,"id_str":"819457078490185728","indices":[63,86],"media_url":"http:\/\/pbs.twimg.com\/tweet_video_thumb\/C19L3wgWQAAFEGs.jpg","media_url_https":"https:\/\/pbs.twimg.com\/tweet_video_thumb\/C19L3wgWQAAFEGs.jpg","url":"https:\/\/t.co\/aSm6iaW0au","display_url":"pic.twitter.com\/aSm6iaW0au","expanded_url":"https:\/\/twitter.com\/Exotic_Sex_\/status\/819457144617635841\/photo\/1","type":"animated_gif","sizes":{"small":{"w":340,"h":185,"resize":"fit"},"thumb":{"w":150,"h":150,"resize":"crop"},"medium":{"w":492,"h":268,"resize":"fit"},"large":{"w":492,"h":268,"resize":"fit"}},"video_info":{"aspect_ratio":[123,67],"variants":[{"bitrate":0,"content_type":"video\/mp4","url":"https:\/\/video.twimg.com\/tweet_video\/C19L3wgWQAAFEGs.mp4"}]}}]},"source":"\u003ca href=\"http:\/\/twitter.com\" rel=\"nofollow\"\u003eTwitter Web Client\u003c\/a\u003e","in_reply_to_status_id":null,"in_reply_to_status_id_str":null,"in_reply_to_user_id":null,"in_reply_to_user_id_str":null,"in_reply_to_screen_name":null,"user":{"id":4288886689,"id_str":"4288886689","name":"Delores Dykes","screen_name":"Exotic_Sex_","location":"","description":"Wanna try something new in your bed?","url":null,"entities":{"description":{"urls":[]}},"protected":false,"followers_count":5661,"friends_count":5466,"listed_count":10,"created_at":"Thu Nov 19 10:28:53 +0000 2015","favourites_count":0,"utc_offset":-28800,"time_zone":"Pacific Time (US & Canada)","geo_enabled":false,"verified":false,"statuses_count":4515,"lang":"en","contributors_enabled":false,"is_translator":false,"is_translation_enabled":false,"profile_background_color":"000000","profile_background_image_url":"http:\/\/abs.twimg.com\/images\/themes\/theme1\/bg.png","profile_background_image_url_https":"https:\/\/abs.twimg.com\/images\/themes\/theme1\/bg.png","profile_background_tile":false,"profile_image_url":"http:\/\/pbs.twimg.com\/profile_images\/755013410073477120\/nfEoF8l-_normal.jpg","profile_image_url_https":"https:\/\/pbs.twimg.com\/profile_images\/755013410073477120\/nfEoF8l-_normal.jpg","profile_banner_url":"https:\/\/pbs.twimg.com\/profile_banners\/4288886689\/1468844215","profile_link_color":"DD2E44","profile_sidebar_border_color":"000000","profile_sidebar_fill_color":"000000","profile_text_color":"000000","profile_use_background_image":false,"has_extended_profile":false,"default_profile":false,"default_profile_image":false,"following":false,"follow_request_sent":false,"notifications":false,"translator_type":"none"},"geo":null,"coordinates":null,"place":null,"contributors":null,"is_quote_status":false,"retweet_count":0,"favorite_count":0,"favorited":false,"retweeted":false,"possibly_sensitive":false,"possibly_sensitive_appealable":false,"lang":"en"}
