{"created_at":"Thu Jan 12 08:13:01 +0000 2017","id":819457140238651393,"id_str":"819457140238651393","text":"\u76f8\u4e92\u30d5\u30a9\u30ed\u7206\u3057\u307e\u305b\u3093\u304b\uff1f\u3053\u3061\u3089\uff11\uff15\uff10\uff5e\uff12\uff10\uff10\u57a2\u307e\u3067\u3042\u308a\u307e\u3059\u300220\u57a2\u304b\u3089\u53d7\u3051\u4ed8\u3051\u3066\u3044\u307e\u3059\uff01Bio\u306b\u66f8\u3044\u3066\u308bID\u306e\u30a2\u30ab\u30a6\u30f3\u30c8\u306b\u30ea\u30d7\u30e9\u30a4\u3092\u9001\u3063\u3066\u304f\u3060\u3055\u3044\u3002\u3053\u306e\u30a2\u30ab\u30a6\u30f3\u30c8\u306b\u8fd4\u4fe1\u3057\u3066\u3082\u53cd\u5fdc\u3057\u307e\u305b\u3093\u3002i","truncated":false,"entities":{"hashtags":[],"symbols":[],"user_mentions":[],"urls":[]},"source":"\u003ca href=\"http:\/\/twittbot.net\/\" rel=\"nofollow\"\u003etwittbot.net\u003c\/a\u003e","in_reply_to_status_id":null,"in_reply_to_status_id_str":null,"in_reply_to_user_id":null,"in_reply_to_user_id_str":null,"in_reply_to_screen_name":null,"user":{"id":2344789135,"id_str":"2344789135","name":"\u8c46\u8150\u306e\u89d2","screen_name":"touhu_KaKu","location":"","description":"\u8fd1\u3044\u3046\u3061\u518d\u958b\u3059\u308b\u304b\u3082\u3057\u308c\u306a\u3044\u304b\u3082\u3057\u308c\u306a\u3044\u3002","url":null,"entities":{"description":{"urls":[]}},"protected":false,"followers_count":450,"friends_count":1,"listed_count":5,"created_at":"Sat Feb 15 08:24:21 +0000 2014","favourites_count":2126,"utc_offset":null,"time_zone":null,"geo_enabled":false,"verified":false,"statuses_count":51084,"lang":"ja","contributors_enabled":false,"is_translator":false,"is_translation_enabled":false,"profile_background_color":"C0DEED","profile_background_image_url":"http:\/\/abs.twimg.com\/images\/themes\/theme1\/bg.png","profile_background_image_url_https":"https:\/\/abs.twimg.com\/images\/themes\/theme1\/bg.png","profile_background_tile":false,"profile_image_url":"http:\/\/pbs.twimg.com\/profile_images\/468678965016526848\/QwawZ1K4_normal.jpeg","profile_image_url_https":"https:\/\/pbs.twimg.com\/profile_images\/468678965016526848\/QwawZ1K4_normal.jpeg","profile_banner_url":"https:\/\/pbs.twimg.com\/profile_banners\/2344789135\/1392452740","profile_link_color":"1DA1F2","profile_sidebar_border_color":"C0DEED","profile_sidebar_fill_color":"DDEEF6","profile_text_color":"333333","profile_use_background_image":true,"has_extended_profile":false,"default_profile":true,"default_profile_image":false,"following":false,"follow_request_sent":false,"notifications":false,"translator_type":"none"},"geo":null,"coordinates":null,"place":null,"contributors":null,"is_quote_status":false,"retweet_count":0,"favorite_count":0,"favorited":false,"retweeted":false,"lang":"ja"}
