{"created_at":"Thu Jan 12 08:13:03 +0000 2017","id":819457147000016896,"id_str":"819457147000016896","text":"I CANT BELIEVE https:\/\/t.co\/iowVTvY6xD","truncated":false,"entities":{"hashtags":[],"symbols":[],"user_mentions":[],"urls":[],"media":[{"id":819457031186878466,"id_str":"819457031186878466","indices":[15,38],"media_url":"http:\/\/pbs.twimg.com\/media\/C19L1ASXEAI5Eem.jpg","media_url_https":"https:\/\/pbs.twimg.com\/media\/C19L1ASXEAI5Eem.jpg","url":"https:\/\/t.co\/iowVTvY6xD","display_url":"pic.twitter.com\/iowVTvY6xD","expanded_url":"https:\/\/twitter.com\/wenderped\/status\/819457147000016896\/photo\/1","type":"photo","sizes":{"large":{"w":480,"h":480,"resize":"fit"},"medium":{"w":480,"h":480,"resize":"fit"},"thumb":{"w":150,"h":150,"resize":"crop"},"small":{"w":480,"h":480,"resize":"fit"}}}]},"extended_entities":{"media":[{"id":819457031186878466,"id_str":"819457031186878466","indices":[15,38],"media_url":"http:\/\/pbs.twimg.com\/media\/C19L1ASXEAI5Eem.jpg","media_url_https":"https:\/\/pbs.twimg.com\/media\/C19L1ASXEAI5Eem.jpg","url":"https:\/\/t.co\/iowVTvY6xD","display_url":"pic.twitter.com\/iowVTvY6xD","expanded_url":"https:\/\/twitter.com\/wenderped\/status\/819457147000016896\/photo\/1","type":"photo","sizes":{"large":{"w":480,"h":480,"resize":"fit"},"medium":{"w":480,"h":480,"resize":"fit"},"thumb":{"w":150,"h":150,"resize":"crop"},"small":{"w":480,"h":480,"resize":"fit"}}},{"id":819457038614986752,"id_str":"819457038614986752","indices":[15,38],"media_url":"http:\/\/pbs.twimg.com\/media\/C19L1b9XAAArXU_.jpg","media_url_https":"https:\/\/pbs.twimg.com\/media\/C19L1b9XAAArXU_.jpg","url":"https:\/\/t.co\/iowVTvY6xD","display_url":"pic.twitter.com\/iowVTvY6xD","expanded_url":"https:\/\/twitter.com\/wenderped\/status\/819457147000016896\/photo\/1","type":"photo","sizes":{"small":{"w":680,"h":680,"resize":"fit"},"thumb":{"w":150,"h":150,"resize":"crop"},"large":{"w":2008,"h":2009,"resize":"fit"},"medium":{"w":1199,"h":1200,"resize":"fit"}}},{"id":819457085398192130,"id_str":"819457085398192130","indices":[15,38],"media_url":"http:\/\/pbs.twimg.com\/media\/C19L4KPWEAIdUy8.jpg","media_url_https":"https:\/\/pbs.twimg.com\/media\/C19L4KPWEAIdUy8.jpg","url":"https:\/\/t.co\/iowVTvY6xD","display_url":"pic.twitter.com\/iowVTvY6xD","expanded_url":"https:\/\/twitter.com\/wenderped\/status\/819457147000016896\/photo\/1","type":"photo","sizes":{"small":{"w":680,"h":680,"resize":"fit"},"thumb":{"w":150,"h":150,"resize":"crop"},"medium":{"w":1200,"h":1200,"resize":"fit"},"large":{"w":2048,"h":2048,"resize":"fit"}}}]},"source":"\u003ca href=\"http:\/\/twitter.com\/download\/android\" rel=\"nofollow\"\u003eTwitter for Android\u003c\/a\u003e","in_reply_to_status_id":null,"in_reply_to_status_id_str":null,"in_reply_to_user_id":null,"in_reply_to_user_id_str":null,"in_reply_to_screen_name":null,"user":{"id":630926258,"id_str":"630926258","name":"Valya. | Heronstairs","screen_name":"wenderped","location":"Alicante, Hogwarts, District 7","description":"SHINee, 9M + DMTN, 2NE1, MMM and RV + STELLAR&EXID. \u205d\u205e\u205dLOO\u03a0\u0394\u205d\u205e\u205d\u205d (JCB, AGB, #teamGRIMMIE \\|\/)| \u2606 RebLya | If they're disrespectful, eat 'em. - Fannibal -","url":null,"entities":{"description":{"urls":[]}},"protected":false,"followers_count":4867,"friends_count":3500,"listed_count":77,"created_at":"Mon Jul 09 09:00:46 +0000 2012","favourites_count":33933,"utc_offset":7200,"time_zone":"Athens","geo_enabled":true,"verified":false,"statuses_count":273705,"lang":"it","contributors_enabled":false,"is_translator":false,"is_translation_enabled":false,"profile_background_color":"FFFFFF","profile_background_image_url":"http:\/\/pbs.twimg.com\/profile_background_images\/574165102208774144\/9-fM3xyN.jpeg","profile_background_image_url_https":"https:\/\/pbs.twimg.com\/profile_background_images\/574165102208774144\/9-fM3xyN.jpeg","profile_background_tile":false,"profile_image_url":"http:\/\/pbs.twimg.com\/profile_images\/820366331442855937\/oooNXYsy_normal.jpg","profile_image_url_https":"https:\/\/pbs.twimg.com\/profile_images\/820366331442855937\/oooNXYsy_normal.jpg","profile_banner_url":"https:\/\/pbs.twimg.com\/profile_banners\/630926258\/1481154224","profile_link_color":"000000","profile_sidebar_border_color":"FFFFFF","profile_sidebar_fill_color":"DDEEF6","profile_text_color":"333333","profile_use_background_image":true,"has_extended_profile":false,"default_profile":false,"default_profile_image":false,"following":false,"follow_request_sent":false,"notifications":false,"translator_type":"regular"},"geo":null,"coordinates":null,"place":null,"contributors":null,"is_quote_status":false,"retweet_count":0,"favorite_count":0,"favorited":false,"retweeted":false,"possibly_sensitive":false,"possibly_sensitive_appealable":false,"lang":"en"}
