{"created_at":"Thu Jan 12 08:13:02 +0000 2017","id":819457145598947328,"id_str":"819457145598947328","text":"Coughing my lungs out rn with this cold.. but at least I'm getting my abdominal workout in? \ud83e\udd14","truncated":false,"entities":{"hashtags":[],"symbols":[],"user_mentions":[],"urls":[]},"source":"\u003ca href=\"http:\/\/twitter.com\/download\/iphone\" rel=\"nofollow\"\u003eTwitter for iPhone\u003c\/a\u003e","in_reply_to_status_id":null,"in_reply_to_status_id_str":null,"in_reply_to_user_id":null,"in_reply_to_user_id_str":null,"in_reply_to_screen_name":null,"user":{"id":604251452,"id_str":"604251452","name":"David Darby","screen_name":"dTw1ce","location":"Honolulu, HI","description":"","url":null,"entities":{"description":{"urls":[]}},"protected":false,"followers_count":73,"friends_count":81,"listed_count":1,"created_at":"Sun Jun 10 06:17:42 +0000 2012","favourites_count":567,"utc_offset":-36000,"time_zone":"Hawaii","geo_enabled":false,"verified":false,"statuses_count":511,"lang":"en","contributors_enabled":false,"is_translator":false,"is_translation_enabled":false,"profile_background_color":"C0DEED","profile_background_image_url":"http:\/\/abs.twimg.com\/images\/themes\/theme1\/bg.png","profile_background_image_url_https":"https:\/\/abs.twimg.com\/images\/themes\/theme1\/bg.png","profile_background_tile":false,"profile_image_url":"http:\/\/pbs.twimg.com\/profile_images\/549686039720108033\/UmymGWOq_normal.jpeg","profile_image_url_https":"https:\/\/pbs.twimg.com\/profile_images\/549686039720108033\/UmymGWOq_normal.jpeg","profile_banner_url":"https:\/\/pbs.twimg.com\/profile_banners\/604251452\/1419890679","profile_link_color":"1DA1F2","profile_sidebar_border_color":"C0DEED","profile_sidebar_fill_color":"DDEEF6","profile_text_color":"333333","profile_use_background_image":true,"has_extended_profile":false,"default_profile":true,"default_profile_image":false,"following":false,"follow_request_sent":false,"notifications":false,"translator_type":"none"},"geo":null,"coordinates":null,"place":null,"contributors":null,"is_quote_status":false,"retweet_count":0,"favorite_count":0,"favorited":false,"retweeted":false,"lang":"en"}
