{"created_at":"Thu Jan 12 08:13:02 +0000 2017","id":819457142784544770,"id_str":"819457142784544770","text":"@HB930929__ \uc5c7...\uc9c0\uc778\uc591\ub3c4\ub294 \uc548\ub418\uc9c0\u314b\u314b","truncated":false,"entities":{"hashtags":[],"symbols":[],"user_mentions":[{"screen_name":"HB930929__","name":"\u2764\uca61\ud83d\udc30\ud64d\ube48\uc544\ud83d\udc30\uc774\u2764","id":314669587,"id_str":"314669587","indices":[0,11]}],"urls":[]},"source":"\u003ca href=\"http:\/\/twitter.com\/download\/android\" rel=\"nofollow\"\u003eTwitter for Android\u003c\/a\u003e","in_reply_to_status_id":819456430893764609,"in_reply_to_status_id_str":"819456430893764609","in_reply_to_user_id":314669587,"in_reply_to_user_id_str":"314669587","in_reply_to_screen_name":"HB930929__","user":{"id":4033684694,"id_str":"4033684694","name":"\uc2a4\uc774","screen_name":"ce_i0224","location":"","description":"2n \ubcc4\ube5b\uc785\ub2c8\ub2e4\n\uac00\ub054 \uadf8\ub9bc\uadf8\ub9bd\ub2c8\ub2e4\ud83d\ude0a\n\ubcc4\ube5b,\uba5c\ub85c\ub514 \uc81c\uc678\ud55c \ubd84\ub4e4\uc740 \ud314\ub85c\ud83d\ude45\ud638\uacf6\ud83d\ude45\n\uc11c\ub85c \uc548\ub9de\uc73c\uba74 \ube14\uc5b8\ube14,\ube14\ub77d\ud574\uc694\n\ud83d\ude47\ucee4\ubbf8\uc158\ubc1b\uc544\uc694:-)\ud83d\ude4f\n\uccab\uc9f8 \uc124\uae30(\ud1a0\ub07c)-10\ub144\uc0dd~16.12.25\n\ub458\uc9f8 \uc2dc\ub8e8(\ucf54\uc20f)-11.2.24~\n\uc14b\uc9f8 \ucf69(\uc0f4)-16.1.24~","url":null,"entities":{"description":{"urls":[]}},"protected":false,"followers_count":167,"friends_count":337,"listed_count":0,"created_at":"Tue Oct 27 08:47:38 +0000 2015","favourites_count":3002,"utc_offset":null,"time_zone":null,"geo_enabled":true,"verified":false,"statuses_count":27573,"lang":"ko","contributors_enabled":false,"is_translator":false,"is_translation_enabled":false,"profile_background_color":"C0DEED","profile_background_image_url":"http:\/\/abs.twimg.com\/images\/themes\/theme1\/bg.png","profile_background_image_url_https":"https:\/\/abs.twimg.com\/images\/themes\/theme1\/bg.png","profile_background_tile":false,"profile_image_url":"http:\/\/pbs.twimg.com\/profile_images\/819941663640408064\/IJgJ8X7I_normal.jpg","profile_image_url_https":"https:\/\/pbs.twimg.com\/profile_images\/819941663640408064\/IJgJ8X7I_normal.jpg","profile_banner_url":"https:\/\/pbs.twimg.com\/profile_banners\/4033684694\/1479396059","profile_link_color":"1DA1F2","profile_sidebar_border_color":"C0DEED","profile_sidebar_fill_color":"DDEEF6","profile_text_color":"333333","profile_use_background_image":true,"has_extended_profile":true,"default_profile":true,"default_profile_image":false,"following":false,"follow_request_sent":false,"notifications":false,"translator_type":"none"},"geo":null,"coordinates":null,"place":null,"contributors":null,"is_quote_status":false,"retweet_count":0,"favorite_count":0,"favorited":false,"retweeted":false,"lang":"ko"}
