{"created_at":"Thu Jan 12 08:13:02 +0000 2017","id":819457142130257920,"id_str":"819457142130257920","text":"@imblazed_trey @Allthingsfresh3 Sometimes I have the worst of luck","truncated":false,"entities":{"hashtags":[],"symbols":[],"user_mentions":[{"screen_name":"imblazed_trey","name":"LilTracy\ud83d\udc80\ud83d\udc95","id":443673147,"id_str":"443673147","indices":[0,14]},{"screen_name":"Allthingsfresh3","name":"Cowboys 13-3","id":163724457,"id_str":"163724457","indices":[15,31]}],"urls":[]},"source":"\u003ca href=\"http:\/\/twitter.com\/download\/android\" rel=\"nofollow\"\u003eTwitter for Android\u003c\/a\u003e","in_reply_to_status_id":819457034214965253,"in_reply_to_status_id_str":"819457034214965253","in_reply_to_user_id":443673147,"in_reply_to_user_id_str":"443673147","in_reply_to_screen_name":"imblazed_trey","user":{"id":1471274474,"id_str":"1471274474","name":"Drew","screen_name":"Most_Dope_Shit_","location":"Drifting Off","description":"|19| \u201cFor I consider that the sufferings of this present time are not worth comparing with the glory that is to be revealed to us.\u201d \u2013 Romans 8:18","url":null,"entities":{"description":{"urls":[]}},"protected":false,"followers_count":987,"friends_count":602,"listed_count":2,"created_at":"Fri May 31 03:57:55 +0000 2013","favourites_count":41800,"utc_offset":null,"time_zone":null,"geo_enabled":true,"verified":false,"statuses_count":45360,"lang":"en","contributors_enabled":false,"is_translator":false,"is_translation_enabled":false,"profile_background_color":"C0DEED","profile_background_image_url":"http:\/\/abs.twimg.com\/images\/themes\/theme1\/bg.png","profile_background_image_url_https":"https:\/\/abs.twimg.com\/images\/themes\/theme1\/bg.png","profile_background_tile":false,"profile_image_url":"http:\/\/pbs.twimg.com\/profile_images\/796117046165520384\/WLGBka71_normal.jpg","profile_image_url_https":"https:\/\/pbs.twimg.com\/profile_images\/796117046165520384\/WLGBka71_normal.jpg","profile_banner_url":"https:\/\/pbs.twimg.com\/profile_banners\/1471274474\/1482897312","profile_link_color":"1DA1F2","profile_sidebar_border_color":"C0DEED","profile_sidebar_fill_color":"DDEEF6","profile_text_color":"333333","profile_use_background_image":true,"has_extended_profile":true,"default_profile":true,"default_profile_image":false,"following":false,"follow_request_sent":false,"notifications":false,"translator_type":"none"},"geo":null,"coordinates":null,"place":null,"contributors":null,"is_quote_status":false,"retweet_count":0,"favorite_count":1,"favorited":false,"retweeted":false,"lang":"en"}
