{"created_at":"Thu Jan 12 08:13:05 +0000 2017","id":819457156101664768,"id_str":"819457156101664768","text":"I liked a @YouTube video https:\/\/t.co\/CsoCglTt3e Nullified (Gladion Song) \u25ba Pokemon Sun Moon Music by MandoPony","truncated":false,"entities":{"hashtags":[],"symbols":[],"user_mentions":[{"screen_name":"YouTube","name":"YouTube","id":10228272,"id_str":"10228272","indices":[10,18]}],"urls":[{"url":"https:\/\/t.co\/CsoCglTt3e","expanded_url":"http:\/\/youtu.be\/QFVV2yQ8eh4?a","display_url":"youtu.be\/QFVV2yQ8eh4?a","indices":[25,48]}]},"source":"\u003ca href=\"http:\/\/www.google.com\/\" rel=\"nofollow\"\u003eGoogle\u003c\/a\u003e","in_reply_to_status_id":null,"in_reply_to_status_id_str":null,"in_reply_to_user_id":null,"in_reply_to_user_id_str":null,"in_reply_to_screen_name":null,"user":{"id":328682926,"id_str":"328682926","name":"Railuge","screen_name":"ChrisSchwallie","location":"","description":"I am a writer. I am a Designer. I am an artist. I am a creator of worlds.","url":null,"entities":{"description":{"urls":[]}},"protected":false,"followers_count":56,"friends_count":119,"listed_count":9,"created_at":"Sun Jul 03 20:52:03 +0000 2011","favourites_count":18,"utc_offset":-14400,"time_zone":"Atlantic Time (Canada)","geo_enabled":false,"verified":false,"statuses_count":3966,"lang":"en","contributors_enabled":false,"is_translator":false,"is_translation_enabled":false,"profile_background_color":"000000","profile_background_image_url":"http:\/\/abs.twimg.com\/images\/themes\/theme1\/bg.png","profile_background_image_url_https":"https:\/\/abs.twimg.com\/images\/themes\/theme1\/bg.png","profile_background_tile":false,"profile_image_url":"http:\/\/pbs.twimg.com\/profile_images\/1450673389\/Spirit_Symbol_normal.jpg","profile_image_url_https":"https:\/\/pbs.twimg.com\/profile_images\/1450673389\/Spirit_Symbol_normal.jpg","profile_link_color":"FF691F","profile_sidebar_border_color":"000000","profile_sidebar_fill_color":"000000","profile_text_color":"000000","profile_use_background_image":false,"has_extended_profile":true,"default_profile":false,"default_profile_image":false,"following":false,"follow_request_sent":false,"notifications":false,"translator_type":"none"},"geo":null,"coordinates":null,"place":null,"contributors":null,"is_quote_status":false,"retweet_count":0,"favorite_count":0,"favorited":false,"retweeted":false,"possibly_sensitive":false,"possibly_sensitive_appealable":false,"lang":"en"}
