{"created_at":"Thu Jan 12 08:13:05 +0000 2017","id":819457157255069696,"id_str":"819457157255069696","text":"@FLIRTATIOUSwhor I'm gone roll you up tf just go to sleep \ud83e\udd26\ud83c\udffe\u200d\u2642\ufe0f","truncated":false,"entities":{"hashtags":[],"symbols":[],"user_mentions":[{"screen_name":"FLIRTATIOUSwhor","name":"CBUX","id":216573647,"id_str":"216573647","indices":[0,16]}],"urls":[]},"source":"\u003ca href=\"http:\/\/twitter.com\/download\/iphone\" rel=\"nofollow\"\u003eTwitter for iPhone\u003c\/a\u003e","in_reply_to_status_id":819456824084754432,"in_reply_to_status_id_str":"819456824084754432","in_reply_to_user_id":216573647,"in_reply_to_user_id_str":"216573647","in_reply_to_screen_name":"FLIRTATIOUSwhor","user":{"id":58298436,"id_str":"58298436","name":"TheDiamondDealer","screen_name":"KillerBobBee","location":"Washington, DC ","description":"","url":null,"entities":{"description":{"urls":[]}},"protected":false,"followers_count":705,"friends_count":828,"listed_count":3,"created_at":"Sun Jul 19 21:27:21 +0000 2009","favourites_count":3764,"utc_offset":-21600,"time_zone":"Central Time (US & Canada)","geo_enabled":true,"verified":false,"statuses_count":20455,"lang":"en","contributors_enabled":false,"is_translator":false,"is_translation_enabled":false,"profile_background_color":"FFFFFF","profile_background_image_url":"http:\/\/pbs.twimg.com\/profile_background_images\/367514115\/Bams_and_pows_.JPG","profile_background_image_url_https":"https:\/\/pbs.twimg.com\/profile_background_images\/367514115\/Bams_and_pows_.JPG","profile_background_tile":true,"profile_image_url":"http:\/\/pbs.twimg.com\/profile_images\/750204297741164544\/FiHwBNak_normal.jpg","profile_image_url_https":"https:\/\/pbs.twimg.com\/profile_images\/750204297741164544\/FiHwBNak_normal.jpg","profile_banner_url":"https:\/\/pbs.twimg.com\/profile_banners\/58298436\/1467698128","profile_link_color":"CF5555","profile_sidebar_border_color":"7FF099","profile_sidebar_fill_color":"4D4D4D","profile_text_color":"4B5CA3","profile_use_background_image":true,"has_extended_profile":true,"default_profile":false,"default_profile_image":false,"following":false,"follow_request_sent":false,"notifications":false,"translator_type":"none"},"geo":null,"coordinates":null,"place":null,"contributors":null,"is_quote_status":false,"retweet_count":0,"favorite_count":0,"favorited":false,"retweeted":false,"lang":"en"}
