{"created_at":"Thu Jan 12 08:13:02 +0000 2017","id":819457142314790912,"id_str":"819457142314790912","text":"Tour is fun I do not want to go back to work in a few days","truncated":false,"entities":{"hashtags":[],"symbols":[],"user_mentions":[],"urls":[]},"source":"\u003ca href=\"http:\/\/twitter.com\/download\/iphone\" rel=\"nofollow\"\u003eTwitter for iPhone\u003c\/a\u003e","in_reply_to_status_id":null,"in_reply_to_status_id_str":null,"in_reply_to_user_id":null,"in_reply_to_user_id_str":null,"in_reply_to_screen_name":null,"user":{"id":14951924,"id_str":"14951924","name":"Shawn","screen_name":"shawnxaustin","location":"San Diego, CA","description":"I just want my time and my mind intact. XXX + Julieta \ud83c\udf39","url":"https:\/\/t.co\/Fay7ILHWiU","entities":{"url":{"urls":[{"url":"https:\/\/t.co\/Fay7ILHWiU","expanded_url":"http:\/\/slowdecayhc.bandcamp.com","display_url":"slowdecayhc.bandcamp.com","indices":[0,23]}]},"description":{"urls":[]}},"protected":false,"followers_count":1001,"friends_count":511,"listed_count":11,"created_at":"Fri May 30 05:18:07 +0000 2008","favourites_count":95735,"utc_offset":-28800,"time_zone":"Pacific Time (US & Canada)","geo_enabled":true,"verified":false,"statuses_count":42674,"lang":"en","contributors_enabled":false,"is_translator":false,"is_translation_enabled":false,"profile_background_color":"A6A6A6","profile_background_image_url":"http:\/\/pbs.twimg.com\/profile_background_images\/292193964\/Blind_to_What_is_Almost_Right.jpg","profile_background_image_url_https":"https:\/\/pbs.twimg.com\/profile_background_images\/292193964\/Blind_to_What_is_Almost_Right.jpg","profile_background_tile":true,"profile_image_url":"http:\/\/pbs.twimg.com\/profile_images\/814851551529308160\/RTyc3kFq_normal.jpg","profile_image_url_https":"https:\/\/pbs.twimg.com\/profile_images\/814851551529308160\/RTyc3kFq_normal.jpg","profile_banner_url":"https:\/\/pbs.twimg.com\/profile_banners\/14951924\/1482207274","profile_link_color":"944843","profile_sidebar_border_color":"000000","profile_sidebar_fill_color":"D9D9D9","profile_text_color":"000000","profile_use_background_image":true,"has_extended_profile":true,"default_profile":false,"default_profile_image":false,"following":false,"follow_request_sent":false,"notifications":false,"translator_type":"none"},"geo":null,"coordinates":null,"place":null,"contributors":null,"is_quote_status":false,"retweet_count":1,"favorite_count":13,"favorited":false,"retweeted":false,"lang":"en"}
