{"created_at":"Thu Jan 12 08:13:04 +0000 2017","id":819457150732926976,"id_str":"819457150732926976","text":"@sexualFantaci i charge R500. If you don't climax, i give refunds plus R70 interest.","truncated":false,"entities":{"hashtags":[],"symbols":[],"user_mentions":[{"screen_name":"sexualFantaci","name":"Jumoke of Jummyfreak","id":795265924957929472,"id_str":"795265924957929472","indices":[0,14]}],"urls":[]},"source":"\u003ca href=\"http:\/\/twitter.com\/download\/android\" rel=\"nofollow\"\u003eTwitter for Android\u003c\/a\u003e","in_reply_to_status_id":819443809742360577,"in_reply_to_status_id_str":"819443809742360577","in_reply_to_user_id":795265924957929472,"in_reply_to_user_id_str":"795265924957929472","in_reply_to_screen_name":"sexualFantaci","user":{"id":548972753,"id_str":"548972753","name":"jerry","screen_name":"blektarzan","location":"Cape town","description":"Dark n interesting lyk black people's sex life *lol*","url":null,"entities":{"description":{"urls":[]}},"protected":false,"followers_count":53,"friends_count":496,"listed_count":0,"created_at":"Mon Apr 09 05:45:11 +0000 2012","favourites_count":22,"utc_offset":null,"time_zone":null,"geo_enabled":true,"verified":false,"statuses_count":153,"lang":"en","contributors_enabled":false,"is_translator":false,"is_translation_enabled":false,"profile_background_color":"C0DEED","profile_background_image_url":"http:\/\/abs.twimg.com\/images\/themes\/theme1\/bg.png","profile_background_image_url_https":"https:\/\/abs.twimg.com\/images\/themes\/theme1\/bg.png","profile_background_tile":false,"profile_image_url":"http:\/\/pbs.twimg.com\/profile_images\/2073053910\/twita_normal.JPG","profile_image_url_https":"https:\/\/pbs.twimg.com\/profile_images\/2073053910\/twita_normal.JPG","profile_link_color":"1DA1F2","profile_sidebar_border_color":"C0DEED","profile_sidebar_fill_color":"DDEEF6","profile_text_color":"333333","profile_use_background_image":true,"has_extended_profile":false,"default_profile":true,"default_profile_image":false,"following":false,"follow_request_sent":false,"notifications":false,"translator_type":"none"},"geo":null,"coordinates":null,"place":null,"contributors":null,"is_quote_status":false,"retweet_count":0,"favorite_count":0,"favorited":false,"retweeted":false,"lang":"en"}
