{"created_at":"Thu Jan 12 08:13:03 +0000 2017","id":819457148061040645,"id_str":"819457148061040645","text":"\u3060\u3057\u304c\u3089\u6606\u5e03\u306e\u4f43\u716e\u304a\u3044\u3057\u3044","truncated":false,"entities":{"hashtags":[],"symbols":[],"user_mentions":[],"urls":[]},"source":"\u003ca href=\"http:\/\/twittbot.net\/\" rel=\"nofollow\"\u003etwittbot.net\u003c\/a\u003e","in_reply_to_status_id":null,"in_reply_to_status_id_str":null,"in_reply_to_user_id":null,"in_reply_to_user_id_str":null,"in_reply_to_screen_name":null,"user":{"id":724441857720078336,"id_str":"724441857720078336","name":"\u3048\u307f\u308a\u3093\u25ce","screen_name":"sciencethisj0i3","location":"","description":"\u9ad8 3\u5e742\u7d44\uff083\uff09 \u30d4\u30a2\u30ce\uff0a\u30d0\u30f3\u30c9\uff08\u30b3\u30b9\u30e2\u30d1\u30cb\u30c3\u30af\/CrazyFunFun\uff09 \u708e\u3068\u68ee\u306e\u30ab\u30fc\u30cb\u30d0\u30eb\/\u30ef\u30a4\u30eb\u30c9\u30d0\u30f3\u30c1\u53c2\u6226 \u30bb\u30ab\u30aa\u30ef.\u5d50.\u90a6\u30ed\u30c3\u30af\u25ce\u5e83\u702c\u3059\u305a(*\u00b4\u25bd\uff40*)","url":null,"entities":{"description":{"urls":[]}},"protected":false,"followers_count":26,"friends_count":30,"listed_count":0,"created_at":"Mon Apr 25 03:36:13 +0000 2016","favourites_count":0,"utc_offset":null,"time_zone":null,"geo_enabled":false,"verified":false,"statuses_count":1534,"lang":"ja","contributors_enabled":false,"is_translator":false,"is_translation_enabled":false,"profile_background_color":"F5F8FA","profile_background_image_url":null,"profile_background_image_url_https":null,"profile_background_tile":false,"profile_image_url":"http:\/\/pbs.twimg.com\/profile_images\/724480935551344640\/QT0R3D4c_normal.jpg","profile_image_url_https":"https:\/\/pbs.twimg.com\/profile_images\/724480935551344640\/QT0R3D4c_normal.jpg","profile_banner_url":"https:\/\/pbs.twimg.com\/profile_banners\/724441857720078336\/1461564688","profile_link_color":"1DA1F2","profile_sidebar_border_color":"C0DEED","profile_sidebar_fill_color":"DDEEF6","profile_text_color":"333333","profile_use_background_image":true,"has_extended_profile":false,"default_profile":true,"default_profile_image":false,"following":false,"follow_request_sent":false,"notifications":false,"translator_type":"none"},"geo":null,"coordinates":null,"place":null,"contributors":null,"is_quote_status":false,"retweet_count":0,"favorite_count":0,"favorited":false,"retweeted":false,"lang":"ja"}
