{"created_at":"Thu Jan 12 08:13:02 +0000 2017","id":819457142176395264,"id_str":"819457142176395264","text":"I hate how it's so easy for me to get into a bad mood","truncated":false,"entities":{"hashtags":[],"symbols":[],"user_mentions":[],"urls":[]},"source":"\u003ca href=\"http:\/\/twitter.com\/download\/iphone\" rel=\"nofollow\"\u003eTwitter for iPhone\u003c\/a\u003e","in_reply_to_status_id":null,"in_reply_to_status_id_str":null,"in_reply_to_user_id":null,"in_reply_to_user_id_str":null,"in_reply_to_screen_name":null,"user":{"id":100329578,"id_str":"100329578","name":"j","screen_name":"_Jocelynex3","location":"","description":"","url":null,"entities":{"description":{"urls":[]}},"protected":false,"followers_count":1834,"friends_count":41,"listed_count":12,"created_at":"Tue Dec 29 21:53:06 +0000 2009","favourites_count":521,"utc_offset":-28800,"time_zone":"Pacific Time (US & Canada)","geo_enabled":false,"verified":false,"statuses_count":22977,"lang":"en","contributors_enabled":false,"is_translator":false,"is_translation_enabled":false,"profile_background_color":"B0C5CF","profile_background_image_url":"http:\/\/pbs.twimg.com\/profile_background_images\/689582857\/a7fb52de6fb4bdcdca635e19fd01f752.jpeg","profile_background_image_url_https":"https:\/\/pbs.twimg.com\/profile_background_images\/689582857\/a7fb52de6fb4bdcdca635e19fd01f752.jpeg","profile_background_tile":true,"profile_image_url":"http:\/\/pbs.twimg.com\/profile_images\/819339336739012608\/XkqFk8Gb_normal.jpg","profile_image_url_https":"https:\/\/pbs.twimg.com\/profile_images\/819339336739012608\/XkqFk8Gb_normal.jpg","profile_banner_url":"https:\/\/pbs.twimg.com\/profile_banners\/100329578\/1484439959","profile_link_color":"F50A87","profile_sidebar_border_color":"FFFFFF","profile_sidebar_fill_color":"EFEFEF","profile_text_color":"080808","profile_use_background_image":true,"has_extended_profile":true,"default_profile":false,"default_profile_image":false,"following":false,"follow_request_sent":false,"notifications":false,"translator_type":"none"},"geo":null,"coordinates":null,"place":null,"contributors":null,"is_quote_status":false,"retweet_count":2,"favorite_count":1,"favorited":false,"retweeted":false,"lang":"en"}
