{"created_at":"Thu Jan 12 08:13:05 +0000 2017","id":819457154973364225,"id_str":"819457154973364225","text":"@Iam_vanessa_s Won't miss it for the world.....I'd rather drive back on Monday morning first thing if it calls for that. ;-)","truncated":false,"entities":{"hashtags":[],"symbols":[],"user_mentions":[{"screen_name":"Iam_vanessa_s","name":"LaSamuels","id":1574457896,"id_str":"1574457896","indices":[0,14]}],"urls":[]},"source":"\u003ca href=\"http:\/\/twitter.com\" rel=\"nofollow\"\u003eTwitter Web Client\u003c\/a\u003e","in_reply_to_status_id":819455918865784832,"in_reply_to_status_id_str":"819455918865784832","in_reply_to_user_id":1574457896,"in_reply_to_user_id_str":"1574457896","in_reply_to_screen_name":"Iam_vanessa_s","user":{"id":54173504,"id_str":"54173504","name":"IG: @KokonutStylist","screen_name":"KokoShabangu","location":"Swaziland || Johannesburg","description":"Founder & Creative Director of @KokonutStylist  || Fashion Stylist || #BBW Black Business Woman. One day I'll just be known as FASHION!","url":"https:\/\/t.co\/HmtCNRlRCP","entities":{"url":{"urls":[{"url":"https:\/\/t.co\/HmtCNRlRCP","expanded_url":"http:\/\/www.kokonutstylist.com","display_url":"kokonutstylist.com","indices":[0,23]}]},"description":{"urls":[]}},"protected":false,"followers_count":1372,"friends_count":328,"listed_count":23,"created_at":"Mon Jul 06 10:42:03 +0000 2009","favourites_count":2209,"utc_offset":7200,"time_zone":"Pretoria","geo_enabled":true,"verified":false,"statuses_count":41152,"lang":"en","contributors_enabled":false,"is_translator":false,"is_translation_enabled":false,"profile_background_color":"FF6699","profile_background_image_url":"http:\/\/pbs.twimg.com\/profile_background_images\/378800000015445294\/ed6a185fe949220838690f9c06b56970.jpeg","profile_background_image_url_https":"https:\/\/pbs.twimg.com\/profile_background_images\/378800000015445294\/ed6a185fe949220838690f9c06b56970.jpeg","profile_background_tile":true,"profile_image_url":"http:\/\/pbs.twimg.com\/profile_images\/816196998068105216\/cqJXS8tl_normal.jpg","profile_image_url_https":"https:\/\/pbs.twimg.com\/profile_images\/816196998068105216\/cqJXS8tl_normal.jpg","profile_banner_url":"https:\/\/pbs.twimg.com\/profile_banners\/54173504\/1414755207","profile_link_color":"9266CC","profile_sidebar_border_color":"FFFFFF","profile_sidebar_fill_color":"A5C1D1","profile_text_color":"8E789E","profile_use_background_image":true,"has_extended_profile":true,"default_profile":false,"default_profile_image":false,"following":false,"follow_request_sent":false,"notifications":false,"translator_type":"none"},"geo":null,"coordinates":null,"place":null,"contributors":null,"is_quote_status":false,"retweet_count":0,"favorite_count":1,"favorited":false,"retweeted":false,"lang":"en"}
