{"created_at":"Thu Jan 12 08:13:03 +0000 2017","id":819457149042618368,"id_str":"819457149042618368","text":"not lying when i say i am sooo nervous that i feel sick","truncated":false,"entities":{"hashtags":[],"symbols":[],"user_mentions":[],"urls":[]},"source":"\u003ca href=\"http:\/\/twitter.com\/download\/iphone\" rel=\"nofollow\"\u003eTwitter for iPhone\u003c\/a\u003e","in_reply_to_status_id":null,"in_reply_to_status_id_str":null,"in_reply_to_user_id":null,"in_reply_to_user_id_str":null,"in_reply_to_screen_name":null,"user":{"id":1615620942,"id_str":"1615620942","name":"beff hal","screen_name":"bethhallidayxx","location":"Dumfries, Scotland","description":"~ All Monsters Are Human ~ I'm just winging it","url":null,"entities":{"description":{"urls":[]}},"protected":false,"followers_count":824,"friends_count":1526,"listed_count":3,"created_at":"Tue Jul 23 16:39:54 +0000 2013","favourites_count":6807,"utc_offset":null,"time_zone":null,"geo_enabled":true,"verified":false,"statuses_count":18283,"lang":"en","contributors_enabled":false,"is_translator":false,"is_translation_enabled":false,"profile_background_color":"C0DEED","profile_background_image_url":"http:\/\/abs.twimg.com\/images\/themes\/theme1\/bg.png","profile_background_image_url_https":"https:\/\/abs.twimg.com\/images\/themes\/theme1\/bg.png","profile_background_tile":false,"profile_image_url":"http:\/\/pbs.twimg.com\/profile_images\/818195643713880070\/-hvZFrJ-_normal.jpg","profile_image_url_https":"https:\/\/pbs.twimg.com\/profile_images\/818195643713880070\/-hvZFrJ-_normal.jpg","profile_banner_url":"https:\/\/pbs.twimg.com\/profile_banners\/1615620942\/1483369423","profile_link_color":"1DA1F2","profile_sidebar_border_color":"C0DEED","profile_sidebar_fill_color":"DDEEF6","profile_text_color":"333333","profile_use_background_image":true,"has_extended_profile":true,"default_profile":true,"default_profile_image":false,"following":false,"follow_request_sent":false,"notifications":false,"translator_type":"none"},"geo":null,"coordinates":null,"place":null,"contributors":null,"is_quote_status":false,"retweet_count":0,"favorite_count":1,"favorited":false,"retweeted":false,"lang":"en"}
