{"created_at":"Thu Jan 12 08:13:06 +0000 2017","id":819457159868121091,"id_str":"819457159868121091","text":"*breaks woman's heart*\n*tries to get her back*\n*spends a long time getting her back*\n*things are not the same*\n*breaks up again*\n\nYikes.","truncated":false,"entities":{"hashtags":[],"symbols":[],"user_mentions":[],"urls":[]},"source":"\u003ca href=\"http:\/\/twitter.com\/download\/iphone\" rel=\"nofollow\"\u003eTwitter for iPhone\u003c\/a\u003e","in_reply_to_status_id":null,"in_reply_to_status_id_str":null,"in_reply_to_user_id":null,"in_reply_to_user_id_str":null,"in_reply_to_screen_name":null,"user":{"id":185359288,"id_str":"185359288","name":"everything is trash","screen_name":"iAmTerrace","location":"TEXAS","description":"Cowboys\/Mavs\/Rangers\/Longhorns. Disagree, I'll ignore you. Stop telling people we talk. @TerraceiAm","url":null,"entities":{"description":{"urls":[]}},"protected":false,"followers_count":8679,"friends_count":941,"listed_count":169,"created_at":"Tue Aug 31 20:15:09 +0000 2010","favourites_count":320,"utc_offset":-21600,"time_zone":"Central Time (US & Canada)","geo_enabled":true,"verified":false,"statuses_count":433479,"lang":"en","contributors_enabled":false,"is_translator":false,"is_translation_enabled":false,"profile_background_color":"000000","profile_background_image_url":"http:\/\/pbs.twimg.com\/profile_background_images\/378800000058091316\/11a329d8d19dfbda0b1b3e688c0cb1da.jpeg","profile_background_image_url_https":"https:\/\/pbs.twimg.com\/profile_background_images\/378800000058091316\/11a329d8d19dfbda0b1b3e688c0cb1da.jpeg","profile_background_tile":true,"profile_image_url":"http:\/\/pbs.twimg.com\/profile_images\/819018323627307008\/tc7tzoUs_normal.jpg","profile_image_url_https":"https:\/\/pbs.twimg.com\/profile_images\/819018323627307008\/tc7tzoUs_normal.jpg","profile_banner_url":"https:\/\/pbs.twimg.com\/profile_banners\/185359288\/1481935975","profile_link_color":"B30000","profile_sidebar_border_color":"000000","profile_sidebar_fill_color":"808080","profile_text_color":"000000","profile_use_background_image":true,"has_extended_profile":true,"default_profile":false,"default_profile_image":false,"following":false,"follow_request_sent":false,"notifications":false,"translator_type":"regular"},"geo":null,"coordinates":null,"place":null,"contributors":null,"is_quote_status":false,"retweet_count":12,"favorite_count":18,"favorited":false,"retweeted":false,"lang":"en"}
