{"created_at":"Thu Jan 12 08:13:04 +0000 2017","id":819457150674149377,"id_str":"819457150674149377","text":"tHEN I STARTED SINGING GUNS FOR HANDS","truncated":false,"entities":{"hashtags":[],"symbols":[],"user_mentions":[],"urls":[]},"source":"\u003ca href=\"http:\/\/twitter.com\/download\/iphone\" rel=\"nofollow\"\u003eTwitter for iPhone\u003c\/a\u003e","in_reply_to_status_id":819457118159990784,"in_reply_to_status_id_str":"819457118159990784","in_reply_to_user_id":3303094528,"in_reply_to_user_id_str":"3303094528","in_reply_to_screen_name":"badassball","user":{"id":3303094528,"id_str":"3303094528","name":"ambermarie\u2744\ufe0f\u2728","screen_name":"badassball","location":"@elliegoulding , @thevampsband","description":"a genius of love and loneliness \/ newcastle","url":"https:\/\/t.co\/wvH4b0yBA7","entities":{"url":{"urls":[{"url":"https:\/\/t.co\/wvH4b0yBA7","expanded_url":"http:\/\/deliriouswolves.tumblr.com","display_url":"deliriouswolves.tumblr.com","indices":[0,23]}]},"description":{"urls":[]}},"protected":false,"followers_count":826,"friends_count":389,"listed_count":25,"created_at":"Fri May 29 18:34:34 +0000 2015","favourites_count":18972,"utc_offset":null,"time_zone":null,"geo_enabled":true,"verified":false,"statuses_count":23637,"lang":"en-GB","contributors_enabled":false,"is_translator":false,"is_translation_enabled":false,"profile_background_color":"C0DEED","profile_background_image_url":"http:\/\/abs.twimg.com\/images\/themes\/theme1\/bg.png","profile_background_image_url_https":"https:\/\/abs.twimg.com\/images\/themes\/theme1\/bg.png","profile_background_tile":false,"profile_image_url":"http:\/\/pbs.twimg.com\/profile_images\/820385045974237185\/Z5NuePR1_normal.jpg","profile_image_url_https":"https:\/\/pbs.twimg.com\/profile_images\/820385045974237185\/Z5NuePR1_normal.jpg","profile_banner_url":"https:\/\/pbs.twimg.com\/profile_banners\/3303094528\/1483817501","profile_link_color":"1DA1F2","profile_sidebar_border_color":"C0DEED","profile_sidebar_fill_color":"DDEEF6","profile_text_color":"333333","profile_use_background_image":true,"has_extended_profile":false,"default_profile":true,"default_profile_image":false,"following":false,"follow_request_sent":false,"notifications":false,"translator_type":"none"},"geo":null,"coordinates":null,"place":null,"contributors":null,"is_quote_status":false,"retweet_count":0,"favorite_count":1,"favorited":false,"retweeted":false,"lang":"en"}
