{"created_at":"Thu Jan 12 08:13:01 +0000 2017","id":819457140150640646,"id_str":"819457140150640646","text":"@amiradelagarza I thought of him because this link came out 1 hr ago... I'd like Ur advice   https:\/\/t.co\/FSH715DxTF","truncated":false,"entities":{"hashtags":[],"symbols":[],"user_mentions":[{"screen_name":"amiradelagarza","name":"SarahAmira delaGarza","id":23722706,"id_str":"23722706","indices":[0,15]}],"urls":[{"url":"https:\/\/t.co\/FSH715DxTF","expanded_url":"http:\/\/www.wsj.com\/articles\/national-intelligence-director-james-clapper-says-agencies-didnt-leak-trump-dossier-1484201755?mo","display_url":"wsj.com\/articles\/natio\u2026","indices":[93,116]}]},"source":"\u003ca href=\"http:\/\/twitter.com\" rel=\"nofollow\"\u003eTwitter Web Client\u003c\/a\u003e","in_reply_to_status_id":819454437525635072,"in_reply_to_status_id_str":"819454437525635072","in_reply_to_user_id":23722706,"in_reply_to_user_id_str":"23722706","in_reply_to_screen_name":"amiradelagarza","user":{"id":2959505489,"id_str":"2959505489","name":"espo","screen_name":"Mkts2day","location":"worldwide","description":"","url":null,"entities":{"description":{"urls":[]}},"protected":false,"followers_count":568,"friends_count":1163,"listed_count":64,"created_at":"Sun Jan 04 01:44:07 +0000 2015","favourites_count":2777,"utc_offset":-28800,"time_zone":"Pacific Time (US & Canada)","geo_enabled":false,"verified":false,"statuses_count":16142,"lang":"en","contributors_enabled":false,"is_translator":false,"is_translation_enabled":false,"profile_background_color":"022330","profile_background_image_url":"http:\/\/abs.twimg.com\/images\/themes\/theme15\/bg.png","profile_background_image_url_https":"https:\/\/abs.twimg.com\/images\/themes\/theme15\/bg.png","profile_background_tile":true,"profile_image_url":"http:\/\/pbs.twimg.com\/profile_images\/741764555316076544\/dRx1-9Ih_normal.jpg","profile_image_url_https":"https:\/\/pbs.twimg.com\/profile_images\/741764555316076544\/dRx1-9Ih_normal.jpg","profile_banner_url":"https:\/\/pbs.twimg.com\/profile_banners\/2959505489\/1481205625","profile_link_color":"981CEB","profile_sidebar_border_color":"000000","profile_sidebar_fill_color":"000000","profile_text_color":"000000","profile_use_background_image":true,"has_extended_profile":false,"default_profile":false,"default_profile_image":false,"following":false,"follow_request_sent":false,"notifications":false,"translator_type":"none"},"geo":null,"coordinates":null,"place":null,"contributors":null,"is_quote_status":false,"retweet_count":0,"favorite_count":0,"favorited":false,"retweeted":false,"possibly_sensitive":false,"possibly_sensitive_appealable":false,"lang":"en"}
