{"created_at":"Thu Jan 12 08:13:06 +0000 2017","id":819457160073474049,"id_str":"819457160073474049","text":"I'm fucking lame","truncated":false,"entities":{"hashtags":[],"symbols":[],"user_mentions":[],"urls":[]},"source":"\u003ca href=\"http:\/\/twitter.com\/download\/iphone\" rel=\"nofollow\"\u003eTwitter for iPhone\u003c\/a\u003e","in_reply_to_status_id":null,"in_reply_to_status_id_str":null,"in_reply_to_user_id":null,"in_reply_to_user_id_str":null,"in_reply_to_screen_name":null,"user":{"id":1409064338,"id_str":"1409064338","name":"wack","screen_name":"Dylanexe","location":"I wish i knew ","description":"","url":null,"entities":{"description":{"urls":[]}},"protected":false,"followers_count":324,"friends_count":178,"listed_count":15,"created_at":"Tue May 07 00:39:36 +0000 2013","favourites_count":8602,"utc_offset":-25200,"time_zone":"Arizona","geo_enabled":true,"verified":false,"statuses_count":25895,"lang":"en","contributors_enabled":false,"is_translator":false,"is_translation_enabled":false,"profile_background_color":"C0DEED","profile_background_image_url":"http:\/\/abs.twimg.com\/images\/themes\/theme1\/bg.png","profile_background_image_url_https":"https:\/\/abs.twimg.com\/images\/themes\/theme1\/bg.png","profile_background_tile":false,"profile_image_url":"http:\/\/pbs.twimg.com\/profile_images\/820324542446903296\/NFrLzgxh_normal.jpg","profile_image_url_https":"https:\/\/pbs.twimg.com\/profile_images\/820324542446903296\/NFrLzgxh_normal.jpg","profile_banner_url":"https:\/\/pbs.twimg.com\/profile_banners\/1409064338\/1461976102","profile_link_color":"1DA1F2","profile_sidebar_border_color":"C0DEED","profile_sidebar_fill_color":"DDEEF6","profile_text_color":"333333","profile_use_background_image":true,"has_extended_profile":true,"default_profile":true,"default_profile_image":false,"following":false,"follow_request_sent":false,"notifications":false,"translator_type":"none"},"geo":null,"coordinates":null,"place":null,"contributors":null,"is_quote_status":false,"retweet_count":0,"favorite_count":0,"favorited":false,"retweeted":false,"lang":"en"}
