{"created_at":"Thu Jan 12 08:13:06 +0000 2017","id":819457158924341248,"id_str":"819457158924341248","text":"I just had to learn\ud83d\udcaf","truncated":false,"entities":{"hashtags":[],"symbols":[],"user_mentions":[],"urls":[]},"source":"\u003ca href=\"http:\/\/twitter.com\/download\/iphone\" rel=\"nofollow\"\u003eTwitter for iPhone\u003c\/a\u003e","in_reply_to_status_id":null,"in_reply_to_status_id_str":null,"in_reply_to_user_id":null,"in_reply_to_user_id_str":null,"in_reply_to_screen_name":null,"user":{"id":3325543087,"id_str":"3325543087","name":"PRINCESS\ud83d\udc51","screen_name":"Danny_Sweet716","location":"STOP LURKING BITCH\u203c\ufe0f","description":"R.I.P Granny\ud83d\ude07R.I.P Ronnie\ud83d\udc7c\ud83c\udffdR.I.P Uncle Randy\u2764\ufe0f..TRUST NO1\ufe0f\u20e3\ud83d\ude45\ud83c\udffdNOT INTERESTED\ud83d\ude1dSELF-MADE\ud83e\udd11FREE MY DAD\u203c\ufe0f","url":null,"entities":{"description":{"urls":[]}},"protected":false,"followers_count":1043,"friends_count":433,"listed_count":0,"created_at":"Sun Aug 23 02:50:43 +0000 2015","favourites_count":3941,"utc_offset":null,"time_zone":null,"geo_enabled":false,"verified":false,"statuses_count":43762,"lang":"en","contributors_enabled":false,"is_translator":false,"is_translation_enabled":false,"profile_background_color":"C0DEED","profile_background_image_url":"http:\/\/abs.twimg.com\/images\/themes\/theme1\/bg.png","profile_background_image_url_https":"https:\/\/abs.twimg.com\/images\/themes\/theme1\/bg.png","profile_background_tile":false,"profile_image_url":"http:\/\/pbs.twimg.com\/profile_images\/816870088754216960\/JnD-ettT_normal.jpg","profile_image_url_https":"https:\/\/pbs.twimg.com\/profile_images\/816870088754216960\/JnD-ettT_normal.jpg","profile_banner_url":"https:\/\/pbs.twimg.com\/profile_banners\/3325543087\/1483591964","profile_link_color":"1DA1F2","profile_sidebar_border_color":"C0DEED","profile_sidebar_fill_color":"DDEEF6","profile_text_color":"333333","profile_use_background_image":true,"has_extended_profile":false,"default_profile":true,"default_profile_image":false,"following":false,"follow_request_sent":false,"notifications":false,"translator_type":"none"},"geo":null,"coordinates":null,"place":null,"contributors":null,"is_quote_status":false,"retweet_count":0,"favorite_count":0,"favorited":false,"retweeted":false,"lang":"en"}
