{"created_at":"Thu Jan 12 08:13:03 +0000 2017","id":819457147260071936,"id_str":"819457147260071936","text":"@AAPGoa @MitaleeRishi hye i am impressed  u","truncated":false,"entities":{"hashtags":[],"symbols":[],"user_mentions":[{"screen_name":"AAPGoa","name":"Aam Aadmi Party Goa","id":2245097203,"id_str":"2245097203","indices":[0,7]},{"screen_name":"MitaleeRishi","name":"Mitalee Rishi","id":806524974,"id_str":"806524974","indices":[8,21]}],"urls":[]},"source":"\u003ca href=\"http:\/\/twitter.com\/download\/android\" rel=\"nofollow\"\u003eTwitter for Android\u003c\/a\u003e","in_reply_to_status_id":819456693872496640,"in_reply_to_status_id_str":"819456693872496640","in_reply_to_user_id":2245097203,"in_reply_to_user_id_str":"2245097203","in_reply_to_screen_name":"AAPGoa","user":{"id":811759438184841216,"id_str":"811759438184841216","name":"Dinesh Meghwal","screen_name":"DineshM53658716","location":"","description":"","url":null,"entities":{"description":{"urls":[]}},"protected":false,"followers_count":0,"friends_count":11,"listed_count":0,"created_at":"Thu Dec 22 02:25:06 +0000 2016","favourites_count":2,"utc_offset":null,"time_zone":null,"geo_enabled":true,"verified":false,"statuses_count":22,"lang":"en","contributors_enabled":false,"is_translator":false,"is_translation_enabled":false,"profile_background_color":"F5F8FA","profile_background_image_url":null,"profile_background_image_url_https":null,"profile_background_tile":false,"profile_image_url":"http:\/\/abs.twimg.com\/sticky\/default_profile_images\/default_profile_0_normal.png","profile_image_url_https":"https:\/\/abs.twimg.com\/sticky\/default_profile_images\/default_profile_0_normal.png","profile_link_color":"1DA1F2","profile_sidebar_border_color":"C0DEED","profile_sidebar_fill_color":"DDEEF6","profile_text_color":"333333","profile_use_background_image":true,"has_extended_profile":false,"default_profile":true,"default_profile_image":true,"following":false,"follow_request_sent":false,"notifications":false,"translator_type":"none"},"geo":null,"coordinates":null,"place":null,"contributors":null,"is_quote_status":false,"retweet_count":0,"favorite_count":0,"favorited":false,"retweeted":false,"lang":"en"}
