{"created_at":"Thu Jan 12 08:13:01 +0000 2017","id":819457139131449344,"id_str":"819457139131449344","text":"F&amp;I Business Manager :: Brisbane - Automotive Talent\n https:\/\/t.co\/vGUQS2wbKQ","truncated":false,"entities":{"hashtags":[],"symbols":[],"user_mentions":[],"urls":[{"url":"https:\/\/t.co\/vGUQS2wbKQ","expanded_url":"http:\/\/buff.ly\/2iXCiGg","display_url":"buff.ly\/2iXCiGg","indices":[58,81]}]},"source":"\u003ca href=\"http:\/\/bufferapp.com\" rel=\"nofollow\"\u003eBuffer\u003c\/a\u003e","in_reply_to_status_id":null,"in_reply_to_status_id_str":null,"in_reply_to_user_id":null,"in_reply_to_user_id_str":null,"in_reply_to_screen_name":null,"user":{"id":1519065763,"id_str":"1519065763","name":"Automotive Talent","screen_name":"Auto_Talent","location":"Gold Coast, Australia","description":"Dealership Staffing Solutions.","url":"http:\/\/t.co\/1jptdrqfgn","entities":{"url":{"urls":[{"url":"http:\/\/t.co\/1jptdrqfgn","expanded_url":"http:\/\/www.automotivetalent.com.au","display_url":"automotivetalent.com.au","indices":[0,22]}]},"description":{"urls":[]}},"protected":false,"followers_count":298,"friends_count":225,"listed_count":30,"created_at":"Sat Jun 15 10:29:40 +0000 2013","favourites_count":3,"utc_offset":36000,"time_zone":"Brisbane","geo_enabled":false,"verified":false,"statuses_count":3415,"lang":"en","contributors_enabled":false,"is_translator":false,"is_translation_enabled":false,"profile_background_color":"C4C4C4","profile_background_image_url":"http:\/\/pbs.twimg.com\/profile_background_images\/378800000016126999\/670d98093f46cc951240776988081f0b.jpeg","profile_background_image_url_https":"https:\/\/pbs.twimg.com\/profile_background_images\/378800000016126999\/670d98093f46cc951240776988081f0b.jpeg","profile_background_tile":true,"profile_image_url":"http:\/\/pbs.twimg.com\/profile_images\/378800000089255574\/49b0934619339e321a91c6433995a9f4_normal.jpeg","profile_image_url_https":"https:\/\/pbs.twimg.com\/profile_images\/378800000089255574\/49b0934619339e321a91c6433995a9f4_normal.jpeg","profile_banner_url":"https:\/\/pbs.twimg.com\/profile_banners\/1519065763\/1372990367","profile_link_color":"F38300","profile_sidebar_border_color":"FFFFFF","profile_sidebar_fill_color":"DDEEF6","profile_text_color":"333333","profile_use_background_image":true,"has_extended_profile":false,"default_profile":false,"default_profile_image":false,"following":false,"follow_request_sent":false,"notifications":false,"translator_type":"none"},"geo":null,"coordinates":null,"place":null,"contributors":null,"is_quote_status":false,"retweet_count":0,"favorite_count":0,"favorited":false,"retweeted":false,"possibly_sensitive":false,"possibly_sensitive_appealable":false,"lang":"en"}
