{"created_at":"Thu Jan 12 08:13:04 +0000 2017","id":819457153714896897,"id_str":"819457153714896897","text":"\u8150\uff01","truncated":false,"entities":{"hashtags":[],"symbols":[],"user_mentions":[],"urls":[]},"source":"\u003ca href=\"http:\/\/twitter.com\/download\/android\" rel=\"nofollow\"\u003eTwitter for Android\u003c\/a\u003e","in_reply_to_status_id":null,"in_reply_to_status_id_str":null,"in_reply_to_user_id":null,"in_reply_to_user_id_str":null,"in_reply_to_screen_name":null,"user":{"id":817336215158460416,"id_str":"817336215158460416","name":"\u3068\u307e\u3068","screen_name":"SdZEz3YLW4iRDrM","location":"","description":"\u8150\u3067\u3059\/\u9577\u5144\u3001\u901f\u5ea6\u3001\u82e5\u8449\u63a8\u3057\/\u30c1\u30e7\u30ed\u677e\u304c\u53f3\u306a\u3089\u4f55\u3067\u3082\u30a4\u30b1\u308b\/\u30b0\u30ed\u3001\u6b7b\u30cd\u30bf\u306f\u3061\u3087\u3063\u3068\u2026\/\u5973\u4f53\u5316\u3001\u30ea\u30d0\u5927\u597d\u7269\/RT\u591a\u3081\/\u7d75\u3082\u63cf\u304f\/\u7121\u8a00\u30d5\u30a9\u30ed\u30fc\u5931\u793c\u3057\u307e\u3059","url":null,"entities":{"description":{"urls":[]}},"protected":false,"followers_count":35,"friends_count":41,"listed_count":0,"created_at":"Fri Jan 06 11:45:13 +0000 2017","favourites_count":13,"utc_offset":null,"time_zone":null,"geo_enabled":false,"verified":false,"statuses_count":141,"lang":"ja","contributors_enabled":false,"is_translator":false,"is_translation_enabled":false,"profile_background_color":"F5F8FA","profile_background_image_url":null,"profile_background_image_url_https":null,"profile_background_tile":false,"profile_image_url":"http:\/\/pbs.twimg.com\/profile_images\/817667297665949696\/U-83UXjj_normal.jpg","profile_image_url_https":"https:\/\/pbs.twimg.com\/profile_images\/817667297665949696\/U-83UXjj_normal.jpg","profile_banner_url":"https:\/\/pbs.twimg.com\/profile_banners\/817336215158460416\/1483703475","profile_link_color":"1DA1F2","profile_sidebar_border_color":"C0DEED","profile_sidebar_fill_color":"DDEEF6","profile_text_color":"333333","profile_use_background_image":true,"has_extended_profile":true,"default_profile":true,"default_profile_image":false,"following":false,"follow_request_sent":false,"notifications":false,"translator_type":"none"},"geo":null,"coordinates":null,"place":null,"contributors":null,"is_quote_status":false,"retweet_count":0,"favorite_count":0,"favorited":false,"retweeted":false,"lang":"ja"}
