{"created_at":"Thu Jan 12 08:13:03 +0000 2017","id":819457146383310848,"id_str":"819457146383310848","text":"At sana po wag mo po kaming pababayaan .\ud83d\ude14  \nWe Will Miss You Lolo Vhal\ud83d\ude14\ud83d\ude2d\nR.I.P \ud83d\ude2d\ud83d\ude14 https:\/\/t.co\/i9GOnnVFFP","truncated":false,"entities":{"hashtags":[],"symbols":[],"user_mentions":[],"urls":[{"url":"https:\/\/t.co\/i9GOnnVFFP","expanded_url":"https:\/\/twitter.com\/Aj23Andrew\/status\/819456894959898624","display_url":"twitter.com\/Aj23Andrew\/sta\u2026","indices":[82,105]}]},"source":"\u003ca href=\"http:\/\/twitter.com\/download\/android\" rel=\"nofollow\"\u003eTwitter for Android\u003c\/a\u003e","in_reply_to_status_id":null,"in_reply_to_status_id_str":null,"in_reply_to_user_id":null,"in_reply_to_user_id_str":null,"in_reply_to_screen_name":null,"user":{"id":776383064901431296,"id_str":"776383064901431296","name":"V I N C E","screen_name":"Aj23Andrew","location":"","description":"Missing You \ud83d\udc9e","url":null,"entities":{"description":{"urls":[]}},"protected":false,"followers_count":277,"friends_count":206,"listed_count":1,"created_at":"Thu Sep 15 11:32:02 +0000 2016","favourites_count":2797,"utc_offset":null,"time_zone":null,"geo_enabled":false,"verified":false,"statuses_count":5860,"lang":"en","contributors_enabled":false,"is_translator":false,"is_translation_enabled":false,"profile_background_color":"F5F8FA","profile_background_image_url":null,"profile_background_image_url_https":null,"profile_background_tile":false,"profile_image_url":"http:\/\/pbs.twimg.com\/profile_images\/819856401539289088\/2_bc1w5x_normal.jpg","profile_image_url_https":"https:\/\/pbs.twimg.com\/profile_images\/819856401539289088\/2_bc1w5x_normal.jpg","profile_banner_url":"https:\/\/pbs.twimg.com\/profile_banners\/776383064901431296\/1484304066","profile_link_color":"1DA1F2","profile_sidebar_border_color":"C0DEED","profile_sidebar_fill_color":"DDEEF6","profile_text_color":"333333","profile_use_background_image":true,"has_extended_profile":true,"default_profile":true,"default_profile_image":false,"following":false,"follow_request_sent":false,"notifications":false,"translator_type":"none"},"geo":null,"coordinates":null,"place":null,"contributors":null,"is_quote_status":true,"quoted_status_id":819456894959898624,"quoted_status_id_str":"819456894959898624","quoted_status":{"created_at":"Thu Jan 12 08:12:03 +0000 2017","id":819456894959898624,"id_str":"819456894959898624","text":"Lolo Vhal We will miss you.\ud83d\ude1fSana kasama mo na si Lord Ngayon\ud83d\ude1fHayaan mopo para sayo po ang laban ko sa Volleyball\u261d Bigyan mopo ako ng lakas.\ud83d\ude25","truncated":false,"entities":{"hashtags":[],"symbols":[],"user_mentions":[],"urls":[]},"source":"\u003ca href=\"http:\/\/twitter.com\/download\/android\" rel=\"nofollow\"\u003eTwitter for Android\u003c\/a\u003e","in_reply_to_status_id":null,"in_reply_to_status_id_str":null,"in_reply_to_user_id":null,"in_reply_to_user_id_str":null,"in_reply_to_screen_name":null,"user":{"id":776383064901431296,"id_str":"776383064901431296","name":"V I N C E","screen_name":"Aj23Andrew","location":"","description":"Missing You \ud83d\udc9e","url":null,"entities":{"description":{"urls":[]}},"protected":false,"followers_count":277,"friends_count":206,"listed_count":1,"created_at":"Thu Sep 15 11:32:02 +0000 2016","favourites_count":2797,"utc_offset":null,"time_zone":null,"geo_enabled":false,"verified":false,"statuses_count":5860,"lang":"en","contributors_enabled":false,"is_translator":false,"is_translation_enabled":false,"profile_background_color":"F5F8FA","profile_background_image_url":null,"profile_background_image_url_https":null,"profile_background_tile":false,"profile_image_url":"http:\/\/pbs.twimg.com\/profile_images\/819856401539289088\/2_bc1w5x_normal.jpg","profile_image_url_https":"https:\/\/pbs.twimg.com\/profile_images\/819856401539289088\/2_bc1w5x_normal.jpg","profile_banner_url":"https:\/\/pbs.twimg.com\/profile_banners\/776383064901431296\/1484304066","profile_link_color":"1DA1F2","profile_sidebar_border_color":"C0DEED","profile_sidebar_fill_color":"DDEEF6","profile_text_color":"333333","profile_use_background_image":true,"has_extended_profile":true,"default_profile":true,"default_profile_image":false,"following":false,"follow_request_sent":false,"notifications":false,"translator_type":"none"},"geo":null,"coordinates":null,"place":null,"contributors":null,"is_quote_status":false,"retweet_count":0,"favorite_count":0,"favorited":false,"retweeted":false,"lang":"tl"},"retweet_count":0,"favorite_count":0,"favorited":false,"retweeted":false,"possibly_sensitive":false,"possibly_sensitive_appealable":false,"lang":"tl"}
