{"created_at":"Thu Jan 12 08:13:05 +0000 2017","id":819457156407848960,"id_str":"819457156407848960","text":"u\u0161la sam pre 45minuta, do\u0161la kolima, prsti na rukama i nogama si mi i dalje ledeni. sad odoh na \u010das.","truncated":false,"entities":{"hashtags":[],"symbols":[],"user_mentions":[],"urls":[]},"source":"\u003ca href=\"http:\/\/twitter.com\" rel=\"nofollow\"\u003eTwitter Web Client\u003c\/a\u003e","in_reply_to_status_id":null,"in_reply_to_status_id_str":null,"in_reply_to_user_id":null,"in_reply_to_user_id_str":null,"in_reply_to_screen_name":null,"user":{"id":9730052,"id_str":"9730052","name":"Ivana Jovanovi\u0107","screen_name":"janavi","location":"Belgrade, Serbia","description":"Single mom of a special needs child. And she's not special, she's just EXTRAordinary.\r\nTransportation and traffic engineer. Always learning.","url":"http:\/\/t.co\/X3FhQ8RKOY","entities":{"url":{"urls":[{"url":"http:\/\/t.co\/X3FhQ8RKOY","expanded_url":"http:\/\/www.ivanino-blago.com","display_url":"ivanino-blago.com","indices":[0,22]}]},"description":{"urls":[]}},"protected":false,"followers_count":2726,"friends_count":729,"listed_count":46,"created_at":"Sat Oct 27 07:56:35 +0000 2007","favourites_count":8643,"utc_offset":3600,"time_zone":"Belgrade","geo_enabled":true,"verified":false,"statuses_count":20404,"lang":"en","contributors_enabled":false,"is_translator":false,"is_translation_enabled":false,"profile_background_color":"ACDED6","profile_background_image_url":"http:\/\/abs.twimg.com\/images\/themes\/theme18\/bg.gif","profile_background_image_url_https":"https:\/\/abs.twimg.com\/images\/themes\/theme18\/bg.gif","profile_background_tile":false,"profile_image_url":"http:\/\/pbs.twimg.com\/profile_images\/378800000415814236\/588aacce6a962fc4c9ec45b6395cfab7_normal.jpeg","profile_image_url_https":"https:\/\/pbs.twimg.com\/profile_images\/378800000415814236\/588aacce6a962fc4c9ec45b6395cfab7_normal.jpeg","profile_link_color":"038543","profile_sidebar_border_color":"EEEEEE","profile_sidebar_fill_color":"F6F6F6","profile_text_color":"333333","profile_use_background_image":true,"has_extended_profile":false,"default_profile":false,"default_profile_image":false,"following":false,"follow_request_sent":false,"notifications":false,"translator_type":"none"},"geo":null,"coordinates":null,"place":null,"contributors":null,"is_quote_status":false,"retweet_count":0,"favorite_count":1,"favorited":false,"retweeted":false,"lang":"und"}
