{"created_at":"Thu Jan 12 08:13:02 +0000 2017","id":819457142180691969,"id_str":"819457142180691969","text":"I ain't even sleepy","truncated":false,"entities":{"hashtags":[],"symbols":[],"user_mentions":[],"urls":[]},"source":"\u003ca href=\"http:\/\/twitter.com\/download\/iphone\" rel=\"nofollow\"\u003eTwitter for iPhone\u003c\/a\u003e","in_reply_to_status_id":null,"in_reply_to_status_id_str":null,"in_reply_to_user_id":null,"in_reply_to_user_id_str":null,"in_reply_to_screen_name":null,"user":{"id":282795063,"id_str":"282795063","name":"Zayn","screen_name":"alextamayo18","location":"San Diego, CA","description":"","url":null,"entities":{"description":{"urls":[]}},"protected":false,"followers_count":668,"friends_count":589,"listed_count":3,"created_at":"Fri Apr 15 23:19:14 +0000 2011","favourites_count":4220,"utc_offset":null,"time_zone":null,"geo_enabled":true,"verified":false,"statuses_count":7164,"lang":"en","contributors_enabled":false,"is_translator":false,"is_translation_enabled":false,"profile_background_color":"C0DEED","profile_background_image_url":"http:\/\/abs.twimg.com\/images\/themes\/theme1\/bg.png","profile_background_image_url_https":"https:\/\/abs.twimg.com\/images\/themes\/theme1\/bg.png","profile_background_tile":false,"profile_image_url":"http:\/\/pbs.twimg.com\/profile_images\/813896282414559232\/fG7PBUKl_normal.jpg","profile_image_url_https":"https:\/\/pbs.twimg.com\/profile_images\/813896282414559232\/fG7PBUKl_normal.jpg","profile_banner_url":"https:\/\/pbs.twimg.com\/profile_banners\/282795063\/1465702475","profile_link_color":"1DA1F2","profile_sidebar_border_color":"C0DEED","profile_sidebar_fill_color":"DDEEF6","profile_text_color":"333333","profile_use_background_image":true,"has_extended_profile":true,"default_profile":true,"default_profile_image":false,"following":false,"follow_request_sent":false,"notifications":false,"translator_type":"none"},"geo":null,"coordinates":null,"place":{"id":"93b15c1a419833c4","url":"https:\/\/api.twitter.com\/1.1\/geo\/id\/93b15c1a419833c4.json","place_type":"city","name":"Calexico","full_name":"Calexico, CA","country_code":"US","country":"United States","contained_within":[],"bounding_box":{"type":"Polygon","coordinates":[[[-115.5336,32.662133],[-115.459983,32.662133],[-115.459983,32.701648],[-115.5336,32.701648]]]},"attributes":{}},"contributors":null,"is_quote_status":false,"retweet_count":0,"favorite_count":0,"favorited":false,"retweeted":false,"lang":"en"}
