{"created_at":"Thu Jan 12 08:13:05 +0000 2017","id":819457154780270593,"id_str":"819457154780270593","text":"if no one makes a dance for temptation magic by god i will fucking do it myself","truncated":false,"entities":{"hashtags":[],"symbols":[],"user_mentions":[],"urls":[]},"source":"\u003ca href=\"http:\/\/twitter.com\" rel=\"nofollow\"\u003eTwitter Web Client\u003c\/a\u003e","in_reply_to_status_id":null,"in_reply_to_status_id_str":null,"in_reply_to_user_id":null,"in_reply_to_user_id_str":null,"in_reply_to_screen_name":null,"user":{"id":2608818817,"id_str":"2608818817","name":"Give Tsumugi 5*","screen_name":"fizzyshotapop","location":"Gil |he\/him\/\u2642","description":"miami\u3067make some fucking noise\u3057\u3066\u308bDJ Tsumugi\u306e\u30a4\u30e9\u30b9\u30c8\u3092\u63cf\u304d\u307e\u3057\u305f | ENG\u30fb\u65e5\u672c\u8a9e \u3061\u3087\u3068 OK | FE:Fates | Enstars | HxH | PKMN | Art: @digiltal","url":null,"entities":{"description":{"urls":[]}},"protected":false,"followers_count":359,"friends_count":636,"listed_count":29,"created_at":"Mon Jul 07 03:04:42 +0000 2014","favourites_count":91661,"utc_offset":-28800,"time_zone":"Pacific Time (US & Canada)","geo_enabled":true,"verified":false,"statuses_count":57842,"lang":"en","contributors_enabled":false,"is_translator":false,"is_translation_enabled":false,"profile_background_color":"C0DEED","profile_background_image_url":"http:\/\/abs.twimg.com\/images\/themes\/theme1\/bg.png","profile_background_image_url_https":"https:\/\/abs.twimg.com\/images\/themes\/theme1\/bg.png","profile_background_tile":false,"profile_image_url":"http:\/\/pbs.twimg.com\/profile_images\/819422675789488128\/YLrHa25w_normal.jpg","profile_image_url_https":"https:\/\/pbs.twimg.com\/profile_images\/819422675789488128\/YLrHa25w_normal.jpg","profile_banner_url":"https:\/\/pbs.twimg.com\/profile_banners\/2608818817\/1480064096","profile_link_color":"98D8F0","profile_sidebar_border_color":"C0DEED","profile_sidebar_fill_color":"DDEEF6","profile_text_color":"333333","profile_use_background_image":true,"has_extended_profile":true,"default_profile":false,"default_profile_image":false,"following":false,"follow_request_sent":false,"notifications":false,"translator_type":"none"},"geo":null,"coordinates":null,"place":null,"contributors":null,"is_quote_status":false,"retweet_count":0,"favorite_count":2,"favorited":false,"retweeted":false,"lang":"en"}
