{"created_at":"Thu Jan 12 08:13:03 +0000 2017","id":819457149772431365,"id_str":"819457149772431365","text":"I'm at \u6b66\u8535\u5c0f\u6749\u99c5 in \u5ddd\u5d0e\u5e02, \u795e\u5948\u5ddd\u770c https:\/\/t.co\/bXUbLqFSr7","truncated":false,"entities":{"hashtags":[],"symbols":[],"user_mentions":[],"urls":[{"url":"https:\/\/t.co\/bXUbLqFSr7","expanded_url":"https:\/\/www.swarmapp.com\/c\/grUbvMUCEWd","display_url":"swarmapp.com\/c\/grUbvMUCEWd","indices":[26,49]}]},"source":"\u003ca href=\"http:\/\/foursquare.com\" rel=\"nofollow\"\u003eFoursquare\u003c\/a\u003e","in_reply_to_status_id":null,"in_reply_to_status_id_str":null,"in_reply_to_user_id":null,"in_reply_to_user_id_str":null,"in_reply_to_screen_name":null,"user":{"id":723934291,"id_str":"723934291","name":"\u30af\u30cf","screen_name":"9000_Tc","location":"","description":"\u3010\u30bc\u30edtweet\u3001\u81ea\u52d5\u751f\u6210ID\u3001\u300c\u76f8\u4e92 \u30d5 \u30a9\u30ed\u30fc\u300d\u306e\u6587\u8a00\u304c\u66f8\u304b\u308c\u305f\u57a2\u306f\u57fa\u672c\u7684\u306b\u30d5\u30a9\u30ed\u30d0\u3057\u307e\u305b\u3093\u306e\u3067\u3054\u4e86\u627f\u3092\u3011\u4eac\u738b\u30fb\u5c0f\u7530\u6025\u30fb\u90fd\u55b6\u306e\u30ea\u30b9\u30c8\u4f5c\u3063\u3066\u307e\u3059\u2192#\u540a\u9769\u5e83\u544a \u4eac\u738b\u7dda\u306e\u904b\u7528\u8a18\u9332\u2192 @KO_Dgm","url":"https:\/\/t.co\/4c3pN1998l","entities":{"url":{"urls":[{"url":"https:\/\/t.co\/4c3pN1998l","expanded_url":"http:\/\/twpf.jp\/9000_Tc","display_url":"twpf.jp\/9000_Tc","indices":[0,23]}]},"description":{"urls":[]}},"protected":false,"followers_count":4870,"friends_count":4114,"listed_count":45,"created_at":"Sun Jul 29 12:39:45 +0000 2012","favourites_count":50499,"utc_offset":32400,"time_zone":"Tokyo","geo_enabled":true,"verified":false,"statuses_count":203872,"lang":"ja","contributors_enabled":false,"is_translator":false,"is_translation_enabled":false,"profile_background_color":"C0DEED","profile_background_image_url":"http:\/\/pbs.twimg.com\/profile_background_images\/432091311420628995\/072MTduj.jpeg","profile_background_image_url_https":"https:\/\/pbs.twimg.com\/profile_background_images\/432091311420628995\/072MTduj.jpeg","profile_background_tile":true,"profile_image_url":"http:\/\/pbs.twimg.com\/profile_images\/755077772192604161\/hvLwzgRH_normal.jpg","profile_image_url_https":"https:\/\/pbs.twimg.com\/profile_images\/755077772192604161\/hvLwzgRH_normal.jpg","profile_banner_url":"https:\/\/pbs.twimg.com\/profile_banners\/723934291\/1471098716","profile_link_color":"FFCC4D","profile_sidebar_border_color":"FFFFFF","profile_sidebar_fill_color":"DDEEF6","profile_text_color":"333333","profile_use_background_image":true,"has_extended_profile":true,"default_profile":false,"default_profile_image":false,"following":false,"follow_request_sent":false,"notifications":false,"translator_type":"none"},"geo":{"type":"Point","coordinates":[35.57618252,139.66066662]},"coordinates":{"type":"Point","coordinates":[139.66066662,35.57618252]},"place":{"id":"d313627ad749ca61","url":"https:\/\/api.twitter.com\/1.1\/geo\/id\/d313627ad749ca61.json","place_type":"city","name":"Kawasaki-shi Nakahara-ku","full_name":"Kawasaki City Nakahara Ward, Kanagawa","country_code":"JP","country":"Japan","contained_within":[],"bounding_box":{"type":"Polygon","coordinates":[[[139.630936995756,35.5479000021146],[139.688152854637,35.5479000021146],[139.688152854637,35.596515139336],[139.630936995756,35.596515139336]]]},"attributes":{}},"contributors":null,"is_quote_status":false,"retweet_count":0,"favorite_count":0,"favorited":false,"retweeted":false,"possibly_sensitive":false,"possibly_sensitive_appealable":false,"lang":"ja"}
