{"created_at":"Thu Jan 12 08:13:02 +0000 2017","id":819457144504262656,"id_str":"819457144504262656","text":"@HNLDEAN i'm almost there!!! You should sleep if you're tired, love.","truncated":false,"entities":{"hashtags":[],"symbols":[],"user_mentions":[{"screen_name":"HNLDEAN","name":"dean.","id":790333073564901377,"id_str":"790333073564901377","indices":[0,8]}],"urls":[]},"source":"\u003ca href=\"http:\/\/twitter.com\/download\/iphone\" rel=\"nofollow\"\u003eTwitter for iPhone\u003c\/a\u003e","in_reply_to_status_id":819456615040446464,"in_reply_to_status_id_str":"819456615040446464","in_reply_to_user_id":790333073564901377,"in_reply_to_user_id_str":"790333073564901377","in_reply_to_screen_name":"HNLDEAN","user":{"id":819173253675503616,"id_str":"819173253675503616","name":"CHEDDAR.","screen_name":"KSGHNL","location":"HANDSEL","description":"","url":null,"entities":{"description":{"urls":[]}},"protected":false,"followers_count":50,"friends_count":49,"listed_count":0,"created_at":"Wed Jan 11 13:24:57 +0000 2017","favourites_count":2,"utc_offset":-28800,"time_zone":"Pacific Time (US & Canada)","geo_enabled":false,"verified":false,"statuses_count":63,"lang":"en","contributors_enabled":false,"is_translator":false,"is_translation_enabled":false,"profile_background_color":"000000","profile_background_image_url":"http:\/\/abs.twimg.com\/images\/themes\/theme1\/bg.png","profile_background_image_url_https":"https:\/\/abs.twimg.com\/images\/themes\/theme1\/bg.png","profile_background_tile":false,"profile_image_url":"http:\/\/pbs.twimg.com\/profile_images\/819176695420723206\/n0QwSHUc_normal.jpg","profile_image_url_https":"https:\/\/pbs.twimg.com\/profile_images\/819176695420723206\/n0QwSHUc_normal.jpg","profile_banner_url":"https:\/\/pbs.twimg.com\/profile_banners\/819173253675503616\/1484141951","profile_link_color":"F58EA8","profile_sidebar_border_color":"000000","profile_sidebar_fill_color":"000000","profile_text_color":"000000","profile_use_background_image":false,"has_extended_profile":false,"default_profile":false,"default_profile_image":false,"following":false,"follow_request_sent":false,"notifications":false,"translator_type":"none"},"geo":null,"coordinates":null,"place":null,"contributors":null,"is_quote_status":false,"retweet_count":0,"favorite_count":0,"favorited":false,"retweeted":false,"lang":"en"}
