{"created_at":"Thu Jan 12 08:13:02 +0000 2017","id":819457144403755008,"id_str":"819457144403755008","text":"Vibing seriously hard to Kimbra right now. Didn't think this is where my night would end up but hey, here I am. https:\/\/t.co\/rft3rJmCK9","truncated":false,"entities":{"hashtags":[],"symbols":[],"user_mentions":[],"urls":[],"media":[{"id":819457135377420289,"id_str":"819457135377420289","indices":[112,135],"media_url":"http:\/\/pbs.twimg.com\/media\/C19L7EbUkAES4mW.jpg","media_url_https":"https:\/\/pbs.twimg.com\/media\/C19L7EbUkAES4mW.jpg","url":"https:\/\/t.co\/rft3rJmCK9","display_url":"pic.twitter.com\/rft3rJmCK9","expanded_url":"https:\/\/twitter.com\/thatmattposty\/status\/819457144403755008\/photo\/1","type":"photo","sizes":{"small":{"w":382,"h":680,"resize":"fit"},"large":{"w":750,"h":1334,"resize":"fit"},"thumb":{"w":150,"h":150,"resize":"crop"},"medium":{"w":675,"h":1200,"resize":"fit"}}}]},"extended_entities":{"media":[{"id":819457135377420289,"id_str":"819457135377420289","indices":[112,135],"media_url":"http:\/\/pbs.twimg.com\/media\/C19L7EbUkAES4mW.jpg","media_url_https":"https:\/\/pbs.twimg.com\/media\/C19L7EbUkAES4mW.jpg","url":"https:\/\/t.co\/rft3rJmCK9","display_url":"pic.twitter.com\/rft3rJmCK9","expanded_url":"https:\/\/twitter.com\/thatmattposty\/status\/819457144403755008\/photo\/1","type":"photo","sizes":{"small":{"w":382,"h":680,"resize":"fit"},"large":{"w":750,"h":1334,"resize":"fit"},"thumb":{"w":150,"h":150,"resize":"crop"},"medium":{"w":675,"h":1200,"resize":"fit"}}}]},"source":"\u003ca href=\"http:\/\/twitter.com\/download\/iphone\" rel=\"nofollow\"\u003eTwitter for iPhone\u003c\/a\u003e","in_reply_to_status_id":null,"in_reply_to_status_id_str":null,"in_reply_to_user_id":null,"in_reply_to_user_id_str":null,"in_reply_to_screen_name":null,"user":{"id":276635226,"id_str":"276635226","name":"Matthew Postlewait","screen_name":"thatmattposty","location":"Oswego, Illinois","description":"\u2022 #GoCubsGo \u2022","url":null,"entities":{"description":{"urls":[]}},"protected":false,"followers_count":461,"friends_count":505,"listed_count":7,"created_at":"Sun Apr 03 19:27:14 +0000 2011","favourites_count":5656,"utc_offset":-21600,"time_zone":"Central Time (US & Canada)","geo_enabled":true,"verified":false,"statuses_count":40165,"lang":"en","contributors_enabled":false,"is_translator":false,"is_translation_enabled":false,"profile_background_color":"1A1B1F","profile_background_image_url":"http:\/\/pbs.twimg.com\/profile_background_images\/480729786\/Chicago_Blackhawks.jpg","profile_background_image_url_https":"https:\/\/pbs.twimg.com\/profile_background_images\/480729786\/Chicago_Blackhawks.jpg","profile_background_tile":true,"profile_image_url":"http:\/\/pbs.twimg.com\/profile_images\/791530633885577216\/l6BDA5oO_normal.jpg","profile_image_url_https":"https:\/\/pbs.twimg.com\/profile_images\/791530633885577216\/l6BDA5oO_normal.jpg","profile_banner_url":"https:\/\/pbs.twimg.com\/profile_banners\/276635226\/1480204154","profile_link_color":"ABB8C2","profile_sidebar_border_color":"EEEEEE","profile_sidebar_fill_color":"EFEFEF","profile_text_color":"333333","profile_use_background_image":true,"has_extended_profile":true,"default_profile":false,"default_profile_image":false,"following":false,"follow_request_sent":false,"notifications":false,"translator_type":"none"},"geo":null,"coordinates":null,"place":null,"contributors":null,"is_quote_status":false,"retweet_count":0,"favorite_count":1,"favorited":false,"retweeted":false,"possibly_sensitive":false,"possibly_sensitive_appealable":false,"lang":"en"}
