{"created_at":"Thu Jan 12 08:13:01 +0000 2017","id":819457141350273028,"id_str":"819457141350273028","text":"Tot i tindre dorsal per ranking @ITRA_trail avui provem sort per anar amb equip!! Som-hi @a_adrenalina @RaidlightES\u2026 https:\/\/t.co\/d8xJTPHZ0L","truncated":true,"entities":{"hashtags":[],"symbols":[],"user_mentions":[{"screen_name":"ITRA_trail","name":"ITRA","id":2158916984,"id_str":"2158916984","indices":[32,43]},{"screen_name":"a_adrenalina","name":"Alliberadrenalina","id":593564990,"id_str":"593564990","indices":[89,102]},{"screen_name":"RaidlightES","name":"Raidlight Espa\u00f1a","id":577208555,"id_str":"577208555","indices":[103,115]}],"urls":[{"url":"https:\/\/t.co\/d8xJTPHZ0L","expanded_url":"https:\/\/twitter.com\/i\/web\/status\/819457141350273028","display_url":"twitter.com\/i\/web\/status\/8\u2026","indices":[117,140]}]},"source":"\u003ca href=\"http:\/\/twitter.com\/download\/android\" rel=\"nofollow\"\u003eTwitter for Android\u003c\/a\u003e","in_reply_to_status_id":null,"in_reply_to_status_id_str":null,"in_reply_to_user_id":null,"in_reply_to_user_id_str":null,"in_reply_to_screen_name":null,"user":{"id":575568870,"id_str":"575568870","name":"Ester","screen_name":"Ster_cr","location":"Reus","description":"Catalana amb sang Chilena \ud83c\udde8\ud83c\uddf1.\nCorredora de Trailrunning, enamorada de la muntanya, i amant de l'esport en general \ud83d\udeb4\ud83c\udfbf\u26bd\ud83d\uddfb","url":null,"entities":{"description":{"urls":[]}},"protected":false,"followers_count":206,"friends_count":260,"listed_count":4,"created_at":"Wed May 09 16:23:21 +0000 2012","favourites_count":342,"utc_offset":7200,"time_zone":"Athens","geo_enabled":false,"verified":false,"statuses_count":176,"lang":"es","contributors_enabled":false,"is_translator":false,"is_translation_enabled":false,"profile_background_color":"DBE9ED","profile_background_image_url":"http:\/\/pbs.twimg.com\/profile_background_images\/558146012\/292012_2395491840719_1053653324_32774345_507865999_n.jpg","profile_background_image_url_https":"https:\/\/pbs.twimg.com\/profile_background_images\/558146012\/292012_2395491840719_1053653324_32774345_507865999_n.jpg","profile_background_tile":false,"profile_image_url":"http:\/\/pbs.twimg.com\/profile_images\/747371104646369280\/Jmh7BjZo_normal.jpg","profile_image_url_https":"https:\/\/pbs.twimg.com\/profile_images\/747371104646369280\/Jmh7BjZo_normal.jpg","profile_banner_url":"https:\/\/pbs.twimg.com\/profile_banners\/575568870\/1483363166","profile_link_color":"CC3366","profile_sidebar_border_color":"C0DEED","profile_sidebar_fill_color":"DDEEF6","profile_text_color":"333333","profile_use_background_image":true,"has_extended_profile":true,"default_profile":false,"default_profile_image":false,"following":false,"follow_request_sent":false,"notifications":false,"translator_type":"none"},"geo":null,"coordinates":null,"place":null,"contributors":null,"is_quote_status":true,"quoted_status_id":819455758022701057,"quoted_status_id_str":"819455758022701057","quoted_status":{"created_at":"Thu Jan 12 08:07:32 +0000 2017","id":819455758022701057,"id_str":"819455758022701057","text":"1 hour before the results of the draw! Keep calm and be patient #UTMB\n https:\/\/t.co\/TomWxIaBWi https:\/\/t.co\/ULWLOr5b9m","truncated":false,"entities":{"hashtags":[{"text":"UTMB","indices":[64,69]}],"symbols":[],"user_mentions":[],"urls":[{"url":"https:\/\/t.co\/TomWxIaBWi","expanded_url":"https:\/\/goo.gl\/C3dCc6","display_url":"goo.gl\/C3dCc6","indices":[71,94]}],"media":[{"id":819455735096606721,"id_str":"819455735096606721","indices":[95,118],"media_url":"http:\/\/pbs.twimg.com\/media\/C19Kpj-XAAEpQE1.jpg","media_url_https":"https:\/\/pbs.twimg.com\/media\/C19Kpj-XAAEpQE1.jpg","url":"https:\/\/t.co\/ULWLOr5b9m","display_url":"pic.twitter.com\/ULWLOr5b9m","expanded_url":"https:\/\/twitter.com\/UTMBMontBlanc\/status\/819455758022701057\/photo\/1","type":"photo","sizes":{"small":{"w":680,"h":453,"resize":"fit"},"medium":{"w":848,"h":565,"resize":"fit"},"thumb":{"w":150,"h":150,"resize":"crop"},"large":{"w":848,"h":565,"resize":"fit"}}}]},"extended_entities":{"media":[{"id":819455735096606721,"id_str":"819455735096606721","indices":[95,118],"media_url":"http:\/\/pbs.twimg.com\/media\/C19Kpj-XAAEpQE1.jpg","media_url_https":"https:\/\/pbs.twimg.com\/media\/C19Kpj-XAAEpQE1.jpg","url":"https:\/\/t.co\/ULWLOr5b9m","display_url":"pic.twitter.com\/ULWLOr5b9m","expanded_url":"https:\/\/twitter.com\/UTMBMontBlanc\/status\/819455758022701057\/photo\/1","type":"photo","sizes":{"small":{"w":680,"h":453,"resize":"fit"},"medium":{"w":848,"h":565,"resize":"fit"},"thumb":{"w":150,"h":150,"resize":"crop"},"large":{"w":848,"h":565,"resize":"fit"}}}]},"source":"\u003ca href=\"http:\/\/twitter.com\" rel=\"nofollow\"\u003eTwitter Web Client\u003c\/a\u003e","in_reply_to_status_id":null,"in_reply_to_status_id_str":null,"in_reply_to_user_id":null,"in_reply_to_user_id_str":null,"in_reply_to_screen_name":null,"user":{"id":232554372,"id_str":"232554372","name":"UTMB\u00ae","screen_name":"UTMBMontBlanc","location":"Mont-Blanc","description":"The UTMB\u00ae invites you to live an adventure by participating to one of the 5 races: UTMB\u00ae CCC\u00ae TDS\u00ae PTL\u00ae & OCC  #UTMB","url":"https:\/\/t.co\/1F1O46xHfY","entities":{"url":{"urls":[{"url":"https:\/\/t.co\/1F1O46xHfY","expanded_url":"http:\/\/www.utmbmontblanc.com","display_url":"utmbmontblanc.com","indices":[0,23]}]},"description":{"urls":[]}},"protected":false,"followers_count":38470,"friends_count":362,"listed_count":648,"created_at":"Fri Dec 31 13:56:28 +0000 2010","favourites_count":968,"utc_offset":3600,"time_zone":"Paris","geo_enabled":true,"verified":true,"statuses_count":2015,"lang":"fr","contributors_enabled":false,"is_translator":false,"is_translation_enabled":false,"profile_background_color":"00070A","profile_background_image_url":"http:\/\/pbs.twimg.com\/profile_background_images\/534994014450089984\/pW8L2Zep.jpeg","profile_background_image_url_https":"https:\/\/pbs.twimg.com\/profile_background_images\/534994014450089984\/pW8L2Zep.jpeg","profile_background_tile":false,"profile_image_url":"http:\/\/pbs.twimg.com\/profile_images\/676717622935818240\/EitM_yjm_normal.jpg","profile_image_url_https":"https:\/\/pbs.twimg.com\/profile_images\/676717622935818240\/EitM_yjm_normal.jpg","profile_banner_url":"https:\/\/pbs.twimg.com\/profile_banners\/232554372\/1450173328","profile_link_color":"0084B4","profile_sidebar_border_color":"000000","profile_sidebar_fill_color":"DDEEF6","profile_text_color":"333333","profile_use_background_image":true,"has_extended_profile":false,"default_profile":false,"default_profile_image":false,"following":false,"follow_request_sent":false,"notifications":false,"translator_type":"none"},"geo":null,"coordinates":null,"place":{"id":"771f663e0563c046","url":"https:\/\/api.twitter.com\/1.1\/geo\/id\/771f663e0563c046.json","place_type":"city","name":"Saint-Germain-au-Mont-d'Or","full_name":"Saint-Germain-au-Mont-d'Or, France","country_code":"FR","country":"France","contained_within":[],"bounding_box":{"type":"Polygon","coordinates":[[[4.7872827,45.8689633],[4.8197403,45.8689633],[4.8197403,45.8992302],[4.7872827,45.8992302]]]},"attributes":{}},"contributors":null,"is_quote_status":false,"retweet_count":14,"favorite_count":53,"favorited":false,"retweeted":false,"possibly_sensitive":false,"possibly_sensitive_appealable":false,"lang":"en"},"retweet_count":1,"favorite_count":5,"favorited":false,"retweeted":false,"possibly_sensitive":false,"possibly_sensitive_appealable":false,"lang":"und"}
