{"created_at":"Thu Jan 12 08:13:05 +0000 2017","id":819457154591715328,"id_str":"819457154591715328","text":"Can't help but find this mesmerising. No matter how many times I look up.\n#kingscrossstation\u2026 https:\/\/t.co\/GSo5rl6VJ9","truncated":false,"entities":{"hashtags":[{"text":"kingscrossstation","indices":[74,92]}],"symbols":[],"user_mentions":[],"urls":[{"url":"https:\/\/t.co\/GSo5rl6VJ9","expanded_url":"https:\/\/www.instagram.com\/p\/BPKD1UcgNYQ\/","display_url":"instagram.com\/p\/BPKD1UcgNYQ\/","indices":[94,117]}]},"source":"\u003ca href=\"http:\/\/instagram.com\" rel=\"nofollow\"\u003eInstagram\u003c\/a\u003e","in_reply_to_status_id":null,"in_reply_to_status_id_str":null,"in_reply_to_user_id":null,"in_reply_to_user_id_str":null,"in_reply_to_screen_name":null,"user":{"id":1978342920,"id_str":"1978342920","name":"Neil Burton","screen_name":"burton_photos","location":"Lincolnshire, UK","description":"UK Wedding Photographer. Reading & capturing human emotion at its best.","url":"https:\/\/t.co\/Hg2ShvlgK9","entities":{"url":{"urls":[{"url":"https:\/\/t.co\/Hg2ShvlgK9","expanded_url":"http:\/\/www.neilburtonphotography.com","display_url":"neilburtonphotography.com","indices":[0,23]}]},"description":{"urls":[]}},"protected":false,"followers_count":181,"friends_count":336,"listed_count":7,"created_at":"Mon Oct 21 11:19:56 +0000 2013","favourites_count":75,"utc_offset":null,"time_zone":null,"geo_enabled":false,"verified":false,"statuses_count":273,"lang":"en","contributors_enabled":false,"is_translator":false,"is_translation_enabled":false,"profile_background_color":"000000","profile_background_image_url":"http:\/\/abs.twimg.com\/images\/themes\/theme1\/bg.png","profile_background_image_url_https":"https:\/\/abs.twimg.com\/images\/themes\/theme1\/bg.png","profile_background_tile":false,"profile_image_url":"http:\/\/pbs.twimg.com\/profile_images\/741766248128733184\/2biHtDUq_normal.jpg","profile_image_url_https":"https:\/\/pbs.twimg.com\/profile_images\/741766248128733184\/2biHtDUq_normal.jpg","profile_banner_url":"https:\/\/pbs.twimg.com\/profile_banners\/1978342920\/1465843612","profile_link_color":"666666","profile_sidebar_border_color":"000000","profile_sidebar_fill_color":"000000","profile_text_color":"000000","profile_use_background_image":false,"has_extended_profile":false,"default_profile":false,"default_profile_image":false,"following":false,"follow_request_sent":false,"notifications":false,"translator_type":"none"},"geo":null,"coordinates":null,"place":null,"contributors":null,"is_quote_status":false,"retweet_count":0,"favorite_count":0,"favorited":false,"retweeted":false,"possibly_sensitive":false,"possibly_sensitive_appealable":false,"lang":"en"}
