{"created_at":"Thu Jan 12 08:13:05 +0000 2017","id":819457154797158401,"id_str":"819457154797158401","text":"I'm at Seremban Prima in Seremban, Negeri Sembilan https:\/\/t.co\/5enWdmrohB","truncated":false,"entities":{"hashtags":[],"symbols":[],"user_mentions":[],"urls":[{"url":"https:\/\/t.co\/5enWdmrohB","expanded_url":"https:\/\/www.swarmapp.com\/c\/e07pB1aoOWB","display_url":"swarmapp.com\/c\/e07pB1aoOWB","indices":[51,74]}]},"source":"\u003ca href=\"http:\/\/foursquare.com\" rel=\"nofollow\"\u003eFoursquare\u003c\/a\u003e","in_reply_to_status_id":null,"in_reply_to_status_id_str":null,"in_reply_to_user_id":null,"in_reply_to_user_id_str":null,"in_reply_to_screen_name":null,"user":{"id":622177176,"id_str":"622177176","name":"y\u00e2t","screen_name":"yatieeee_","location":"","description":"Eh kau blaa, semak pale aku","url":"https:\/\/t.co\/ZkOlDUqtGA","entities":{"url":{"urls":[{"url":"https:\/\/t.co\/ZkOlDUqtGA","expanded_url":"http:\/\/instagram.com\/n.yatie_","display_url":"instagram.com\/n.yatie_","indices":[0,23]}]},"description":{"urls":[]}},"protected":false,"followers_count":899,"friends_count":356,"listed_count":0,"created_at":"Fri Jun 29 17:44:37 +0000 2012","favourites_count":706,"utc_offset":28800,"time_zone":"Beijing","geo_enabled":true,"verified":false,"statuses_count":26346,"lang":"en","contributors_enabled":false,"is_translator":false,"is_translation_enabled":false,"profile_background_color":"FAFAFA","profile_background_image_url":"http:\/\/pbs.twimg.com\/profile_background_images\/448378300830728192\/49kPLG-1.jpeg","profile_background_image_url_https":"https:\/\/pbs.twimg.com\/profile_background_images\/448378300830728192\/49kPLG-1.jpeg","profile_background_tile":true,"profile_image_url":"http:\/\/pbs.twimg.com\/profile_images\/816273106482249728\/KXR897wq_normal.jpg","profile_image_url_https":"https:\/\/pbs.twimg.com\/profile_images\/816273106482249728\/KXR897wq_normal.jpg","profile_banner_url":"https:\/\/pbs.twimg.com\/profile_banners\/622177176\/1462358489","profile_link_color":"92E3D4","profile_sidebar_border_color":"F7F6E1","profile_sidebar_fill_color":"D9EBD1","profile_text_color":"BBE2D0","profile_use_background_image":false,"has_extended_profile":true,"default_profile":false,"default_profile_image":false,"following":false,"follow_request_sent":false,"notifications":false,"translator_type":"none"},"geo":{"type":"Point","coordinates":[2.71995800,101.94061403]},"coordinates":{"type":"Point","coordinates":[101.94061403,2.71995800]},"place":{"id":"4b830b7fa3b04bbc","url":"https:\/\/api.twitter.com\/1.1\/geo\/id\/4b830b7fa3b04bbc.json","place_type":"city","name":"Bandar Seremban","full_name":"Bandar Seremban, Negeri Sembilan","country_code":"MY","country":"Malaysia","contained_within":[],"bounding_box":{"type":"Polygon","coordinates":[[[101.9142826,2.6794767],[101.9843279,2.6794767],[101.9843279,2.7483696],[101.9142826,2.7483696]]]},"attributes":{}},"contributors":null,"is_quote_status":false,"retweet_count":0,"favorite_count":0,"favorited":false,"retweeted":false,"possibly_sensitive":false,"possibly_sensitive_appealable":false,"lang":"in"}
