{"created_at":"Thu Jan 12 08:13:01 +0000 2017","id":819457139198533632,"id_str":"819457139198533632","text":"I liked a @YouTube video from @thejuicemedia https:\/\/t.co\/IwdlXgu5eH Centrelink Fail - Honest Government Advert","truncated":false,"entities":{"hashtags":[],"symbols":[],"user_mentions":[{"screen_name":"YouTube","name":"YouTube","id":10228272,"id_str":"10228272","indices":[10,18]},{"screen_name":"thejuicemedia","name":"theJuiceMedia","id":164929952,"id_str":"164929952","indices":[30,44]}],"urls":[{"url":"https:\/\/t.co\/IwdlXgu5eH","expanded_url":"http:\/\/youtu.be\/eoD0efoHzeA?a","display_url":"youtu.be\/eoD0efoHzeA?a","indices":[45,68]}]},"source":"\u003ca href=\"http:\/\/www.google.com\/\" rel=\"nofollow\"\u003eGoogle\u003c\/a\u003e","in_reply_to_status_id":null,"in_reply_to_status_id_str":null,"in_reply_to_user_id":null,"in_reply_to_user_id_str":null,"in_reply_to_screen_name":null,"user":{"id":22450787,"id_str":"22450787","name":"Jamal Salem","screen_name":"jsalem","location":"Australia","description":"Drummer | Singer | Songwriter","url":null,"entities":{"description":{"urls":[]}},"protected":false,"followers_count":35,"friends_count":168,"listed_count":0,"created_at":"Mon Mar 02 04:30:14 +0000 2009","favourites_count":3,"utc_offset":39600,"time_zone":"Sydney","geo_enabled":false,"verified":false,"statuses_count":75,"lang":"en","contributors_enabled":false,"is_translator":false,"is_translation_enabled":false,"profile_background_color":"333131","profile_background_image_url":"http:\/\/pbs.twimg.com\/profile_background_images\/378800000150890407\/rudCtTtv.jpeg","profile_background_image_url_https":"https:\/\/pbs.twimg.com\/profile_background_images\/378800000150890407\/rudCtTtv.jpeg","profile_background_tile":true,"profile_image_url":"http:\/\/pbs.twimg.com\/profile_images\/411980044936806400\/jd8z2-6Q_normal.jpeg","profile_image_url_https":"https:\/\/pbs.twimg.com\/profile_images\/411980044936806400\/jd8z2-6Q_normal.jpeg","profile_link_color":"3F4150","profile_sidebar_border_color":"FFFFFF","profile_sidebar_fill_color":"AD5A64","profile_text_color":"75555E","profile_use_background_image":true,"has_extended_profile":false,"default_profile":false,"default_profile_image":false,"following":false,"follow_request_sent":false,"notifications":false,"translator_type":"none"},"geo":null,"coordinates":null,"place":null,"contributors":null,"is_quote_status":false,"retweet_count":0,"favorite_count":0,"favorited":false,"retweeted":false,"possibly_sensitive":false,"possibly_sensitive_appealable":false,"lang":"en"}
