{"created_at":"Thu Jan 12 08:13:02 +0000 2017","id":819457142411251712,"id_str":"819457142411251712","text":"\"Maybe some ropes too. Either to tie Takumi up or to tie a noose. I haven't decided yet.\"","truncated":false,"entities":{"hashtags":[],"symbols":[],"user_mentions":[],"urls":[]},"source":"\u003ca href=\"http:\/\/twittbot.net\/\" rel=\"nofollow\"\u003etwittbot.net\u003c\/a\u003e","in_reply_to_status_id":null,"in_reply_to_status_id_str":null,"in_reply_to_user_id":null,"in_reply_to_user_id_str":null,"in_reply_to_screen_name":null,"user":{"id":748721352543055872,"id_str":"748721352543055872","name":"hitler was a good ma","screen_name":"whippersnapbot","location":"","description":"","url":null,"entities":{"description":{"urls":[]}},"protected":false,"followers_count":13,"friends_count":27,"listed_count":1,"created_at":"Fri Jul 01 03:34:15 +0000 2016","favourites_count":4,"utc_offset":null,"time_zone":null,"geo_enabled":false,"verified":false,"statuses_count":7578,"lang":"en","contributors_enabled":false,"is_translator":false,"is_translation_enabled":false,"profile_background_color":"F5F8FA","profile_background_image_url":null,"profile_background_image_url_https":null,"profile_background_tile":false,"profile_image_url":"http:\/\/pbs.twimg.com\/profile_images\/748721885718859777\/I2LgsT4U_normal.jpg","profile_image_url_https":"https:\/\/pbs.twimg.com\/profile_images\/748721885718859777\/I2LgsT4U_normal.jpg","profile_banner_url":"https:\/\/pbs.twimg.com\/profile_banners\/748721352543055872\/1467435253","profile_link_color":"1DA1F2","profile_sidebar_border_color":"C0DEED","profile_sidebar_fill_color":"DDEEF6","profile_text_color":"333333","profile_use_background_image":true,"has_extended_profile":false,"default_profile":true,"default_profile_image":false,"following":false,"follow_request_sent":false,"notifications":false,"translator_type":"none"},"geo":null,"coordinates":null,"place":null,"contributors":null,"is_quote_status":false,"retweet_count":0,"favorite_count":0,"favorited":false,"retweeted":false,"lang":"en"}
