{"created_at":"Thu Jan 12 08:13:01 +0000 2017","id":819457140121337856,"id_str":"819457140121337856","text":"@SummerSongGirl I am sorry ,not good all that stress ,Hope your day improves","truncated":false,"entities":{"hashtags":[],"symbols":[],"user_mentions":[{"screen_name":"SummerSongGirl","name":"SummerSong Girl\ud83d\udda4","id":719835843872100352,"id_str":"719835843872100352","indices":[0,15]}],"urls":[]},"source":"\u003ca href=\"http:\/\/twitter.com\" rel=\"nofollow\"\u003eTwitter Web Client\u003c\/a\u003e","in_reply_to_status_id":819456663379906560,"in_reply_to_status_id_str":"819456663379906560","in_reply_to_user_id":719835843872100352,"in_reply_to_user_id_str":"719835843872100352","in_reply_to_screen_name":"SummerSongGirl","user":{"id":731555206320754688,"id_str":"731555206320754688","name":"Steve","screen_name":"MyEngland2016","location":"","description":"Passionate about My Country England","url":null,"entities":{"description":{"urls":[]}},"protected":false,"followers_count":6592,"friends_count":6999,"listed_count":44,"created_at":"Sat May 14 18:42:07 +0000 2016","favourites_count":4,"utc_offset":-28800,"time_zone":"Pacific Time (US & Canada)","geo_enabled":false,"verified":false,"statuses_count":51357,"lang":"en-gb","contributors_enabled":false,"is_translator":false,"is_translation_enabled":false,"profile_background_color":"000000","profile_background_image_url":"http:\/\/abs.twimg.com\/images\/themes\/theme1\/bg.png","profile_background_image_url_https":"https:\/\/abs.twimg.com\/images\/themes\/theme1\/bg.png","profile_background_tile":false,"profile_image_url":"http:\/\/pbs.twimg.com\/profile_images\/733765703497601024\/irTOAcnC_normal.jpg","profile_image_url_https":"https:\/\/pbs.twimg.com\/profile_images\/733765703497601024\/irTOAcnC_normal.jpg","profile_banner_url":"https:\/\/pbs.twimg.com\/profile_banners\/731555206320754688\/1463254473","profile_link_color":"19CF86","profile_sidebar_border_color":"000000","profile_sidebar_fill_color":"000000","profile_text_color":"000000","profile_use_background_image":false,"has_extended_profile":false,"default_profile":false,"default_profile_image":false,"following":false,"follow_request_sent":false,"notifications":false,"translator_type":"none"},"geo":null,"coordinates":null,"place":null,"contributors":null,"is_quote_status":false,"retweet_count":0,"favorite_count":1,"favorited":false,"retweeted":false,"lang":"en"}
