{"created_at":"Thu Jan 12 08:13:04 +0000 2017","id":819457154063028225,"id_str":"819457154063028225","text":"I really do have a sixth sense it's crazy","truncated":false,"entities":{"hashtags":[],"symbols":[],"user_mentions":[],"urls":[]},"source":"\u003ca href=\"http:\/\/twitter.com\/download\/iphone\" rel=\"nofollow\"\u003eTwitter for iPhone\u003c\/a\u003e","in_reply_to_status_id":null,"in_reply_to_status_id_str":null,"in_reply_to_user_id":null,"in_reply_to_user_id_str":null,"in_reply_to_screen_name":null,"user":{"id":735271644,"id_str":"735271644","name":"milk dud","screen_name":"lexxaplease","location":"California ","description":"flacka mama \ud83c\udf39","url":"https:\/\/t.co\/0ppDByqbtM","entities":{"url":{"urls":[{"url":"https:\/\/t.co\/0ppDByqbtM","expanded_url":"http:\/\/chill2pill.tumblr.com","display_url":"chill2pill.tumblr.com","indices":[0,23]}]},"description":{"urls":[]}},"protected":false,"followers_count":998,"friends_count":291,"listed_count":4,"created_at":"Fri Aug 03 17:49:59 +0000 2012","favourites_count":39463,"utc_offset":-25200,"time_zone":"Arizona","geo_enabled":true,"verified":false,"statuses_count":54651,"lang":"en","contributors_enabled":false,"is_translator":false,"is_translation_enabled":false,"profile_background_color":"990C0C","profile_background_image_url":"http:\/\/pbs.twimg.com\/profile_background_images\/459094241327587328\/8OhKv9Wi.jpeg","profile_background_image_url_https":"https:\/\/pbs.twimg.com\/profile_background_images\/459094241327587328\/8OhKv9Wi.jpeg","profile_background_tile":true,"profile_image_url":"http:\/\/pbs.twimg.com\/profile_images\/818035233375162368\/80PcDLK6_normal.jpg","profile_image_url_https":"https:\/\/pbs.twimg.com\/profile_images\/818035233375162368\/80PcDLK6_normal.jpg","profile_banner_url":"https:\/\/pbs.twimg.com\/profile_banners\/735271644\/1483923190","profile_link_color":"940D0D","profile_sidebar_border_color":"FFFFFF","profile_sidebar_fill_color":"DDEEF6","profile_text_color":"333333","profile_use_background_image":true,"has_extended_profile":true,"default_profile":false,"default_profile_image":false,"following":false,"follow_request_sent":false,"notifications":false,"translator_type":"regular"},"geo":null,"coordinates":null,"place":null,"contributors":null,"is_quote_status":false,"retweet_count":1,"favorite_count":0,"favorited":false,"retweeted":false,"lang":"en"}
