{"created_at":"Thu Jan 12 08:13:04 +0000 2017","id":819457153480228864,"id_str":"819457153480228864","text":"I just woke up n threw up hella times wtf...\ud83d\ude29","truncated":false,"entities":{"hashtags":[],"symbols":[],"user_mentions":[],"urls":[]},"source":"\u003ca href=\"http:\/\/twitter.com\/download\/iphone\" rel=\"nofollow\"\u003eTwitter for iPhone\u003c\/a\u003e","in_reply_to_status_id":null,"in_reply_to_status_id_str":null,"in_reply_to_user_id":null,"in_reply_to_user_id_str":null,"in_reply_to_screen_name":null,"user":{"id":400430412,"id_str":"400430412","name":"buckz \ud83d\udcaf\ud83e\udd18\ud83c\udffd","screen_name":"A1typeofguy_35","location":"partying on your dbs","description":"#longlivejayelo #jayelogang #shiftteam #jellyteam","url":null,"entities":{"description":{"urls":[]}},"protected":false,"followers_count":1150,"friends_count":1502,"listed_count":6,"created_at":"Sat Oct 29 01:16:51 +0000 2011","favourites_count":6058,"utc_offset":-18000,"time_zone":"Eastern Time (US & Canada)","geo_enabled":true,"verified":false,"statuses_count":52726,"lang":"en","contributors_enabled":false,"is_translator":false,"is_translation_enabled":false,"profile_background_color":"C0DEED","profile_background_image_url":"http:\/\/abs.twimg.com\/images\/themes\/theme1\/bg.png","profile_background_image_url_https":"https:\/\/abs.twimg.com\/images\/themes\/theme1\/bg.png","profile_background_tile":false,"profile_image_url":"http:\/\/pbs.twimg.com\/profile_images\/813821979618902016\/R0vKpAlx_normal.jpg","profile_image_url_https":"https:\/\/pbs.twimg.com\/profile_images\/813821979618902016\/R0vKpAlx_normal.jpg","profile_banner_url":"https:\/\/pbs.twimg.com\/profile_banners\/400430412\/1478134045","profile_link_color":"1DA1F2","profile_sidebar_border_color":"C0DEED","profile_sidebar_fill_color":"DDEEF6","profile_text_color":"333333","profile_use_background_image":true,"has_extended_profile":true,"default_profile":true,"default_profile_image":false,"following":false,"follow_request_sent":false,"notifications":false,"translator_type":"none"},"geo":null,"coordinates":null,"place":null,"contributors":null,"is_quote_status":false,"retweet_count":0,"favorite_count":0,"favorited":false,"retweeted":false,"lang":"en"}
