{"created_at":"Thu Jan 12 08:13:03 +0000 2017","id":819457147293536256,"id_str":"819457147293536256","text":"|| that's the only thing about backstories I don't like. https:\/\/t.co\/kUNIYMsUTK","truncated":false,"entities":{"hashtags":[],"symbols":[],"user_mentions":[],"urls":[{"url":"https:\/\/t.co\/kUNIYMsUTK","expanded_url":"https:\/\/twitter.com\/whxteangxl\/status\/819456904309002240","display_url":"twitter.com\/whxteangxl\/sta\u2026","indices":[57,80]}]},"source":"\u003ca href=\"http:\/\/twitter.com\/download\/iphone\" rel=\"nofollow\"\u003eTwitter for iPhone\u003c\/a\u003e","in_reply_to_status_id":null,"in_reply_to_status_id_str":null,"in_reply_to_user_id":null,"in_reply_to_user_id_str":null,"in_reply_to_screen_name":null,"user":{"id":819443795443982338,"id_str":"819443795443982338","name":"\u1d00\u026a\u1d05\u1d07\u0274 \u1d0b\u026a\u0274\u0262","screen_name":"DangerouslyCalm","location":"","description":"\"\u1d1b\u029c\u1d07 \u0299\u1d07s\u1d1b \u1d0f\u0493 \u1d1cs \u1d04\u1d00\u0274 \u0493\u026a\u0274\u1d05 \u029c\u1d00\u1d18\u1d18\u026a\u0274\u1d07ss, \u026a\u0274 \u1d0d\u026as\u1d07\u0280\u028f.\" \u029c\u1d07's \u1d1b\u029c\u1d07 \u1d0f\u0274\u029f\u028f \u1d0f\u0274\u1d07 \u1d1b\u029c\u1d00\u1d1b \u1d0b\u1d07\u1d07\u1d18s \u1d0d\u1d07 s\u1d00\u0274\u1d07. \u1d21\u026a\u1d1b\u029c\u1d0f\u1d1c\u1d1b \u029c\u026a\u1d0d \u026a'\u1d05 \u0262\u1d0f \u1d04\u0280\u1d00\u1d22\u028f. \u007bOC|Gay|Vixenn\u007d","url":"https:\/\/t.co\/tZnjDlQLRo","entities":{"url":{"urls":[{"url":"https:\/\/t.co\/tZnjDlQLRo","expanded_url":"http:\/\/www.twitlonger.com\/show\/n_1sphek6?new_post=true","display_url":"twitlonger.com\/show\/n_1sphek6\u2026","indices":[0,23]}]},"description":{"urls":[]}},"protected":false,"followers_count":40,"friends_count":138,"listed_count":0,"created_at":"Thu Jan 12 07:20:00 +0000 2017","favourites_count":24,"utc_offset":null,"time_zone":null,"geo_enabled":false,"verified":false,"statuses_count":117,"lang":"en","contributors_enabled":false,"is_translator":false,"is_translation_enabled":false,"profile_background_color":"000000","profile_background_image_url":"http:\/\/abs.twimg.com\/images\/themes\/theme1\/bg.png","profile_background_image_url_https":"https:\/\/abs.twimg.com\/images\/themes\/theme1\/bg.png","profile_background_tile":false,"profile_image_url":"http:\/\/pbs.twimg.com\/profile_images\/820134277228662786\/vmfjRqZy_normal.jpg","profile_image_url_https":"https:\/\/pbs.twimg.com\/profile_images\/820134277228662786\/vmfjRqZy_normal.jpg","profile_banner_url":"https:\/\/pbs.twimg.com\/profile_banners\/819443795443982338\/1484205968","profile_link_color":"E81C4F","profile_sidebar_border_color":"000000","profile_sidebar_fill_color":"000000","profile_text_color":"000000","profile_use_background_image":false,"has_extended_profile":false,"default_profile":false,"default_profile_image":false,"following":false,"follow_request_sent":false,"notifications":false,"translator_type":"none"},"geo":null,"coordinates":null,"place":null,"contributors":null,"is_quote_status":true,"quoted_status_id":819456904309002240,"quoted_status_id_str":"819456904309002240","quoted_status":{"created_at":"Thu Jan 12 08:12:05 +0000 2017","id":819456904309002240,"id_str":"819456904309002240","text":":|| Hm. Interesting. https:\/\/t.co\/lZSjlvVWEu","truncated":false,"entities":{"hashtags":[],"symbols":[],"user_mentions":[],"urls":[{"url":"https:\/\/t.co\/lZSjlvVWEu","expanded_url":"https:\/\/twitter.com\/dangerouslycalm\/status\/819456636653805568","display_url":"twitter.com\/dangerouslycal\u2026","indices":[21,44]}]},"source":"\u003ca href=\"http:\/\/twitter.com\/download\/iphone\" rel=\"nofollow\"\u003eTwitter for iPhone\u003c\/a\u003e","in_reply_to_status_id":null,"in_reply_to_status_id_str":null,"in_reply_to_user_id":null,"in_reply_to_user_id_str":null,"in_reply_to_screen_name":null,"user":{"id":4636231525,"id_str":"4636231525","name":"\u01df\u057c\u0262\u025b\u029f","screen_name":"WhxteAngxl","location":"San Francisco, CA","description":"\u275dA ginger who left to a boarding school in England for many years...Came back with a sick accent and a  decent face...\u275e [#AceJaxx] [Unclaimed] [Fallen Angel]","url":null,"entities":{"description":{"urls":[]}},"protected":false,"followers_count":237,"friends_count":119,"listed_count":0,"created_at":"Wed Dec 23 08:26:11 +0000 2015","favourites_count":70,"utc_offset":-28800,"time_zone":"Pacific Time (US & Canada)","geo_enabled":false,"verified":false,"statuses_count":82,"lang":"en","contributors_enabled":false,"is_translator":false,"is_translation_enabled":false,"profile_background_color":"000000","profile_background_image_url":"http:\/\/abs.twimg.com\/images\/themes\/theme1\/bg.png","profile_background_image_url_https":"https:\/\/abs.twimg.com\/images\/themes\/theme1\/bg.png","profile_background_tile":false,"profile_image_url":"http:\/\/pbs.twimg.com\/profile_images\/820094554950942720\/TjErOhlF_normal.jpg","profile_image_url_https":"https:\/\/pbs.twimg.com\/profile_images\/820094554950942720\/TjErOhlF_normal.jpg","profile_banner_url":"https:\/\/pbs.twimg.com\/profile_banners\/4636231525\/1484368884","profile_link_color":"0B0B61","profile_sidebar_border_color":"000000","profile_sidebar_fill_color":"000000","profile_text_color":"000000","profile_use_background_image":false,"has_extended_profile":false,"default_profile":false,"default_profile_image":false,"following":false,"follow_request_sent":false,"notifications":false,"translator_type":"none"},"geo":null,"coordinates":null,"place":null,"contributors":null,"is_quote_status":true,"quoted_status_id":819456636653805568,"quoted_status_id_str":"819456636653805568","retweet_count":0,"favorite_count":0,"favorited":false,"retweeted":false,"possibly_sensitive":false,"possibly_sensitive_appealable":false,"lang":"en"},"retweet_count":0,"favorite_count":0,"favorited":false,"retweeted":false,"possibly_sensitive":false,"possibly_sensitive_appealable":false,"lang":"en"}
