{"created_at":"Thu Jan 12 08:13:05 +0000 2017","id":819457154667008001,"id_str":"819457154667008001","text":"\u30c8\u30ea\u30fc\u30c8\u30e1\u30f3\u30c8\u3057\u3066\u3082\u3089\u3063\u3066\u30b5\u30e9\u30b5\u30e9\uff5e\uff5e\ud83d\ude0b\ud83d\udc93","truncated":false,"entities":{"hashtags":[],"symbols":[],"user_mentions":[],"urls":[]},"source":"\u003ca href=\"http:\/\/twitter.com\/download\/iphone\" rel=\"nofollow\"\u003eTwitter for iPhone\u003c\/a\u003e","in_reply_to_status_id":null,"in_reply_to_status_id_str":null,"in_reply_to_user_id":null,"in_reply_to_user_id_str":null,"in_reply_to_screen_name":null,"user":{"id":764839089514307584,"id_str":"764839089514307584","name":"R I S A \u6c0f . . \u271d\ufe0e\u271d\ufe0e","screen_name":"ri____012","location":"Kumamoto \u21ff Chikuho","description":"\u2765\u2765 \u5b87\u4e95\u771f\u767d . \u6751\u702c\u7d17\u82f1 [ @murasesae_0330 ] . \u597d\uff77 \u597d\uff77 \u3075\u308f\u3075\u308f \u5e73\u585a\u65e5\u83dc \u2665 [ @hiratsuka_hina ]","url":null,"entities":{"description":{"urls":[]}},"protected":false,"followers_count":54,"friends_count":92,"listed_count":0,"created_at":"Sun Aug 14 15:00:24 +0000 2016","favourites_count":262,"utc_offset":null,"time_zone":null,"geo_enabled":false,"verified":false,"statuses_count":1611,"lang":"ja","contributors_enabled":false,"is_translator":false,"is_translation_enabled":false,"profile_background_color":"F5F8FA","profile_background_image_url":null,"profile_background_image_url_https":null,"profile_background_tile":false,"profile_image_url":"http:\/\/pbs.twimg.com\/profile_images\/811757197382168576\/3qKJpx1A_normal.jpg","profile_image_url_https":"https:\/\/pbs.twimg.com\/profile_images\/811757197382168576\/3qKJpx1A_normal.jpg","profile_banner_url":"https:\/\/pbs.twimg.com\/profile_banners\/764839089514307584\/1477876084","profile_link_color":"1DA1F2","profile_sidebar_border_color":"C0DEED","profile_sidebar_fill_color":"DDEEF6","profile_text_color":"333333","profile_use_background_image":true,"has_extended_profile":true,"default_profile":true,"default_profile_image":false,"following":false,"follow_request_sent":false,"notifications":false,"translator_type":"none"},"geo":null,"coordinates":null,"place":null,"contributors":null,"is_quote_status":false,"retweet_count":0,"favorite_count":1,"favorited":false,"retweeted":false,"lang":"ja"}
