{"created_at":"Thu Jan 12 08:13:06 +0000 2017","id":819457161172426752,"id_str":"819457161172426752","text":"\u30d5\u30a9\u30ed\u30d0100\uff05 \u30c0\u30a6\u30f3\u30bf\u30a6\u30f3\u677e\u672c\u4eba\u5fd7\u306e\u767a\u8a00 \u73fe\u5834\u3067\u306f\u300c\u304a\u524d\u304c\u8a00\u3046\u306a\u300d\u306e\u58f0\u304b: \u8a18\u4e8b\u3092\u8aad\u3080 https:\/\/t.co\/FsmIJ2hYNE \u81ea\u52d5\u30d5\u30a9\u30ed\u30fc\u8fd4\u3057 https:\/\/t.co\/tDmtRcUK5k","truncated":false,"entities":{"hashtags":[],"symbols":[],"user_mentions":[],"urls":[{"url":"https:\/\/t.co\/FsmIJ2hYNE","expanded_url":"http:\/\/dlvr.it\/N5L5Jm","display_url":"dlvr.it\/N5L5Jm","indices":[46,69]}],"media":[{"id":819457157611417600,"id_str":"819457157611417600","indices":[79,102],"media_url":"http:\/\/pbs.twimg.com\/media\/C19L8XQUcAAiDUw.jpg","media_url_https":"https:\/\/pbs.twimg.com\/media\/C19L8XQUcAAiDUw.jpg","url":"https:\/\/t.co\/tDmtRcUK5k","display_url":"pic.twitter.com\/tDmtRcUK5k","expanded_url":"https:\/\/twitter.com\/IMqq1da0eame74h\/status\/819457161172426752\/photo\/1","type":"photo","sizes":{"medium":{"w":200,"h":300,"resize":"fit"},"large":{"w":200,"h":300,"resize":"fit"},"thumb":{"w":150,"h":150,"resize":"crop"},"small":{"w":200,"h":300,"resize":"fit"}}}]},"extended_entities":{"media":[{"id":819457157611417600,"id_str":"819457157611417600","indices":[79,102],"media_url":"http:\/\/pbs.twimg.com\/media\/C19L8XQUcAAiDUw.jpg","media_url_https":"https:\/\/pbs.twimg.com\/media\/C19L8XQUcAAiDUw.jpg","url":"https:\/\/t.co\/tDmtRcUK5k","display_url":"pic.twitter.com\/tDmtRcUK5k","expanded_url":"https:\/\/twitter.com\/IMqq1da0eame74h\/status\/819457161172426752\/photo\/1","type":"photo","sizes":{"medium":{"w":200,"h":300,"resize":"fit"},"large":{"w":200,"h":300,"resize":"fit"},"thumb":{"w":150,"h":150,"resize":"crop"},"small":{"w":200,"h":300,"resize":"fit"}}}]},"source":"\u003ca href=\"https:\/\/dlvrit.com\/\" rel=\"nofollow\"\u003edlvr.it\u003c\/a\u003e","in_reply_to_status_id":null,"in_reply_to_status_id_str":null,"in_reply_to_user_id":null,"in_reply_to_user_id_str":null,"in_reply_to_screen_name":null,"user":{"id":739472555656941568,"id_str":"739472555656941568","name":"\u5973\u5b50\u30cb\u30e5\u30fc\u30b9NEWS\u901f\u5831","screen_name":"IMqq1da0eame74h","location":"","description":"girlsNews\nhttps:\/\/t.co\/7fhO0qCu2E\n\u76f8\u4e92\u30d5\u30a9\u30ed\u30fc\u652f\u63f4\u30a2\u30ab\u30a6\u30f3\u30c8\u3067\u3059\u3002 \u30d5\u30a9\u30ed\u30ef\u30fc\u3092\u5897\u3084\u3057\u305f\u3044\u65b9\u306f\u3001\u3053\u306e \u30a2\u30ab\u30a6\u30f3\u30c8\u3092\u30d5\u30a9\u30ed\u30fc\u3057\u3001\u3053\u306e\u30a2\u30ab \u30a6\u30f3\u30c8\u306e\u30d5\u30a9\u30ed\u30ef\u30fc\u3092\u30d5\u30a9\u30ed\u30fc\u3057\u3066\u4e0b\u3055\u3044\uff01#followmejp #sougofollow","url":"https:\/\/t.co\/7fhO0qCu2E","entities":{"url":{"urls":[{"url":"https:\/\/t.co\/7fhO0qCu2E","expanded_url":"https:\/\/twitter.com\/nkft9dhw0ca2hp1","display_url":"twitter.com\/nkft9dhw0ca2hp1","indices":[0,23]}]},"description":{"urls":[{"url":"https:\/\/t.co\/7fhO0qCu2E","expanded_url":"https:\/\/twitter.com\/nkft9dhw0ca2hp1","display_url":"twitter.com\/nkft9dhw0ca2hp1","indices":[10,33]}]}},"protected":false,"followers_count":1938,"friends_count":2954,"listed_count":3,"created_at":"Sun Jun 05 15:02:50 +0000 2016","favourites_count":2,"utc_offset":null,"time_zone":null,"geo_enabled":false,"verified":false,"statuses_count":15169,"lang":"ja","contributors_enabled":false,"is_translator":false,"is_translation_enabled":false,"profile_background_color":"000000","profile_background_image_url":"http:\/\/abs.twimg.com\/images\/themes\/theme1\/bg.png","profile_background_image_url_https":"https:\/\/abs.twimg.com\/images\/themes\/theme1\/bg.png","profile_background_tile":false,"profile_image_url":"http:\/\/pbs.twimg.com\/profile_images\/772223010342178816\/npBGC_gg_normal.jpg","profile_image_url_https":"https:\/\/pbs.twimg.com\/profile_images\/772223010342178816\/npBGC_gg_normal.jpg","profile_banner_url":"https:\/\/pbs.twimg.com\/profile_banners\/739472555656941568\/1472947277","profile_link_color":"E81C4F","profile_sidebar_border_color":"000000","profile_sidebar_fill_color":"000000","profile_text_color":"000000","profile_use_background_image":false,"has_extended_profile":false,"default_profile":false,"default_profile_image":false,"following":false,"follow_request_sent":false,"notifications":false,"translator_type":"none"},"geo":null,"coordinates":null,"place":null,"contributors":null,"is_quote_status":false,"retweet_count":0,"favorite_count":0,"favorited":false,"retweeted":false,"possibly_sensitive":false,"possibly_sensitive_appealable":false,"lang":"ja"}
