{"created_at":"Thu Jan 12 08:13:04 +0000 2017","id":819457150342733825,"id_str":"819457150342733825","text":"@robmoynihan @Chargers Don't worry, Rob. I'll go with you (mostly so you're not alone in the stadium)","truncated":false,"entities":{"hashtags":[],"symbols":[],"user_mentions":[{"screen_name":"robmoynihan","name":"Rob Moynihan","id":21530316,"id_str":"21530316","indices":[0,12]},{"screen_name":"Chargers","name":"San Diego Chargers","id":713143,"id_str":"713143","indices":[13,22]}],"urls":[]},"source":"\u003ca href=\"http:\/\/twitter.com\/download\/iphone\" rel=\"nofollow\"\u003eTwitter for iPhone\u003c\/a\u003e","in_reply_to_status_id":819441228164907008,"in_reply_to_status_id_str":"819441228164907008","in_reply_to_user_id":21530316,"in_reply_to_user_id_str":"21530316","in_reply_to_screen_name":"robmoynihan","user":{"id":1068754020,"id_str":"1068754020","name":"Gary Miereanu","screen_name":"SuperPRGuy","location":"Los Angeles","description":"A faster-than-a-speeding-bullet publicist having so much fun touting fanboy entertainment that he doesn't even need vacations. Except right after Comic-Con.","url":null,"entities":{"description":{"urls":[]}},"protected":false,"followers_count":4179,"friends_count":1000,"listed_count":83,"created_at":"Mon Jan 07 16:59:36 +0000 2013","favourites_count":43362,"utc_offset":-25200,"time_zone":"Arizona","geo_enabled":false,"verified":false,"statuses_count":20555,"lang":"en","contributors_enabled":false,"is_translator":false,"is_translation_enabled":false,"profile_background_color":"C0DEED","profile_background_image_url":"http:\/\/abs.twimg.com\/images\/themes\/theme1\/bg.png","profile_background_image_url_https":"https:\/\/abs.twimg.com\/images\/themes\/theme1\/bg.png","profile_background_tile":false,"profile_image_url":"http:\/\/pbs.twimg.com\/profile_images\/3338574482\/da2d438c521dbfbfa632d910654a34e7_normal.jpeg","profile_image_url_https":"https:\/\/pbs.twimg.com\/profile_images\/3338574482\/da2d438c521dbfbfa632d910654a34e7_normal.jpeg","profile_banner_url":"https:\/\/pbs.twimg.com\/profile_banners\/1068754020\/1482880035","profile_link_color":"1DA1F2","profile_sidebar_border_color":"C0DEED","profile_sidebar_fill_color":"DDEEF6","profile_text_color":"333333","profile_use_background_image":true,"has_extended_profile":false,"default_profile":true,"default_profile_image":false,"following":false,"follow_request_sent":false,"notifications":false,"translator_type":"none"},"geo":null,"coordinates":null,"place":null,"contributors":null,"is_quote_status":false,"retweet_count":0,"favorite_count":0,"favorited":false,"retweeted":false,"lang":"en"}
