{"created_at":"Thu Jan 12 08:13:03 +0000 2017","id":819457148400717824,"id_str":"819457148400717824","text":"@rawangrey I am glad you are free. I hope you find peace, love and forever hope in your life. Having served in the Middle East I've seen","truncated":false,"entities":{"hashtags":[],"symbols":[],"user_mentions":[{"screen_name":"rawangrey","name":"Rawan","id":730604670515716096,"id_str":"730604670515716096","indices":[0,10]}],"urls":[]},"source":"\u003ca href=\"http:\/\/twitter.com\/download\/android\" rel=\"nofollow\"\u003eTwitter for Android\u003c\/a\u003e","in_reply_to_status_id":null,"in_reply_to_status_id_str":null,"in_reply_to_user_id":730604670515716096,"in_reply_to_user_id_str":"730604670515716096","in_reply_to_screen_name":"rawangrey","user":{"id":2760734627,"id_str":"2760734627","name":"Jeff","screen_name":"rangerjeff44","location":"California, USA","description":"Veteran, conservative. Love my country and military. Hate ALL things Hollywood. Enjoy MMA. Respect Lincoln, Churchill, Reagan.","url":null,"entities":{"description":{"urls":[]}},"protected":false,"followers_count":151,"friends_count":493,"listed_count":0,"created_at":"Wed Sep 03 21:57:22 +0000 2014","favourites_count":322,"utc_offset":null,"time_zone":null,"geo_enabled":false,"verified":false,"statuses_count":320,"lang":"en","contributors_enabled":false,"is_translator":false,"is_translation_enabled":false,"profile_background_color":"C0DEED","profile_background_image_url":"http:\/\/abs.twimg.com\/images\/themes\/theme1\/bg.png","profile_background_image_url_https":"https:\/\/abs.twimg.com\/images\/themes\/theme1\/bg.png","profile_background_tile":false,"profile_image_url":"http:\/\/pbs.twimg.com\/profile_images\/818298334720864256\/WvlKtt6Z_normal.jpg","profile_image_url_https":"https:\/\/pbs.twimg.com\/profile_images\/818298334720864256\/WvlKtt6Z_normal.jpg","profile_banner_url":"https:\/\/pbs.twimg.com\/profile_banners\/2760734627\/1484250864","profile_link_color":"1DA1F2","profile_sidebar_border_color":"C0DEED","profile_sidebar_fill_color":"DDEEF6","profile_text_color":"333333","profile_use_background_image":true,"has_extended_profile":true,"default_profile":true,"default_profile_image":false,"following":false,"follow_request_sent":false,"notifications":false,"translator_type":"none"},"geo":null,"coordinates":null,"place":null,"contributors":null,"is_quote_status":false,"retweet_count":0,"favorite_count":1,"favorited":false,"retweeted":false,"lang":"en"}
