{"created_at":"Thu Jan 12 08:13:04 +0000 2017","id":819457150334464000,"id_str":"819457150334464000","text":"I want to #Win a month's supply of Get More Vitamin Drinks in HodgePodgeDays #giveaway #competition  https:\/\/t.co\/gcTggHfBFR","truncated":false,"entities":{"hashtags":[{"text":"Win","indices":[10,14]},{"text":"giveaway","indices":[77,86]},{"text":"competition","indices":[87,99]}],"symbols":[],"user_mentions":[],"urls":[{"url":"https:\/\/t.co\/gcTggHfBFR","expanded_url":"http:\/\/hodgepodgedays.co.uk\/giveaways\/get-more-vitamin-drinks\/","display_url":"hodgepodgedays.co.uk\/giveaways\/get-\u2026","indices":[101,124]}]},"source":"\u003ca href=\"http:\/\/twitter.com\" rel=\"nofollow\"\u003eTwitter Web Client\u003c\/a\u003e","in_reply_to_status_id":null,"in_reply_to_status_id_str":null,"in_reply_to_user_id":null,"in_reply_to_user_id_str":null,"in_reply_to_screen_name":null,"user":{"id":19471633,"id_str":"19471633","name":"Laura banks","screen_name":"loz09","location":"","description":"busy mum works in a chemist loves music food and of course partying and vodka","url":null,"entities":{"description":{"urls":[]}},"protected":false,"followers_count":2567,"friends_count":4089,"listed_count":571,"created_at":"Sun Jan 25 00:49:00 +0000 2009","favourites_count":143,"utc_offset":0,"time_zone":"London","geo_enabled":false,"verified":false,"statuses_count":393760,"lang":"en","contributors_enabled":false,"is_translator":false,"is_translation_enabled":false,"profile_background_color":"642D8B","profile_background_image_url":"http:\/\/abs.twimg.com\/images\/themes\/theme10\/bg.gif","profile_background_image_url_https":"https:\/\/abs.twimg.com\/images\/themes\/theme10\/bg.gif","profile_background_tile":true,"profile_image_url":"http:\/\/pbs.twimg.com\/profile_images\/494941665153413120\/XGV1JEhk_normal.jpeg","profile_image_url_https":"https:\/\/pbs.twimg.com\/profile_images\/494941665153413120\/XGV1JEhk_normal.jpeg","profile_banner_url":"https:\/\/pbs.twimg.com\/profile_banners\/19471633\/1460110849","profile_link_color":"FF0000","profile_sidebar_border_color":"65B0DA","profile_sidebar_fill_color":"7AC3EE","profile_text_color":"3D1957","profile_use_background_image":true,"has_extended_profile":false,"default_profile":false,"default_profile_image":false,"following":false,"follow_request_sent":false,"notifications":false,"translator_type":"none"},"geo":null,"coordinates":null,"place":null,"contributors":null,"is_quote_status":false,"retweet_count":5,"favorite_count":1,"favorited":false,"retweeted":false,"possibly_sensitive":false,"possibly_sensitive_appealable":false,"lang":"en"}
