{"created_at":"Thu Jan 12 08:13:05 +0000 2017","id":819457157980680192,"id_str":"819457157980680192","text":"@_Silkenxox_ I thought it was a snow plow \ud83d\ude44\ud83d\ude44\ud83d\ude44\ud83d\ude44","truncated":false,"entities":{"hashtags":[],"symbols":[],"user_mentions":[{"screen_name":"_Silkenxox_","name":"Silken \ud83c\udf38","id":1374797126,"id_str":"1374797126","indices":[0,12]}],"urls":[]},"source":"\u003ca href=\"http:\/\/twitter.com\/download\/iphone\" rel=\"nofollow\"\u003eTwitter for iPhone\u003c\/a\u003e","in_reply_to_status_id":819429749713936385,"in_reply_to_status_id_str":"819429749713936385","in_reply_to_user_id":1374797126,"in_reply_to_user_id_str":"1374797126","in_reply_to_screen_name":"_Silkenxox_","user":{"id":840912180,"id_str":"840912180","name":"\u25abinsom-rie-ac\u25ab\ufe0f","screen_name":"RieTheRabbit","location":"Down The Rabbit Hole, London","description":"Rie. Full name Valerie. Too short to be a Wood-Elf. Compensates with LOTR gifs. 20 year old nose wiggler. PEACE & CARROTS","url":"https:\/\/t.co\/IuCZNgpyGI","entities":{"url":{"urls":[{"url":"https:\/\/t.co\/IuCZNgpyGI","expanded_url":"http:\/\/www.youtube.com\/user\/itsmethegirlurlookn4","display_url":"youtube.com\/user\/itsmetheg\u2026","indices":[0,23]}]},"description":{"urls":[]}},"protected":false,"followers_count":141,"friends_count":65,"listed_count":2,"created_at":"Sun Sep 23 03:22:03 +0000 2012","favourites_count":1801,"utc_offset":null,"time_zone":null,"geo_enabled":false,"verified":false,"statuses_count":5555,"lang":"en","contributors_enabled":false,"is_translator":false,"is_translation_enabled":false,"profile_background_color":"3DC44D","profile_background_image_url":"http:\/\/pbs.twimg.com\/profile_background_images\/378800000066124431\/ff9a6aa827b06a4661f716c813d3fc73.png","profile_background_image_url_https":"https:\/\/pbs.twimg.com\/profile_background_images\/378800000066124431\/ff9a6aa827b06a4661f716c813d3fc73.png","profile_background_tile":false,"profile_image_url":"http:\/\/pbs.twimg.com\/profile_images\/771688003701923840\/w-F499ZR_normal.jpg","profile_image_url_https":"https:\/\/pbs.twimg.com\/profile_images\/771688003701923840\/w-F499ZR_normal.jpg","profile_banner_url":"https:\/\/pbs.twimg.com\/profile_banners\/840912180\/1462071643","profile_link_color":"14872B","profile_sidebar_border_color":"000000","profile_sidebar_fill_color":"DDEEF6","profile_text_color":"333333","profile_use_background_image":true,"has_extended_profile":true,"default_profile":false,"default_profile_image":false,"following":false,"follow_request_sent":false,"notifications":false,"translator_type":"none"},"geo":null,"coordinates":null,"place":null,"contributors":null,"is_quote_status":false,"retweet_count":0,"favorite_count":0,"favorited":false,"retweeted":false,"lang":"en"}
