{"created_at":"Thu Jan 12 08:13:06 +0000 2017","id":819457161184972800,"id_str":"819457161184972800","text":"@_M_I_Y_U_3188 \u8003\u3048\u3068\u304f\u306d","truncated":false,"entities":{"hashtags":[],"symbols":[],"user_mentions":[{"screen_name":"_M_I_Y_U_3188","name":"MIYU","id":773823485412016128,"id_str":"773823485412016128","indices":[0,14]}],"urls":[]},"source":"\u003ca href=\"http:\/\/twitter.com\/download\/iphone\" rel=\"nofollow\"\u003eTwitter for iPhone\u003c\/a\u003e","in_reply_to_status_id":819457103416832000,"in_reply_to_status_id_str":"819457103416832000","in_reply_to_user_id":773823485412016128,"in_reply_to_user_id_str":"773823485412016128","in_reply_to_screen_name":"_M_I_Y_U_3188","user":{"id":764740410392535041,"id_str":"764740410392535041","name":"\u307f\u3046","screen_name":"0807miuu","location":"","description":"","url":null,"entities":{"description":{"urls":[]}},"protected":false,"followers_count":147,"friends_count":55,"listed_count":0,"created_at":"Sun Aug 14 08:28:17 +0000 2016","favourites_count":1138,"utc_offset":null,"time_zone":null,"geo_enabled":true,"verified":false,"statuses_count":758,"lang":"ja","contributors_enabled":false,"is_translator":false,"is_translation_enabled":false,"profile_background_color":"F5F8FA","profile_background_image_url":null,"profile_background_image_url_https":null,"profile_background_tile":false,"profile_image_url":"http:\/\/pbs.twimg.com\/profile_images\/818497555440881664\/CdJIz235_normal.jpg","profile_image_url_https":"https:\/\/pbs.twimg.com\/profile_images\/818497555440881664\/CdJIz235_normal.jpg","profile_banner_url":"https:\/\/pbs.twimg.com\/profile_banners\/764740410392535041\/1483979948","profile_link_color":"1DA1F2","profile_sidebar_border_color":"C0DEED","profile_sidebar_fill_color":"DDEEF6","profile_text_color":"333333","profile_use_background_image":true,"has_extended_profile":false,"default_profile":true,"default_profile_image":false,"following":false,"follow_request_sent":false,"notifications":false,"translator_type":"none"},"geo":null,"coordinates":null,"place":null,"contributors":null,"is_quote_status":false,"retweet_count":0,"favorite_count":0,"favorited":false,"retweeted":false,"lang":"ja"}
