{"created_at":"Thu Jan 12 08:13:02 +0000 2017","id":819457141656301569,"id_str":"819457141656301569","text":"@i_0810 \u3044\u3063\u305b\u3044\u3042\u308a\u304c\u3068\u3046\ud83d\ude2d\n\u9811\u5f35\u3063\u305f\ud83d\ude2d\n\n\u30b9\u30da\u8a9e\u884c\u3051\u305f\uff1f\u7b11","truncated":false,"entities":{"hashtags":[],"symbols":[],"user_mentions":[{"screen_name":"i_0810","name":"\u3044\u3063\u305b","id":444487867,"id_str":"444487867","indices":[0,7]}],"urls":[]},"source":"\u003ca href=\"http:\/\/twitter.com\/download\/iphone\" rel=\"nofollow\"\u003eTwitter for iPhone\u003c\/a\u003e","in_reply_to_status_id":819452112119574530,"in_reply_to_status_id_str":"819452112119574530","in_reply_to_user_id":444487867,"in_reply_to_user_id_str":"444487867","in_reply_to_screen_name":"i_0810","user":{"id":761196805346385920,"id_str":"761196805346385920","name":"\u3044\u3065\u307f","screen_name":"is_me_1994","location":"blurred line","description":"\u3082\u3075\u3082\u3075\u3068~\u3086\u308b\u3086\u308b\u3068~","url":null,"entities":{"description":{"urls":[]}},"protected":false,"followers_count":186,"friends_count":266,"listed_count":1,"created_at":"Thu Aug 04 13:47:15 +0000 2016","favourites_count":336,"utc_offset":null,"time_zone":null,"geo_enabled":false,"verified":false,"statuses_count":547,"lang":"ja","contributors_enabled":false,"is_translator":false,"is_translation_enabled":false,"profile_background_color":"F5F8FA","profile_background_image_url":null,"profile_background_image_url_https":null,"profile_background_tile":false,"profile_image_url":"http:\/\/pbs.twimg.com\/profile_images\/804177287293771776\/ZHtaOnVH_normal.jpg","profile_image_url_https":"https:\/\/pbs.twimg.com\/profile_images\/804177287293771776\/ZHtaOnVH_normal.jpg","profile_banner_url":"https:\/\/pbs.twimg.com\/profile_banners\/761196805346385920\/1483319698","profile_link_color":"1DA1F2","profile_sidebar_border_color":"C0DEED","profile_sidebar_fill_color":"DDEEF6","profile_text_color":"333333","profile_use_background_image":true,"has_extended_profile":true,"default_profile":true,"default_profile_image":false,"following":false,"follow_request_sent":false,"notifications":false,"translator_type":"none"},"geo":null,"coordinates":null,"place":null,"contributors":null,"is_quote_status":false,"retweet_count":0,"favorite_count":0,"favorited":false,"retweeted":false,"lang":"ja"}
