{"created_at":"Thu Jan 12 08:13:04 +0000 2017","id":819457153194950656,"id_str":"819457153194950656","text":"I warned her.","truncated":false,"entities":{"hashtags":[],"symbols":[],"user_mentions":[],"urls":[]},"source":"\u003ca href=\"http:\/\/twitter.com\/download\/iphone\" rel=\"nofollow\"\u003eTwitter for iPhone\u003c\/a\u003e","in_reply_to_status_id":null,"in_reply_to_status_id_str":null,"in_reply_to_user_id":null,"in_reply_to_user_id_str":null,"in_reply_to_screen_name":null,"user":{"id":757074955150426112,"id_str":"757074955150426112","name":"Booker W.","screen_name":"WrightAssassin","location":"","description":"I am the shadow you should fear. Keeping my best friend company whether she knows or not \u007bGloria\u007d \u2022DCRP \u2022OC","url":null,"entities":{"description":{"urls":[]}},"protected":false,"followers_count":173,"friends_count":197,"listed_count":0,"created_at":"Sun Jul 24 04:48:29 +0000 2016","favourites_count":262,"utc_offset":null,"time_zone":null,"geo_enabled":true,"verified":false,"statuses_count":2477,"lang":"en","contributors_enabled":false,"is_translator":false,"is_translation_enabled":false,"profile_background_color":"F5F8FA","profile_background_image_url":null,"profile_background_image_url_https":null,"profile_background_tile":false,"profile_image_url":"http:\/\/pbs.twimg.com\/profile_images\/818713586885423104\/bIFGIL97_normal.jpg","profile_image_url_https":"https:\/\/pbs.twimg.com\/profile_images\/818713586885423104\/bIFGIL97_normal.jpg","profile_banner_url":"https:\/\/pbs.twimg.com\/profile_banners\/757074955150426112\/1479103166","profile_link_color":"1DA1F2","profile_sidebar_border_color":"C0DEED","profile_sidebar_fill_color":"DDEEF6","profile_text_color":"333333","profile_use_background_image":true,"has_extended_profile":false,"default_profile":true,"default_profile_image":false,"following":false,"follow_request_sent":false,"notifications":false,"translator_type":"none"},"geo":null,"coordinates":null,"place":null,"contributors":null,"is_quote_status":false,"retweet_count":0,"favorite_count":0,"favorited":false,"retweeted":false,"lang":"en"}
