{"created_at":"Thu Jan 12 08:13:04 +0000 2017","id":819457152192348160,"id_str":"819457152192348160","text":"I don't wanna be just a lesson to someone","truncated":false,"entities":{"hashtags":[],"symbols":[],"user_mentions":[],"urls":[]},"source":"\u003ca href=\"http:\/\/twitter.com\/download\/iphone\" rel=\"nofollow\"\u003eTwitter for iPhone\u003c\/a\u003e","in_reply_to_status_id":null,"in_reply_to_status_id_str":null,"in_reply_to_user_id":null,"in_reply_to_user_id_str":null,"in_reply_to_screen_name":null,"user":{"id":1536029030,"id_str":"1536029030","name":"Fathi","screen_name":"Fetty_Fatima","location":"Selma, CA","description":"stick to dro & keep your faith strong","url":null,"entities":{"description":{"urls":[]}},"protected":false,"followers_count":859,"friends_count":788,"listed_count":6,"created_at":"Fri Jun 21 08:10:05 +0000 2013","favourites_count":8841,"utc_offset":-28800,"time_zone":"Pacific Time (US & Canada)","geo_enabled":true,"verified":false,"statuses_count":17768,"lang":"en","contributors_enabled":false,"is_translator":false,"is_translation_enabled":false,"profile_background_color":"C0DEED","profile_background_image_url":"http:\/\/abs.twimg.com\/images\/themes\/theme1\/bg.png","profile_background_image_url_https":"https:\/\/abs.twimg.com\/images\/themes\/theme1\/bg.png","profile_background_tile":false,"profile_image_url":"http:\/\/pbs.twimg.com\/profile_images\/820053193816096768\/TdNV-LCi_normal.jpg","profile_image_url_https":"https:\/\/pbs.twimg.com\/profile_images\/820053193816096768\/TdNV-LCi_normal.jpg","profile_banner_url":"https:\/\/pbs.twimg.com\/profile_banners\/1536029030\/1482728683","profile_link_color":"1DA1F2","profile_sidebar_border_color":"C0DEED","profile_sidebar_fill_color":"DDEEF6","profile_text_color":"333333","profile_use_background_image":true,"has_extended_profile":true,"default_profile":true,"default_profile_image":false,"following":false,"follow_request_sent":false,"notifications":false,"translator_type":"none"},"geo":null,"coordinates":null,"place":null,"contributors":null,"is_quote_status":false,"retweet_count":1,"favorite_count":0,"favorited":false,"retweeted":false,"lang":"en"}
