{"created_at":"Thu Jan 12 08:13:02 +0000 2017","id":819457144894300160,"id_str":"819457144894300160","text":"\uc9f1 \uadc0\uc5ec\uc6cc\uc11c \ubd88\ud38c\ud574\ubc84\ub838\uc5b4 https:\/\/t.co\/kESYCx0ALg","truncated":false,"entities":{"hashtags":[],"symbols":[],"user_mentions":[],"urls":[],"media":[{"id":819457134450479104,"id_str":"819457134450479104","indices":[14,37],"media_url":"http:\/\/pbs.twimg.com\/media\/C19L7A-UkAAskjm.jpg","media_url_https":"https:\/\/pbs.twimg.com\/media\/C19L7A-UkAAskjm.jpg","url":"https:\/\/t.co\/kESYCx0ALg","display_url":"pic.twitter.com\/kESYCx0ALg","expanded_url":"https:\/\/twitter.com\/MonI_0v0\/status\/819457144894300160\/photo\/1","type":"photo","sizes":{"small":{"w":680,"h":589,"resize":"fit"},"medium":{"w":831,"h":720,"resize":"fit"},"thumb":{"w":150,"h":150,"resize":"crop"},"large":{"w":831,"h":720,"resize":"fit"}}}]},"extended_entities":{"media":[{"id":819457134450479104,"id_str":"819457134450479104","indices":[14,37],"media_url":"http:\/\/pbs.twimg.com\/media\/C19L7A-UkAAskjm.jpg","media_url_https":"https:\/\/pbs.twimg.com\/media\/C19L7A-UkAAskjm.jpg","url":"https:\/\/t.co\/kESYCx0ALg","display_url":"pic.twitter.com\/kESYCx0ALg","expanded_url":"https:\/\/twitter.com\/MonI_0v0\/status\/819457144894300160\/photo\/1","type":"photo","sizes":{"small":{"w":680,"h":589,"resize":"fit"},"medium":{"w":831,"h":720,"resize":"fit"},"thumb":{"w":150,"h":150,"resize":"crop"},"large":{"w":831,"h":720,"resize":"fit"}}}]},"source":"\u003ca href=\"http:\/\/twitter.com\/download\/android\" rel=\"nofollow\"\u003eTwitter for Android\u003c\/a\u003e","in_reply_to_status_id":null,"in_reply_to_status_id_str":null,"in_reply_to_user_id":null,"in_reply_to_user_id_str":null,"in_reply_to_screen_name":null,"user":{"id":3569235499,"id_str":"3569235499","name":"\u2728\ubaa8\ub2c8\u2728","screen_name":"MonI_0v0","location":"2017\ub144 \ubaa9\ud45c:\uadf8\ub9bc 700\uc7a5 \uadf8\ub9ac\uae30 (9\/700)","description":"FUB free \/ HQ \/ 1\ucc28 \/ \u541b\u306e\u540d\u306f\u3002\/ RT\uc694\uc815 \/ \uadf8\ub9bc\ub7ec \/ \ub124\ud0c0 \uc8fc\uc758 \/ \uad50\ub958\ub97c \ub9e4\uc6b0 \ubabb\ud558\ub2c8 \uba3c\uc800 \ub9d0 \uac78\uc5b4\uc8fc\uc2dc\uba74 \ubca0\ub9ac \uac10\uc0ac\ud558\uaca0\uc2b5\ub2c8\ub2e4.. \/ \uadc0\uc5ec\uc6b4 \uc608\uc05c\uc774 @keiji_for_MonI \/ \uc778\uc7a5 \ubc0f \ud5e4\ub354\ub294 \ub099\uc9c0\uac00\ud83d\udc95","url":null,"entities":{"description":{"urls":[]}},"protected":false,"followers_count":147,"friends_count":388,"listed_count":2,"created_at":"Tue Sep 15 07:47:52 +0000 2015","favourites_count":5278,"utc_offset":null,"time_zone":null,"geo_enabled":false,"verified":false,"statuses_count":15332,"lang":"ko","contributors_enabled":false,"is_translator":false,"is_translation_enabled":false,"profile_background_color":"C0DEED","profile_background_image_url":"http:\/\/abs.twimg.com\/images\/themes\/theme1\/bg.png","profile_background_image_url_https":"https:\/\/abs.twimg.com\/images\/themes\/theme1\/bg.png","profile_background_tile":false,"profile_image_url":"http:\/\/pbs.twimg.com\/profile_images\/817363809526423552\/4qlXKj1e_normal.jpg","profile_image_url_https":"https:\/\/pbs.twimg.com\/profile_images\/817363809526423552\/4qlXKj1e_normal.jpg","profile_banner_url":"https:\/\/pbs.twimg.com\/profile_banners\/3569235499\/1483709693","profile_link_color":"1DA1F2","profile_sidebar_border_color":"C0DEED","profile_sidebar_fill_color":"DDEEF6","profile_text_color":"333333","profile_use_background_image":true,"has_extended_profile":false,"default_profile":true,"default_profile_image":false,"following":false,"follow_request_sent":false,"notifications":false,"translator_type":"none"},"geo":null,"coordinates":null,"place":null,"contributors":null,"is_quote_status":false,"retweet_count":0,"favorite_count":0,"favorited":false,"retweeted":false,"possibly_sensitive":false,"possibly_sensitive_appealable":false,"lang":"ko"}
