{"created_at":"Thu Jan 12 08:13:04 +0000 2017","id":819457153459044352,"id_str":"819457153459044352","text":"Seriously , HATE when I'm tired and can't sleep \ud83d\ude44\ud83d\ude44\u2639\ufe0f","truncated":false,"entities":{"hashtags":[],"symbols":[],"user_mentions":[],"urls":[]},"source":"\u003ca href=\"http:\/\/twitter.com\/download\/iphone\" rel=\"nofollow\"\u003eTwitter for iPhone\u003c\/a\u003e","in_reply_to_status_id":null,"in_reply_to_status_id_str":null,"in_reply_to_user_id":null,"in_reply_to_user_id_str":null,"in_reply_to_screen_name":null,"user":{"id":2872835998,"id_str":"2872835998","name":"Nadia Leanne","screen_name":"nadiarivas82","location":"","description":"GavinLucas\u26be\ufe0fEzraBenjamin\u26be\ufe0f","url":null,"entities":{"description":{"urls":[]}},"protected":false,"followers_count":110,"friends_count":151,"listed_count":2,"created_at":"Tue Nov 11 20:14:02 +0000 2014","favourites_count":3640,"utc_offset":null,"time_zone":null,"geo_enabled":true,"verified":false,"statuses_count":3061,"lang":"en","contributors_enabled":false,"is_translator":false,"is_translation_enabled":false,"profile_background_color":"C0DEED","profile_background_image_url":"http:\/\/abs.twimg.com\/images\/themes\/theme1\/bg.png","profile_background_image_url_https":"https:\/\/abs.twimg.com\/images\/themes\/theme1\/bg.png","profile_background_tile":false,"profile_image_url":"http:\/\/pbs.twimg.com\/profile_images\/777758790296883200\/OXhZbOMW_normal.jpg","profile_image_url_https":"https:\/\/pbs.twimg.com\/profile_images\/777758790296883200\/OXhZbOMW_normal.jpg","profile_banner_url":"https:\/\/pbs.twimg.com\/profile_banners\/2872835998\/1468458726","profile_link_color":"1DA1F2","profile_sidebar_border_color":"C0DEED","profile_sidebar_fill_color":"DDEEF6","profile_text_color":"333333","profile_use_background_image":true,"has_extended_profile":true,"default_profile":true,"default_profile_image":false,"following":false,"follow_request_sent":false,"notifications":false,"translator_type":"none"},"geo":null,"coordinates":null,"place":null,"contributors":null,"is_quote_status":false,"retweet_count":0,"favorite_count":0,"favorited":false,"retweeted":false,"lang":"en"}
