{"created_at":"Thu Jan 12 08:13:04 +0000 2017","id":819457152150601728,"id_str":"819457152150601728","text":"https:\/\/t.co\/udxYlpAdZ2 IF YOU DONT SIGN THIS PETITION I SWEAR TO GOD","truncated":false,"entities":{"hashtags":[],"symbols":[],"user_mentions":[],"urls":[{"url":"https:\/\/t.co\/udxYlpAdZ2","expanded_url":"https:\/\/www.bataris.org.ph\/petitions\/no-to-nickelodeon-s-underwater-theme-park-in-palawan","display_url":"bataris.org.ph\/petitions\/no-t\u2026","indices":[0,23]}]},"source":"\u003ca href=\"http:\/\/twitter.com\/download\/iphone\" rel=\"nofollow\"\u003eTwitter for iPhone\u003c\/a\u003e","in_reply_to_status_id":null,"in_reply_to_status_id_str":null,"in_reply_to_user_id":null,"in_reply_to_user_id_str":null,"in_reply_to_screen_name":null,"user":{"id":588978047,"id_str":"588978047","name":"Kiiiiimmmm","screen_name":"vkimpareja","location":"London, England","description":"Small boobs, big dreams. (snap\/ig @vkimpareja)","url":"https:\/\/t.co\/rK9rueJN3J","entities":{"url":{"urls":[{"url":"https:\/\/t.co\/rK9rueJN3J","expanded_url":"http:\/\/sad-0dd.tumblr.com","display_url":"sad-0dd.tumblr.com","indices":[0,23]}]},"description":{"urls":[]}},"protected":false,"followers_count":423,"friends_count":384,"listed_count":2,"created_at":"Thu May 24 09:18:50 +0000 2012","favourites_count":2857,"utc_offset":28800,"time_zone":"Kuala Lumpur","geo_enabled":true,"verified":false,"statuses_count":11374,"lang":"en","contributors_enabled":false,"is_translator":false,"is_translation_enabled":false,"profile_background_color":"E8E1E8","profile_background_image_url":"http:\/\/pbs.twimg.com\/profile_background_images\/742367729\/15cbc35f6af70cbde82350163a445ace.jpeg","profile_background_image_url_https":"https:\/\/pbs.twimg.com\/profile_background_images\/742367729\/15cbc35f6af70cbde82350163a445ace.jpeg","profile_background_tile":false,"profile_image_url":"http:\/\/pbs.twimg.com\/profile_images\/762026724615917568\/ChxJsmDN_normal.jpg","profile_image_url_https":"https:\/\/pbs.twimg.com\/profile_images\/762026724615917568\/ChxJsmDN_normal.jpg","profile_banner_url":"https:\/\/pbs.twimg.com\/profile_banners\/588978047\/1451882159","profile_link_color":"3554DE","profile_sidebar_border_color":"000000","profile_sidebar_fill_color":"DDEEF6","profile_text_color":"333333","profile_use_background_image":true,"has_extended_profile":true,"default_profile":false,"default_profile_image":false,"following":false,"follow_request_sent":false,"notifications":false,"translator_type":"none"},"geo":null,"coordinates":null,"place":null,"contributors":null,"is_quote_status":false,"retweet_count":0,"favorite_count":0,"favorited":false,"retweeted":false,"possibly_sensitive":false,"possibly_sensitive_appealable":false,"lang":"en"}
