{"created_at":"Thu Jan 12 08:13:03 +0000 2017","id":819457147989790722,"id_str":"819457147989790722","text":"@liamstocktonoxo whaaaat!? That's not fair. I'm gonna check where my office is.","truncated":false,"entities":{"hashtags":[],"symbols":[],"user_mentions":[{"screen_name":"liamstocktonoxo","name":"liam stockton","id":184371259,"id_str":"184371259","indices":[0,16]}],"urls":[]},"source":"\u003ca href=\"http:\/\/twitter.com\/download\/iphone\" rel=\"nofollow\"\u003eTwitter for iPhone\u003c\/a\u003e","in_reply_to_status_id":819454517091663872,"in_reply_to_status_id_str":"819454517091663872","in_reply_to_user_id":184371259,"in_reply_to_user_id_str":"184371259","in_reply_to_screen_name":"liamstocktonoxo","user":{"id":20032262,"id_str":"20032262","name":"Bobby","screen_name":"officialbobby","location":"Manchester, UK","description":"","url":null,"entities":{"description":{"urls":[]}},"protected":false,"followers_count":1281,"friends_count":719,"listed_count":14,"created_at":"Wed Feb 04 07:11:26 +0000 2009","favourites_count":209,"utc_offset":0,"time_zone":"London","geo_enabled":true,"verified":false,"statuses_count":6157,"lang":"en","contributors_enabled":false,"is_translator":false,"is_translation_enabled":false,"profile_background_color":"EDECE9","profile_background_image_url":"http:\/\/abs.twimg.com\/images\/themes\/theme3\/bg.gif","profile_background_image_url_https":"https:\/\/abs.twimg.com\/images\/themes\/theme3\/bg.gif","profile_background_tile":false,"profile_image_url":"http:\/\/pbs.twimg.com\/profile_images\/378800000803441745\/5560d49d21d124ef15b99acd44f85ad6_normal.jpeg","profile_image_url_https":"https:\/\/pbs.twimg.com\/profile_images\/378800000803441745\/5560d49d21d124ef15b99acd44f85ad6_normal.jpeg","profile_banner_url":"https:\/\/pbs.twimg.com\/profile_banners\/20032262\/1400238991","profile_link_color":"088253","profile_sidebar_border_color":"D3D2CF","profile_sidebar_fill_color":"E3E2DE","profile_text_color":"634047","profile_use_background_image":true,"has_extended_profile":false,"default_profile":false,"default_profile_image":false,"following":false,"follow_request_sent":false,"notifications":false,"translator_type":"none"},"geo":null,"coordinates":null,"place":null,"contributors":null,"is_quote_status":false,"retweet_count":0,"favorite_count":1,"favorited":false,"retweeted":false,"lang":"en"}
