{"created_at":"Thu Jan 12 08:13:06 +0000 2017","id":819457160350306305,"id_str":"819457160350306305","text":"I'm in the running to win this 10-Person Survival Kit thanks to @PrepperSupport! #win #preparedness https:\/\/t.co\/X5oguk14nE","truncated":false,"entities":{"hashtags":[{"text":"win","indices":[81,85]},{"text":"preparedness","indices":[86,99]}],"symbols":[],"user_mentions":[{"screen_name":"PrepperSupport","name":"Prepper Support","id":3069288444,"id_str":"3069288444","indices":[64,79]}],"urls":[{"url":"https:\/\/t.co\/X5oguk14nE","expanded_url":"https:\/\/wn.nr\/AjLkdz","display_url":"wn.nr\/AjLkdz","indices":[100,123]}]},"source":"\u003ca href=\"https:\/\/gleam.io\" rel=\"nofollow\"\u003eGleam Competition App\u003c\/a\u003e","in_reply_to_status_id":null,"in_reply_to_status_id_str":null,"in_reply_to_user_id":null,"in_reply_to_user_id_str":null,"in_reply_to_screen_name":null,"user":{"id":502213381,"id_str":"502213381","name":"Joe Burba","screen_name":"jjb95621","location":"Citrus Heights, CA","description":"","url":null,"entities":{"description":{"urls":[]}},"protected":false,"followers_count":48,"friends_count":349,"listed_count":50,"created_at":"Fri Feb 24 22:48:50 +0000 2012","favourites_count":4,"utc_offset":-28800,"time_zone":"Pacific Time (US & Canada)","geo_enabled":false,"verified":false,"statuses_count":16687,"lang":"en","contributors_enabled":false,"is_translator":false,"is_translation_enabled":false,"profile_background_color":"C0DEED","profile_background_image_url":"http:\/\/abs.twimg.com\/images\/themes\/theme1\/bg.png","profile_background_image_url_https":"https:\/\/abs.twimg.com\/images\/themes\/theme1\/bg.png","profile_background_tile":false,"profile_image_url":"http:\/\/abs.twimg.com\/sticky\/default_profile_images\/default_profile_5_normal.png","profile_image_url_https":"https:\/\/abs.twimg.com\/sticky\/default_profile_images\/default_profile_5_normal.png","profile_link_color":"1DA1F2","profile_sidebar_border_color":"C0DEED","profile_sidebar_fill_color":"DDEEF6","profile_text_color":"333333","profile_use_background_image":true,"has_extended_profile":true,"default_profile":true,"default_profile_image":true,"following":false,"follow_request_sent":false,"notifications":false,"translator_type":"none"},"geo":null,"coordinates":null,"place":null,"contributors":null,"is_quote_status":false,"retweet_count":0,"favorite_count":0,"favorited":false,"retweeted":false,"possibly_sensitive":false,"possibly_sensitive_appealable":false,"lang":"en"}
