{"created_at":"Thu Jan 12 08:13:05 +0000 2017","id":819457156458151936,"id_str":"819457156458151936","text":"No even half 8 and I've already went 10ft in the air n landed on ma arse... this is gonna be a long day\ud83d\ude04\ud83d\ude04","truncated":false,"entities":{"hashtags":[],"symbols":[],"user_mentions":[],"urls":[]},"source":"\u003ca href=\"http:\/\/twitter.com\/download\/iphone\" rel=\"nofollow\"\u003eTwitter for iPhone\u003c\/a\u003e","in_reply_to_status_id":null,"in_reply_to_status_id_str":null,"in_reply_to_user_id":null,"in_reply_to_user_id_str":null,"in_reply_to_screen_name":null,"user":{"id":392261573,"id_str":"392261573","name":"Mikey","screen_name":"MikeyHay96","location":"","description":"Stoap it.","url":null,"entities":{"description":{"urls":[]}},"protected":false,"followers_count":596,"friends_count":591,"listed_count":2,"created_at":"Sun Oct 16 19:33:47 +0000 2011","favourites_count":4191,"utc_offset":null,"time_zone":null,"geo_enabled":true,"verified":false,"statuses_count":16393,"lang":"en","contributors_enabled":false,"is_translator":false,"is_translation_enabled":false,"profile_background_color":"C0DEED","profile_background_image_url":"http:\/\/abs.twimg.com\/images\/themes\/theme1\/bg.png","profile_background_image_url_https":"https:\/\/abs.twimg.com\/images\/themes\/theme1\/bg.png","profile_background_tile":false,"profile_image_url":"http:\/\/pbs.twimg.com\/profile_images\/788465366829764608\/Xo9HsacC_normal.jpg","profile_image_url_https":"https:\/\/pbs.twimg.com\/profile_images\/788465366829764608\/Xo9HsacC_normal.jpg","profile_banner_url":"https:\/\/pbs.twimg.com\/profile_banners\/392261573\/1467332910","profile_link_color":"1DA1F2","profile_sidebar_border_color":"C0DEED","profile_sidebar_fill_color":"DDEEF6","profile_text_color":"333333","profile_use_background_image":true,"has_extended_profile":true,"default_profile":true,"default_profile_image":false,"following":false,"follow_request_sent":false,"notifications":false,"translator_type":"none"},"geo":null,"coordinates":null,"place":{"id":"7ae9e2f2ff7a87cd","url":"https:\/\/api.twitter.com\/1.1\/geo\/id\/7ae9e2f2ff7a87cd.json","place_type":"city","name":"Edinburgh","full_name":"Edinburgh, Scotland","country_code":"GB","country":"United Kingdom","contained_within":[],"bounding_box":{"type":"Polygon","coordinates":[[[-3.3285119,55.894729],[-3.077505,55.894729],[-3.077505,55.991662],[-3.3285119,55.991662]]]},"attributes":{}},"contributors":null,"is_quote_status":false,"retweet_count":0,"favorite_count":15,"favorited":false,"retweeted":false,"lang":"en"}
