{"created_at":"Thu Jan 12 08:13:04 +0000 2017","id":819457152217739264,"id_str":"819457152217739264","text":"Also why are all of these so ugly? I like the real thing more then this shit https:\/\/t.co\/9abyZujOjh","truncated":false,"entities":{"hashtags":[],"symbols":[],"user_mentions":[],"urls":[],"media":[{"id":819457135096582144,"id_str":"819457135096582144","indices":[77,100],"media_url":"http:\/\/pbs.twimg.com\/media\/C19L7DYXUAAV_Pm.jpg","media_url_https":"https:\/\/pbs.twimg.com\/media\/C19L7DYXUAAV_Pm.jpg","url":"https:\/\/t.co\/9abyZujOjh","display_url":"pic.twitter.com\/9abyZujOjh","expanded_url":"https:\/\/twitter.com\/TeaAesthetic\/status\/819457152217739264\/photo\/1","type":"photo","sizes":{"medium":{"w":675,"h":1200,"resize":"fit"},"small":{"w":383,"h":680,"resize":"fit"},"thumb":{"w":150,"h":150,"resize":"crop"},"large":{"w":1152,"h":2048,"resize":"fit"}}}]},"extended_entities":{"media":[{"id":819457135096582144,"id_str":"819457135096582144","indices":[77,100],"media_url":"http:\/\/pbs.twimg.com\/media\/C19L7DYXUAAV_Pm.jpg","media_url_https":"https:\/\/pbs.twimg.com\/media\/C19L7DYXUAAV_Pm.jpg","url":"https:\/\/t.co\/9abyZujOjh","display_url":"pic.twitter.com\/9abyZujOjh","expanded_url":"https:\/\/twitter.com\/TeaAesthetic\/status\/819457152217739264\/photo\/1","type":"photo","sizes":{"medium":{"w":675,"h":1200,"resize":"fit"},"small":{"w":383,"h":680,"resize":"fit"},"thumb":{"w":150,"h":150,"resize":"crop"},"large":{"w":1152,"h":2048,"resize":"fit"}}}]},"source":"\u003ca href=\"http:\/\/twitter.com\/download\/android\" rel=\"nofollow\"\u003eTwitter for Android\u003c\/a\u003e","in_reply_to_status_id":null,"in_reply_to_status_id_str":null,"in_reply_to_user_id":null,"in_reply_to_user_id_str":null,"in_reply_to_screen_name":null,"user":{"id":3297900082,"id_str":"3297900082","name":"I'm at 55.1k tweets","screen_name":"JDAesthetix","location":"Forever alone in life","description":"Hello, I'm a virgin.","url":null,"entities":{"description":{"urls":[]}},"protected":false,"followers_count":973,"friends_count":65,"listed_count":5,"created_at":"Mon May 25 14:26:35 +0000 2015","favourites_count":12245,"utc_offset":-28800,"time_zone":"Pacific Time (US & Canada)","geo_enabled":true,"verified":false,"statuses_count":55172,"lang":"en","contributors_enabled":false,"is_translator":false,"is_translation_enabled":false,"profile_background_color":"ABB8C2","profile_background_image_url":"http:\/\/pbs.twimg.com\/profile_background_images\/632152509637857280\/_gKts-sw.png","profile_background_image_url_https":"https:\/\/pbs.twimg.com\/profile_background_images\/632152509637857280\/_gKts-sw.png","profile_background_tile":true,"profile_image_url":"http:\/\/pbs.twimg.com\/profile_images\/820387418071269377\/Qf0u6-Oq_normal.jpg","profile_image_url_https":"https:\/\/pbs.twimg.com\/profile_images\/820387418071269377\/Qf0u6-Oq_normal.jpg","profile_banner_url":"https:\/\/pbs.twimg.com\/profile_banners\/3297900082\/1484434223","profile_link_color":"B50303","profile_sidebar_border_color":"000000","profile_sidebar_fill_color":"000000","profile_text_color":"000000","profile_use_background_image":true,"has_extended_profile":true,"default_profile":false,"default_profile_image":false,"following":false,"follow_request_sent":false,"notifications":false,"translator_type":"none"},"geo":null,"coordinates":null,"place":null,"contributors":null,"is_quote_status":false,"retweet_count":0,"favorite_count":0,"favorited":false,"retweeted":false,"possibly_sensitive":false,"possibly_sensitive_appealable":false,"lang":"en"}
