{"created_at":"Thu Jan 12 08:13:04 +0000 2017","id":819457151290601472,"id_str":"819457151290601472","text":"i can not wait to get top surgery it is a Goal","truncated":false,"entities":{"hashtags":[],"symbols":[],"user_mentions":[],"urls":[]},"source":"\u003ca href=\"http:\/\/twitter.com\/download\/android\" rel=\"nofollow\"\u003eTwitter for Android\u003c\/a\u003e","in_reply_to_status_id":null,"in_reply_to_status_id_str":null,"in_reply_to_user_id":null,"in_reply_to_user_id_str":null,"in_reply_to_screen_name":null,"user":{"id":766713329351995396,"id_str":"766713329351995396","name":"lavi","screen_name":"Iumerico","location":"lavi | he\/him | 17","description":"overwatch is the only thing in my life that matters anymore \u10e6 ask for listo","url":null,"entities":{"description":{"urls":[]}},"protected":false,"followers_count":32,"friends_count":25,"listed_count":2,"created_at":"Fri Aug 19 19:07:57 +0000 2016","favourites_count":1008,"utc_offset":-28800,"time_zone":"Pacific Time (US & Canada)","geo_enabled":false,"verified":false,"statuses_count":478,"lang":"en","contributors_enabled":false,"is_translator":false,"is_translation_enabled":false,"profile_background_color":"000000","profile_background_image_url":"http:\/\/abs.twimg.com\/images\/themes\/theme1\/bg.png","profile_background_image_url_https":"https:\/\/abs.twimg.com\/images\/themes\/theme1\/bg.png","profile_background_tile":false,"profile_image_url":"http:\/\/pbs.twimg.com\/profile_images\/818170304849551364\/MRMTLbtw_normal.jpg","profile_image_url_https":"https:\/\/pbs.twimg.com\/profile_images\/818170304849551364\/MRMTLbtw_normal.jpg","profile_banner_url":"https:\/\/pbs.twimg.com\/profile_banners\/766713329351995396\/1483238490","profile_link_color":"FF0000","profile_sidebar_border_color":"000000","profile_sidebar_fill_color":"000000","profile_text_color":"000000","profile_use_background_image":false,"has_extended_profile":false,"default_profile":false,"default_profile_image":false,"following":false,"follow_request_sent":false,"notifications":false,"translator_type":"none"},"geo":null,"coordinates":null,"place":null,"contributors":null,"is_quote_status":false,"retweet_count":0,"favorite_count":4,"favorited":false,"retweeted":false,"lang":"en"}
