{"created_at":"Thu Jan 12 08:13:05 +0000 2017","id":819457154436530176,"id_str":"819457154436530176","text":"I added a video to a @YouTube playlist https:\/\/t.co\/ooypSTEixY November replacement BirchBox 2016","truncated":false,"entities":{"hashtags":[],"symbols":[],"user_mentions":[{"screen_name":"YouTube","name":"YouTube","id":10228272,"id_str":"10228272","indices":[21,29]}],"urls":[{"url":"https:\/\/t.co\/ooypSTEixY","expanded_url":"http:\/\/youtu.be\/2BWnHguKKlk?a","display_url":"youtu.be\/2BWnHguKKlk?a","indices":[39,62]}]},"source":"\u003ca href=\"http:\/\/www.google.com\/\" rel=\"nofollow\"\u003eGoogle\u003c\/a\u003e","in_reply_to_status_id":null,"in_reply_to_status_id_str":null,"in_reply_to_user_id":null,"in_reply_to_user_id_str":null,"in_reply_to_screen_name":null,"user":{"id":4184303114,"id_str":"4184303114","name":"Marti D","screen_name":"MartiD707","location":"Bay Area","description":"Stay at home mom\/student\r\nmarried with a preteen and twin toddlers","url":null,"entities":{"description":{"urls":[]}},"protected":false,"followers_count":18,"friends_count":90,"listed_count":0,"created_at":"Mon Nov 09 23:38:31 +0000 2015","favourites_count":200,"utc_offset":null,"time_zone":null,"geo_enabled":false,"verified":false,"statuses_count":606,"lang":"en","contributors_enabled":false,"is_translator":false,"is_translation_enabled":false,"profile_background_color":"000000","profile_background_image_url":"http:\/\/abs.twimg.com\/images\/themes\/theme1\/bg.png","profile_background_image_url_https":"https:\/\/abs.twimg.com\/images\/themes\/theme1\/bg.png","profile_background_tile":false,"profile_image_url":"http:\/\/pbs.twimg.com\/profile_images\/668127036557275137\/AJok5nPH_normal.jpg","profile_image_url_https":"https:\/\/pbs.twimg.com\/profile_images\/668127036557275137\/AJok5nPH_normal.jpg","profile_link_color":"3B94D9","profile_sidebar_border_color":"000000","profile_sidebar_fill_color":"000000","profile_text_color":"000000","profile_use_background_image":false,"has_extended_profile":true,"default_profile":false,"default_profile_image":false,"following":false,"follow_request_sent":false,"notifications":false,"translator_type":"none"},"geo":null,"coordinates":null,"place":null,"contributors":null,"is_quote_status":false,"retweet_count":0,"favorite_count":0,"favorited":false,"retweeted":false,"possibly_sensitive":false,"possibly_sensitive_appealable":false,"lang":"en"}
