{"created_at":"Thu Jan 12 08:13:01 +0000 2017","id":819457139148226561,"id_str":"819457139148226561","text":"I'd rather sleep for an extra 20 mins then do my makeup for college \ud83d\ude05","truncated":false,"entities":{"hashtags":[],"symbols":[],"user_mentions":[],"urls":[]},"source":"\u003ca href=\"http:\/\/twitter.com\/download\/iphone\" rel=\"nofollow\"\u003eTwitter for iPhone\u003c\/a\u003e","in_reply_to_status_id":null,"in_reply_to_status_id_str":null,"in_reply_to_user_id":null,"in_reply_to_user_id_str":null,"in_reply_to_screen_name":null,"user":{"id":2405851025,"id_str":"2405851025","name":"kizzy\ud83c\udf46","screen_name":"Kizzy0606","location":"Wisbech, England","description":"18\/\/snapchat;kizzymccreery\/\/","url":null,"entities":{"description":{"urls":[]}},"protected":false,"followers_count":467,"friends_count":433,"listed_count":2,"created_at":"Wed Mar 12 21:15:22 +0000 2014","favourites_count":8780,"utc_offset":null,"time_zone":null,"geo_enabled":true,"verified":false,"statuses_count":7533,"lang":"en","contributors_enabled":false,"is_translator":false,"is_translation_enabled":false,"profile_background_color":"C0DEED","profile_background_image_url":"http:\/\/abs.twimg.com\/images\/themes\/theme1\/bg.png","profile_background_image_url_https":"https:\/\/abs.twimg.com\/images\/themes\/theme1\/bg.png","profile_background_tile":false,"profile_image_url":"http:\/\/pbs.twimg.com\/profile_images\/811282061877252097\/RXHZWkOQ_normal.jpg","profile_image_url_https":"https:\/\/pbs.twimg.com\/profile_images\/811282061877252097\/RXHZWkOQ_normal.jpg","profile_banner_url":"https:\/\/pbs.twimg.com\/profile_banners\/2405851025\/1481152886","profile_link_color":"1DA1F2","profile_sidebar_border_color":"C0DEED","profile_sidebar_fill_color":"DDEEF6","profile_text_color":"333333","profile_use_background_image":true,"has_extended_profile":true,"default_profile":true,"default_profile_image":false,"following":false,"follow_request_sent":false,"notifications":false,"translator_type":"none"},"geo":null,"coordinates":null,"place":null,"contributors":null,"is_quote_status":false,"retweet_count":0,"favorite_count":5,"favorited":false,"retweeted":false,"lang":"en"}
