{"created_at":"Thu Jan 12 08:13:04 +0000 2017","id":819457153639608320,"id_str":"819457153639608320","text":"@_DNZY  I feel like this guy is you https:\/\/t.co\/cNsdBNiLYq","truncated":false,"entities":{"hashtags":[],"symbols":[],"user_mentions":[{"screen_name":"_DNZY","name":"Donald","id":136724409,"id_str":"136724409","indices":[0,6]}],"urls":[{"url":"https:\/\/t.co\/cNsdBNiLYq","expanded_url":"https:\/\/twitter.com\/epicposttv\/status\/819384315184381956","display_url":"twitter.com\/epicposttv\/sta\u2026","indices":[36,59]}]},"source":"\u003ca href=\"http:\/\/twitter.com\/download\/iphone\" rel=\"nofollow\"\u003eTwitter for iPhone\u003c\/a\u003e","in_reply_to_status_id":null,"in_reply_to_status_id_str":null,"in_reply_to_user_id":136724409,"in_reply_to_user_id_str":"136724409","in_reply_to_screen_name":"_DNZY","user":{"id":97527579,"id_str":"97527579","name":"Jordan Samuels","screen_name":"jordansamuels95","location":"london","description":"that guys jords","url":null,"entities":{"description":{"urls":[]}},"protected":false,"followers_count":83,"friends_count":229,"listed_count":0,"created_at":"Thu Dec 17 21:18:10 +0000 2009","favourites_count":4045,"utc_offset":null,"time_zone":null,"geo_enabled":true,"verified":false,"statuses_count":4652,"lang":"en","contributors_enabled":false,"is_translator":false,"is_translation_enabled":false,"profile_background_color":"C0DEED","profile_background_image_url":"http:\/\/abs.twimg.com\/images\/themes\/theme1\/bg.png","profile_background_image_url_https":"https:\/\/abs.twimg.com\/images\/themes\/theme1\/bg.png","profile_background_tile":false,"profile_image_url":"http:\/\/pbs.twimg.com\/profile_images\/467429586801008641\/ajpCotfA_normal.jpeg","profile_image_url_https":"https:\/\/pbs.twimg.com\/profile_images\/467429586801008641\/ajpCotfA_normal.jpeg","profile_banner_url":"https:\/\/pbs.twimg.com\/profile_banners\/97527579\/1432413687","profile_link_color":"1DA1F2","profile_sidebar_border_color":"C0DEED","profile_sidebar_fill_color":"DDEEF6","profile_text_color":"333333","profile_use_background_image":true,"has_extended_profile":false,"default_profile":true,"default_profile_image":false,"following":false,"follow_request_sent":false,"notifications":false,"translator_type":"none"},"geo":null,"coordinates":null,"place":null,"contributors":null,"is_quote_status":true,"quoted_status_id":819384315184381956,"quoted_status_id_str":"819384315184381956","quoted_status":{"created_at":"Thu Jan 12 03:23:38 +0000 2017","id":819384315184381956,"id_str":"819384315184381956","text":"Lmaooo this teacher had sex with her student but wait until the end \ud83d\udc80\ud83d\ude02\n\n https:\/\/t.co\/jFqDE2sqIa","truncated":false,"entities":{"hashtags":[],"symbols":[],"user_mentions":[],"urls":[],"media":[{"id":819021521066872833,"id_str":"819021521066872833","indices":[73,96],"media_url":"http:\/\/pbs.twimg.com\/ext_tw_video_thumb\/819021521066872833\/pu\/img\/skjSlAUdOJbK6Ngl.jpg","media_url_https":"https:\/\/pbs.twimg.com\/ext_tw_video_thumb\/819021521066872833\/pu\/img\/skjSlAUdOJbK6Ngl.jpg","url":"https:\/\/t.co\/jFqDE2sqIa","display_url":"pic.twitter.com\/jFqDE2sqIa","expanded_url":"https:\/\/twitter.com\/ThatBoiOnMoves\/status\/819021599135375361\/video\/1","type":"photo","sizes":{"thumb":{"w":150,"h":150,"resize":"crop"},"small":{"w":340,"h":191,"resize":"fit"},"medium":{"w":480,"h":270,"resize":"fit"},"large":{"w":480,"h":270,"resize":"fit"}},"source_status_id":819021599135375361,"source_status_id_str":"819021599135375361","source_user_id":486872084,"source_user_id_str":"486872084"}]},"extended_entities":{"media":[{"id":819021521066872833,"id_str":"819021521066872833","indices":[73,96],"media_url":"http:\/\/pbs.twimg.com\/ext_tw_video_thumb\/819021521066872833\/pu\/img\/skjSlAUdOJbK6Ngl.jpg","media_url_https":"https:\/\/pbs.twimg.com\/ext_tw_video_thumb\/819021521066872833\/pu\/img\/skjSlAUdOJbK6Ngl.jpg","url":"https:\/\/t.co\/jFqDE2sqIa","display_url":"pic.twitter.com\/jFqDE2sqIa","expanded_url":"https:\/\/twitter.com\/ThatBoiOnMoves\/status\/819021599135375361\/video\/1","type":"video","sizes":{"thumb":{"w":150,"h":150,"resize":"crop"},"small":{"w":340,"h":191,"resize":"fit"},"medium":{"w":480,"h":270,"resize":"fit"},"large":{"w":480,"h":270,"resize":"fit"}},"source_status_id":819021599135375361,"source_status_id_str":"819021599135375361","source_user_id":486872084,"source_user_id_str":"486872084","video_info":{"aspect_ratio":[16,9],"duration_millis":60060,"variants":[{"content_type":"application\/x-mpegURL","url":"https:\/\/video.twimg.com\/ext_tw_video\/819021521066872833\/pu\/pl\/yKH_JhGJiUiJV0cT.m3u8"},{"bitrate":320000,"content_type":"video\/mp4","url":"https:\/\/video.twimg.com\/ext_tw_video\/819021521066872833\/pu\/vid\/320x180\/RbvTE9xco5E-qgU-.mp4"},{"content_type":"application\/dash+xml","url":"https:\/\/video.twimg.com\/ext_tw_video\/819021521066872833\/pu\/pl\/yKH_JhGJiUiJV0cT.mpd"}]},"additional_media_info":{"monetizable":false,"source_user":{"id":486872084,"id_str":"486872084","name":"JustMoves\ud83d\udcaf","screen_name":"ThatBoiOnMoves","location":"DMV","description":"No announcements just moves\ud83d\udcaf DM:For Promotions .. Business Management Major \ud83d\udcda.. SC:SniperGameAlex\ud83d\udcf8","url":null,"entities":{"description":{"urls":[]}},"protected":false,"followers_count":116995,"friends_count":94437,"listed_count":188,"created_at":"Wed Feb 08 19:19:38 +0000 2012","favourites_count":2021,"utc_offset":-18000,"time_zone":"Eastern Time (US & Canada)","geo_enabled":true,"verified":false,"statuses_count":283398,"lang":"en","contributors_enabled":false,"is_translator":false,"is_translation_enabled":true,"profile_background_color":"D4B2DE","profile_background_image_url":"http:\/\/pbs.twimg.com\/profile_background_images\/561808754841104384\/IwJ9p3mJ.jpeg","profile_background_image_url_https":"https:\/\/pbs.twimg.com\/profile_background_images\/561808754841104384\/IwJ9p3mJ.jpeg","profile_background_tile":true,"profile_image_url":"http:\/\/pbs.twimg.com\/profile_images\/819384594600525824\/qCMGL2Zk_normal.jpg","profile_image_url_https":"https:\/\/pbs.twimg.com\/profile_images\/819384594600525824\/qCMGL2Zk_normal.jpg","profile_banner_url":"https:\/\/pbs.twimg.com\/profile_banners\/486872084\/1482856919","profile_link_color":"89C9FA","profile_sidebar_border_color":"FFFFFF","profile_sidebar_fill_color":"DDFFCC","profile_text_color":"333333","profile_use_background_image":true,"has_extended_profile":false,"default_profile":false,"default_profile_image":false,"following":false,"follow_request_sent":false,"notifications":false,"translator_type":"regular"}}}]},"source":"\u003ca href=\"http:\/\/twitter.com\/download\/iphone\" rel=\"nofollow\"\u003eTwitter for iPhone\u003c\/a\u003e","in_reply_to_status_id":null,"in_reply_to_status_id_str":null,"in_reply_to_user_id":null,"in_reply_to_user_id_str":null,"in_reply_to_screen_name":null,"user":{"id":2787010574,"id_str":"2787010574","name":"EPIC TV","screen_name":"EpicPostTV","location":"DM For Promtional Inquiries","description":"COMEDY + MUSIC + MORE | Followed By @MacMiller , @ogmaco , @ZombieJuicee , @BigSean & More : WE OWN NO CONTENT POSTED \/ Contact : hughiphop@gmail.com","url":null,"entities":{"description":{"urls":[]}},"protected":false,"followers_count":74033,"friends_count":14465,"listed_count":97,"created_at":"Wed Sep 03 00:32:21 +0000 2014","favourites_count":126,"utc_offset":-25200,"time_zone":"Arizona","geo_enabled":true,"verified":false,"statuses_count":2066,"lang":"en","contributors_enabled":false,"is_translator":false,"is_translation_enabled":false,"profile_background_color":"000000","profile_background_image_url":"http:\/\/abs.twimg.com\/images\/themes\/theme1\/bg.png","profile_background_image_url_https":"https:\/\/abs.twimg.com\/images\/themes\/theme1\/bg.png","profile_background_tile":false,"profile_image_url":"http:\/\/pbs.twimg.com\/profile_images\/758724743935565825\/DgVykpyJ_normal.jpg","profile_image_url_https":"https:\/\/pbs.twimg.com\/profile_images\/758724743935565825\/DgVykpyJ_normal.jpg","profile_banner_url":"https:\/\/pbs.twimg.com\/profile_banners\/2787010574\/1470575185","profile_link_color":"DD2E44","profile_sidebar_border_color":"000000","profile_sidebar_fill_color":"000000","profile_text_color":"000000","profile_use_background_image":false,"has_extended_profile":false,"default_profile":false,"default_profile_image":false,"following":false,"follow_request_sent":false,"notifications":false,"translator_type":"none"},"geo":null,"coordinates":null,"place":null,"contributors":null,"is_quote_status":false,"retweet_count":138,"favorite_count":206,"favorited":false,"retweeted":false,"possibly_sensitive":true,"possibly_sensitive_appealable":false,"lang":"en"},"retweet_count":0,"favorite_count":0,"favorited":false,"retweeted":false,"possibly_sensitive":false,"possibly_sensitive_appealable":false,"lang":"en"}
