{"created_at":"Thu Jan 12 08:13:02 +0000 2017","id":819457144843972608,"id_str":"819457144843972608","text":"\u3046\u3059\u3089\u5bd2\u3044","truncated":false,"entities":{"hashtags":[],"symbols":[],"user_mentions":[],"urls":[]},"source":"\u003ca href=\"http:\/\/twitter.com\/download\/android\" rel=\"nofollow\"\u003eTwitter for Android\u003c\/a\u003e","in_reply_to_status_id":null,"in_reply_to_status_id_str":null,"in_reply_to_user_id":null,"in_reply_to_user_id_str":null,"in_reply_to_screen_name":null,"user":{"id":720103996845912064,"id_str":"720103996845912064","name":"Ryuvi","screen_name":"iDSdIxwHwChuHsb","location":"\u3069\u3053\u3060\u3088(\u54f2\u5b66)","description":"BB\u6226\u58eb\u53ce\u96c6\u5bb6(\u81ea\u79f0)","url":"https:\/\/t.co\/Oshrk0zsfc","entities":{"url":{"urls":[{"url":"https:\/\/t.co\/Oshrk0zsfc","expanded_url":"http:\/\/twpf.jp\/iDSdIxwHwChuHsb","display_url":"twpf.jp\/iDSdIxwHwChuHsb","indices":[0,23]}]},"description":{"urls":[]}},"protected":false,"followers_count":298,"friends_count":89,"listed_count":14,"created_at":"Wed Apr 13 04:19:06 +0000 2016","favourites_count":53500,"utc_offset":null,"time_zone":null,"geo_enabled":true,"verified":false,"statuses_count":56420,"lang":"ja","contributors_enabled":false,"is_translator":false,"is_translation_enabled":false,"profile_background_color":"F5F8FA","profile_background_image_url":null,"profile_background_image_url_https":null,"profile_background_tile":false,"profile_image_url":"http:\/\/pbs.twimg.com\/profile_images\/820115959964835840\/oIOg4Jku_normal.jpg","profile_image_url_https":"https:\/\/pbs.twimg.com\/profile_images\/820115959964835840\/oIOg4Jku_normal.jpg","profile_banner_url":"https:\/\/pbs.twimg.com\/profile_banners\/720103996845912064\/1484365855","profile_link_color":"1DA1F2","profile_sidebar_border_color":"C0DEED","profile_sidebar_fill_color":"DDEEF6","profile_text_color":"333333","profile_use_background_image":true,"has_extended_profile":false,"default_profile":true,"default_profile_image":false,"following":false,"follow_request_sent":false,"notifications":false,"translator_type":"none"},"geo":null,"coordinates":null,"place":null,"contributors":null,"is_quote_status":false,"retweet_count":0,"favorite_count":0,"favorited":false,"retweeted":false,"lang":"ja"}
