{"created_at":"Thu Jan 12 08:13:05 +0000 2017","id":819457155015159813,"id_str":"819457155015159813","text":"[WTB] Need .EDU Links From Universities using Scholarship Link Building Method - Upwork: I only want those of you\u2026 https:\/\/t.co\/ZH6opQKVbJ","truncated":false,"entities":{"hashtags":[],"symbols":[],"user_mentions":[],"urls":[{"url":"https:\/\/t.co\/ZH6opQKVbJ","expanded_url":"http:\/\/dlvr.it\/N5L5H8","display_url":"dlvr.it\/N5L5H8","indices":[115,138]}]},"source":"\u003ca href=\"https:\/\/dlvrit.com\/\" rel=\"nofollow\"\u003edlvr.it\u003c\/a\u003e","in_reply_to_status_id":null,"in_reply_to_status_id_str":null,"in_reply_to_user_id":null,"in_reply_to_user_id_str":null,"in_reply_to_screen_name":null,"user":{"id":426641686,"id_str":"426641686","name":"Buy Sell Backlink","screen_name":"BuySellBacklink","location":"Internet","description":"Updated News on Buying and Selling Backlink for SEO, Buzz and Traffic","url":"http:\/\/t.co\/E3Sox1V4pE","entities":{"url":{"urls":[{"url":"http:\/\/t.co\/E3Sox1V4pE","expanded_url":"http:\/\/www.buysellbacklink.com","display_url":"buysellbacklink.com","indices":[0,22]}]},"description":{"urls":[]}},"protected":false,"followers_count":3365,"friends_count":661,"listed_count":483,"created_at":"Fri Dec 02 14:07:35 +0000 2011","favourites_count":2,"utc_offset":null,"time_zone":null,"geo_enabled":false,"verified":false,"statuses_count":217827,"lang":"en","contributors_enabled":false,"is_translator":false,"is_translation_enabled":false,"profile_background_color":"C0DEED","profile_background_image_url":"http:\/\/abs.twimg.com\/images\/themes\/theme1\/bg.png","profile_background_image_url_https":"https:\/\/abs.twimg.com\/images\/themes\/theme1\/bg.png","profile_background_tile":false,"profile_image_url":"http:\/\/pbs.twimg.com\/profile_images\/1772836547\/google_alexa_pagerank1_normal.jpg","profile_image_url_https":"https:\/\/pbs.twimg.com\/profile_images\/1772836547\/google_alexa_pagerank1_normal.jpg","profile_link_color":"1DA1F2","profile_sidebar_border_color":"C0DEED","profile_sidebar_fill_color":"DDEEF6","profile_text_color":"333333","profile_use_background_image":true,"has_extended_profile":false,"default_profile":true,"default_profile_image":false,"following":false,"follow_request_sent":false,"notifications":false,"translator_type":"none"},"geo":null,"coordinates":null,"place":null,"contributors":null,"is_quote_status":false,"retweet_count":1,"favorite_count":0,"favorited":false,"retweeted":false,"possibly_sensitive":false,"possibly_sensitive_appealable":false,"lang":"en"}
