{"created_at":"Thu Jan 12 08:13:01 +0000 2017","id":819457139710300161,"id_str":"819457139710300161","text":"Bro slumped \ud83d\ude34","truncated":false,"entities":{"hashtags":[],"symbols":[],"user_mentions":[],"urls":[]},"source":"\u003ca href=\"http:\/\/twitter.com\/download\/iphone\" rel=\"nofollow\"\u003eTwitter for iPhone\u003c\/a\u003e","in_reply_to_status_id":null,"in_reply_to_status_id_str":null,"in_reply_to_user_id":null,"in_reply_to_user_id_str":null,"in_reply_to_screen_name":null,"user":{"id":525988137,"id_str":"525988137","name":"G R E A T N E S S","screen_name":"iAmLilPopHTX","location":"Houston, TX","description":"#FamilyFirstForever\ud83d\udcaf\ud83d\ude4f\ud83d\udc68\u200d\ud83d\udc69\u200d\ud83d\udc67\u27a1\ufe0fSerious Inquiries\ud83e\udd11 \u27a1\ufe0fiampoppy713@gmail.com #SelfMade #EatByAnyMeans\ud83d\udcb0\ud83d\udcb8","url":"https:\/\/t.co\/Y91tGBKYkb","entities":{"url":{"urls":[{"url":"https:\/\/t.co\/Y91tGBKYkb","expanded_url":"https:\/\/paypal.me\/lilpophtx","display_url":"paypal.me\/lilpophtx","indices":[0,23]}]},"description":{"urls":[]}},"protected":false,"followers_count":653,"friends_count":528,"listed_count":2,"created_at":"Fri Mar 16 03:20:46 +0000 2012","favourites_count":4094,"utc_offset":-28800,"time_zone":"Pacific Time (US & Canada)","geo_enabled":true,"verified":false,"statuses_count":9284,"lang":"en","contributors_enabled":false,"is_translator":false,"is_translation_enabled":false,"profile_background_color":"C0DEED","profile_background_image_url":"http:\/\/abs.twimg.com\/images\/themes\/theme1\/bg.png","profile_background_image_url_https":"https:\/\/abs.twimg.com\/images\/themes\/theme1\/bg.png","profile_background_tile":false,"profile_image_url":"http:\/\/pbs.twimg.com\/profile_images\/818800958339686400\/58X164Mv_normal.jpg","profile_image_url_https":"https:\/\/pbs.twimg.com\/profile_images\/818800958339686400\/58X164Mv_normal.jpg","profile_banner_url":"https:\/\/pbs.twimg.com\/profile_banners\/525988137\/1483974743","profile_link_color":"1DA1F2","profile_sidebar_border_color":"C0DEED","profile_sidebar_fill_color":"DDEEF6","profile_text_color":"333333","profile_use_background_image":true,"has_extended_profile":true,"default_profile":true,"default_profile_image":false,"following":false,"follow_request_sent":false,"notifications":false,"translator_type":"none"},"geo":null,"coordinates":null,"place":null,"contributors":null,"is_quote_status":false,"retweet_count":0,"favorite_count":0,"favorited":false,"retweeted":false,"lang":"en"}
