{"created_at":"Thu Jan 12 08:13:06 +0000 2017","id":819457160497106944,"id_str":"819457160497106944","text":"@sh____kng \u3000\u3053\u3093\u3070\u3093\u308f ~","truncated":false,"entities":{"hashtags":[],"symbols":[],"user_mentions":[{"screen_name":"sh____kng","name":"S    ,     H","id":710999216483540992,"id_str":"710999216483540992","indices":[0,10]}],"urls":[]},"source":"\u003ca href=\"http:\/\/twitter.com\/download\/android\" rel=\"nofollow\"\u003eTwitter for Android\u003c\/a\u003e","in_reply_to_status_id":818750847123267584,"in_reply_to_status_id_str":"818750847123267584","in_reply_to_user_id":710999216483540992,"in_reply_to_user_id_str":"710999216483540992","in_reply_to_screen_name":"sh____kng","user":{"id":714129466818080768,"id_str":"714129466818080768","name":"\ua643\ua643\u3000p i n k\u3000\ua643","screen_name":"Pink___g","location":"@\u3000\u3000\u3000\u3000l o v","description":"","url":null,"entities":{"description":{"urls":[]}},"protected":false,"followers_count":67,"friends_count":67,"listed_count":3,"created_at":"Sun Mar 27 16:38:27 +0000 2016","favourites_count":943,"utc_offset":null,"time_zone":null,"geo_enabled":false,"verified":false,"statuses_count":2527,"lang":"ja","contributors_enabled":false,"is_translator":false,"is_translation_enabled":false,"profile_background_color":"F5F8FA","profile_background_image_url":null,"profile_background_image_url_https":null,"profile_background_tile":false,"profile_image_url":"http:\/\/pbs.twimg.com\/profile_images\/815729804754325504\/KIJGXYjT_normal.jpg","profile_image_url_https":"https:\/\/pbs.twimg.com\/profile_images\/815729804754325504\/KIJGXYjT_normal.jpg","profile_banner_url":"https:\/\/pbs.twimg.com\/profile_banners\/714129466818080768\/1482731407","profile_link_color":"1DA1F2","profile_sidebar_border_color":"C0DEED","profile_sidebar_fill_color":"DDEEF6","profile_text_color":"333333","profile_use_background_image":true,"has_extended_profile":false,"default_profile":true,"default_profile_image":false,"following":false,"follow_request_sent":false,"notifications":false,"translator_type":"none"},"geo":null,"coordinates":null,"place":null,"contributors":null,"is_quote_status":false,"retweet_count":0,"favorite_count":0,"favorited":false,"retweeted":false,"lang":"ja"}
