{"created_at":"Thu Jan 12 08:13:04 +0000 2017","id":819457151198498816,"id_str":"819457151198498816","text":"@thegirlsmusical  follow follow @thegirlsmusical get them to 9000 followers and maybe THIS time I can win \ud83c\udf3b\ud83c\udf3b\ud83c\udf3b\ud83c\udf3b\ud83c\udf3b\ud83c\udf3b\ud83c\udf3b\ud83c\udf3b\ud83c\udf3b\u2026 https:\/\/t.co\/rN172gx8l1","truncated":true,"entities":{"hashtags":[],"symbols":[],"user_mentions":[{"screen_name":"thegirlsmusical","name":"The Girls","id":3018539954,"id_str":"3018539954","indices":[0,16]},{"screen_name":"thegirlsmusical","name":"The Girls","id":3018539954,"id_str":"3018539954","indices":[32,48]}],"urls":[{"url":"https:\/\/t.co\/rN172gx8l1","expanded_url":"https:\/\/twitter.com\/i\/web\/status\/819457151198498816","display_url":"twitter.com\/i\/web\/status\/8\u2026","indices":[117,140]}]},"source":"\u003ca href=\"http:\/\/twitter.com\/download\/iphone\" rel=\"nofollow\"\u003eTwitter for iPhone\u003c\/a\u003e","in_reply_to_status_id":null,"in_reply_to_status_id_str":null,"in_reply_to_user_id":3018539954,"in_reply_to_user_id_str":"3018539954","in_reply_to_screen_name":"thegirlsmusical","user":{"id":455775809,"id_str":"455775809","name":"Helen","screen_name":"hellyeahhelen","location":"Somerset","description":"4 kids,2 cats, a horse,2 dogs and a certain manband.","url":null,"entities":{"description":{"urls":[]}},"protected":false,"followers_count":436,"friends_count":458,"listed_count":11,"created_at":"Thu Jan 05 14:11:16 +0000 2012","favourites_count":1079,"utc_offset":0,"time_zone":"Casablanca","geo_enabled":false,"verified":false,"statuses_count":17569,"lang":"en","contributors_enabled":false,"is_translator":false,"is_translation_enabled":false,"profile_background_color":"000000","profile_background_image_url":"http:\/\/abs.twimg.com\/images\/themes\/theme12\/bg.gif","profile_background_image_url_https":"https:\/\/abs.twimg.com\/images\/themes\/theme12\/bg.gif","profile_background_tile":false,"profile_image_url":"http:\/\/pbs.twimg.com\/profile_images\/820018966752096258\/QYAQ25kR_normal.jpg","profile_image_url_https":"https:\/\/pbs.twimg.com\/profile_images\/820018966752096258\/QYAQ25kR_normal.jpg","profile_banner_url":"https:\/\/pbs.twimg.com\/profile_banners\/455775809\/1484140427","profile_link_color":"19CF86","profile_sidebar_border_color":"000000","profile_sidebar_fill_color":"000000","profile_text_color":"000000","profile_use_background_image":false,"has_extended_profile":false,"default_profile":false,"default_profile_image":false,"following":false,"follow_request_sent":false,"notifications":false,"translator_type":"none"},"geo":null,"coordinates":null,"place":null,"contributors":null,"is_quote_status":false,"retweet_count":0,"favorite_count":0,"favorited":false,"retweeted":false,"possibly_sensitive":false,"possibly_sensitive_appealable":false,"lang":"en"}
