{"created_at":"Thu Jan 12 08:13:05 +0000 2017","id":819457155531161600,"id_str":"819457155531161600","text":"@SabrinaGhayour @kplunketthogge @lickedspoon I think you're both just gloating now. Did I mention I've got a new boiler? Yep, it's true.","truncated":false,"entities":{"hashtags":[],"symbols":[],"user_mentions":[{"screen_name":"SabrinaGhayour","name":"Sabrina Ghayour","id":246516111,"id_str":"246516111","indices":[0,15]},{"screen_name":"kplunketthogge","name":"kay plunkett-hogge","id":112393960,"id_str":"112393960","indices":[16,31]},{"screen_name":"lickedspoon","name":"Debora Robertson","id":116866706,"id_str":"116866706","indices":[32,44]}],"urls":[]},"source":"\u003ca href=\"http:\/\/twitter.com\" rel=\"nofollow\"\u003eTwitter Web Client\u003c\/a\u003e","in_reply_to_status_id":819195542609661952,"in_reply_to_status_id_str":"819195542609661952","in_reply_to_user_id":246516111,"in_reply_to_user_id_str":"246516111","in_reply_to_screen_name":"SabrinaGhayour","user":{"id":2432018850,"id_str":"2432018850","name":"Julia Platt Leonard","screen_name":"Juliapleonard","location":"","description":"Food blogger and children's book author, native Tennessean, now Londoner.","url":"http:\/\/t.co\/5VcwMSRJUG","entities":{"url":{"urls":[{"url":"http:\/\/t.co\/5VcwMSRJUG","expanded_url":"http:\/\/www.myagadiary.co.uk","display_url":"myagadiary.co.uk","indices":[0,22]}]},"description":{"urls":[]}},"protected":false,"followers_count":602,"friends_count":347,"listed_count":24,"created_at":"Mon Apr 07 13:10:02 +0000 2014","favourites_count":4266,"utc_offset":null,"time_zone":null,"geo_enabled":false,"verified":false,"statuses_count":5880,"lang":"en","contributors_enabled":false,"is_translator":false,"is_translation_enabled":false,"profile_background_color":"C0DEED","profile_background_image_url":"http:\/\/abs.twimg.com\/images\/themes\/theme1\/bg.png","profile_background_image_url_https":"https:\/\/abs.twimg.com\/images\/themes\/theme1\/bg.png","profile_background_tile":false,"profile_image_url":"http:\/\/pbs.twimg.com\/profile_images\/453161337879662592\/Vgqsy-Ap_normal.jpeg","profile_image_url_https":"https:\/\/pbs.twimg.com\/profile_images\/453161337879662592\/Vgqsy-Ap_normal.jpeg","profile_link_color":"1DA1F2","profile_sidebar_border_color":"C0DEED","profile_sidebar_fill_color":"DDEEF6","profile_text_color":"333333","profile_use_background_image":true,"has_extended_profile":false,"default_profile":true,"default_profile_image":false,"following":false,"follow_request_sent":false,"notifications":false,"translator_type":"none"},"geo":null,"coordinates":null,"place":null,"contributors":null,"is_quote_status":false,"retweet_count":0,"favorite_count":1,"favorited":false,"retweeted":false,"lang":"en"}
