{"created_at":"Thu Jan 12 08:13:05 +0000 2017","id":819457157154283520,"id_str":"819457157154283520","text":"What\u2019s funny is NO ONE in Los Angeles wants @BillPlaschke. Bonus: I\u2019ve still never met a @BillPlaschke fan. https:\/\/t.co\/cKOh8Zn63F","truncated":false,"entities":{"hashtags":[],"symbols":[],"user_mentions":[{"screen_name":"BillPlaschke","name":"Bill Plaschke","id":21740090,"id_str":"21740090","indices":[44,57]},{"screen_name":"BillPlaschke","name":"Bill Plaschke","id":21740090,"id_str":"21740090","indices":[89,102]}],"urls":[{"url":"https:\/\/t.co\/cKOh8Zn63F","expanded_url":"https:\/\/twitter.com\/LATimesfarmer\/status\/819441676875943936","display_url":"twitter.com\/LATimesfarmer\/\u2026","indices":[108,131]}]},"source":"\u003ca href=\"http:\/\/tapbots.com\/tweetbot\" rel=\"nofollow\"\u003eTweetbot for i\u039fS\u003c\/a\u003e","in_reply_to_status_id":null,"in_reply_to_status_id_str":null,"in_reply_to_user_id":null,"in_reply_to_user_id_str":null,"in_reply_to_screen_name":null,"user":{"id":14389626,"id_str":"14389626","name":"Randall P. Jenkins","screen_name":"randallpjenkins","location":"Los Angeles, CA","description":"Creator. Won two arguments on the Internet. I once made Kate Upton smile.","url":"https:\/\/t.co\/elmOz7Gij1","entities":{"url":{"urls":[{"url":"https:\/\/t.co\/elmOz7Gij1","expanded_url":"http:\/\/www.dept3.com","display_url":"dept3.com","indices":[0,23]}]},"description":{"urls":[]}},"protected":false,"followers_count":1923,"friends_count":303,"listed_count":28,"created_at":"Mon Apr 14 19:58:33 +0000 2008","favourites_count":4793,"utc_offset":-28800,"time_zone":"Pacific Time (US & Canada)","geo_enabled":true,"verified":false,"statuses_count":14894,"lang":"en","contributors_enabled":false,"is_translator":false,"is_translation_enabled":false,"profile_background_color":"1A1B1F","profile_background_image_url":"http:\/\/abs.twimg.com\/images\/themes\/theme9\/bg.gif","profile_background_image_url_https":"https:\/\/abs.twimg.com\/images\/themes\/theme9\/bg.gif","profile_background_tile":false,"profile_image_url":"http:\/\/pbs.twimg.com\/profile_images\/466750443918348288\/5FU0CYVJ_normal.jpeg","profile_image_url_https":"https:\/\/pbs.twimg.com\/profile_images\/466750443918348288\/5FU0CYVJ_normal.jpeg","profile_banner_url":"https:\/\/pbs.twimg.com\/profile_banners\/14389626\/1348046308","profile_link_color":"2FC2EF","profile_sidebar_border_color":"181A1E","profile_sidebar_fill_color":"252429","profile_text_color":"666666","profile_use_background_image":true,"has_extended_profile":true,"default_profile":false,"default_profile_image":false,"following":false,"follow_request_sent":false,"notifications":false,"translator_type":"none"},"geo":null,"coordinates":null,"place":null,"contributors":null,"is_quote_status":true,"quoted_status_id":819441676875943936,"quoted_status_id_str":"819441676875943936","quoted_status":{"created_at":"Thu Jan 12 07:11:34 +0000 2017","id":819441676875943936,"id_str":"819441676875943936","text":"Chargers shouldn\u2019t look for a welcome wagon in L.A. https:\/\/t.co\/KgG3KUZbp5","truncated":false,"entities":{"hashtags":[],"symbols":[],"user_mentions":[],"urls":[{"url":"https:\/\/t.co\/KgG3KUZbp5","expanded_url":"http:\/\/fw.to\/wwmWCz","display_url":"fw.to\/wwmWCz","indices":[52,75]}]},"source":"\u003ca href=\"http:\/\/twitter.com\" rel=\"nofollow\"\u003eTwitter Web Client\u003c\/a\u003e","in_reply_to_status_id":null,"in_reply_to_status_id_str":null,"in_reply_to_user_id":null,"in_reply_to_user_id_str":null,"in_reply_to_screen_name":null,"user":{"id":21921231,"id_str":"21921231","name":"Sam Farmer","screen_name":"LATimesfarmer","location":"\u00dcT: 33.950135,-118.391996","description":"I cover @NFL for @LATimes and @TribuneMedia. Can be reached at Sam.Farmer@latimes.com","url":"https:\/\/t.co\/QkvphZqjfm","entities":{"url":{"urls":[{"url":"https:\/\/t.co\/QkvphZqjfm","expanded_url":"http:\/\/latimes.com\/sam","display_url":"latimes.com\/sam","indices":[0,23]}]},"description":{"urls":[]}},"protected":false,"followers_count":47601,"friends_count":2115,"listed_count":1790,"created_at":"Wed Feb 25 21:25:12 +0000 2009","favourites_count":11562,"utc_offset":-28800,"time_zone":"Pacific Time (US & Canada)","geo_enabled":true,"verified":true,"statuses_count":20454,"lang":"en","contributors_enabled":false,"is_translator":false,"is_translation_enabled":false,"profile_background_color":"2486AD","profile_background_image_url":"http:\/\/abs.twimg.com\/images\/themes\/theme1\/bg.png","profile_background_image_url_https":"https:\/\/abs.twimg.com\/images\/themes\/theme1\/bg.png","profile_background_tile":false,"profile_image_url":"http:\/\/pbs.twimg.com\/profile_images\/797821370877038592\/N7iDVsfE_normal.jpg","profile_image_url_https":"https:\/\/pbs.twimg.com\/profile_images\/797821370877038592\/N7iDVsfE_normal.jpg","profile_banner_url":"https:\/\/pbs.twimg.com\/profile_banners\/21921231\/1476113193","profile_link_color":"0084B4","profile_sidebar_border_color":"BDDCAD","profile_sidebar_fill_color":"DDFFCC","profile_text_color":"333333","profile_use_background_image":false,"has_extended_profile":false,"default_profile":false,"default_profile_image":false,"following":false,"follow_request_sent":false,"notifications":false,"translator_type":"none"},"geo":null,"coordinates":null,"place":null,"contributors":null,"is_quote_status":false,"retweet_count":461,"favorite_count":545,"favorited":false,"retweeted":false,"possibly_sensitive":false,"possibly_sensitive_appealable":false,"lang":"en"},"retweet_count":0,"favorite_count":0,"favorited":false,"retweeted":false,"possibly_sensitive":false,"possibly_sensitive_appealable":false,"lang":"en"}
