{"created_at":"Thu Jan 12 08:13:06 +0000 2017","id":819457161289986048,"id_str":"819457161289986048","text":"[wife, downstairs]\n\"Honey, pls dont poop in the shower again\"\n\"ok babe, i...uggHHHH\"\n[i crap so violently my head gets stuck in the ceiling]","truncated":false,"entities":{"hashtags":[],"symbols":[],"user_mentions":[],"urls":[]},"source":"\u003ca href=\"http:\/\/twitter.com\/download\/iphone\" rel=\"nofollow\"\u003eTwitter for iPhone\u003c\/a\u003e","in_reply_to_status_id":null,"in_reply_to_status_id_str":null,"in_reply_to_user_id":null,"in_reply_to_user_id_str":null,"in_reply_to_screen_name":null,"user":{"id":3434421039,"id_str":"3434421039","name":"Delta","screen_name":"DeltaFixerRC","location":"Florida, USA","description":"\u2764\ufe0f@melancholyhill\u2764\ufe0f | 19 | \u2642| Keep the skies clear for me!","url":"https:\/\/t.co\/5J6TlIK4nA","entities":{"url":{"urls":[{"url":"https:\/\/t.co\/5J6TlIK4nA","expanded_url":"https:\/\/listography.com\/delta","display_url":"listography.com\/delta","indices":[0,23]}]},"description":{"urls":[]}},"protected":false,"followers_count":371,"friends_count":208,"listed_count":10,"created_at":"Fri Aug 21 17:48:14 +0000 2015","favourites_count":34949,"utc_offset":-18000,"time_zone":"Eastern Time (US & Canada)","geo_enabled":true,"verified":false,"statuses_count":22666,"lang":"en","contributors_enabled":false,"is_translator":false,"is_translation_enabled":false,"profile_background_color":"000000","profile_background_image_url":"http:\/\/abs.twimg.com\/images\/themes\/theme1\/bg.png","profile_background_image_url_https":"https:\/\/abs.twimg.com\/images\/themes\/theme1\/bg.png","profile_background_tile":false,"profile_image_url":"http:\/\/pbs.twimg.com\/profile_images\/796777187865071616\/bdbDVtOd_normal.jpg","profile_image_url_https":"https:\/\/pbs.twimg.com\/profile_images\/796777187865071616\/bdbDVtOd_normal.jpg","profile_banner_url":"https:\/\/pbs.twimg.com\/profile_banners\/3434421039\/1463755804","profile_link_color":"4A913C","profile_sidebar_border_color":"000000","profile_sidebar_fill_color":"000000","profile_text_color":"000000","profile_use_background_image":false,"has_extended_profile":true,"default_profile":false,"default_profile_image":false,"following":false,"follow_request_sent":false,"notifications":false,"translator_type":"none"},"geo":null,"coordinates":null,"place":null,"contributors":null,"is_quote_status":false,"retweet_count":0,"favorite_count":4,"favorited":false,"retweeted":false,"lang":"en"}
