{"created_at":"Thu Jan 12 08:13:03 +0000 2017","id":819457146257453056,"id_str":"819457146257453056","text":"@TRISTANTRlSTAN -someone more than I just did in my life","truncated":false,"entities":{"hashtags":[],"symbols":[],"user_mentions":[{"screen_name":"TRISTANTRlSTAN","name":"TRISTAN!","id":1342667166,"id_str":"1342667166","indices":[0,15]}],"urls":[]},"source":"\u003ca href=\"http:\/\/twitter.com\/download\/iphone\" rel=\"nofollow\"\u003eTwitter for iPhone\u003c\/a\u003e","in_reply_to_status_id":819457043413094400,"in_reply_to_status_id_str":"819457043413094400","in_reply_to_user_id":1342667166,"in_reply_to_user_id_str":"1342667166","in_reply_to_screen_name":"TRISTANTRlSTAN","user":{"id":1342667166,"id_str":"1342667166","name":"TRISTAN!","screen_name":"TRISTANTRlSTAN","location":"he\/him","description":"Pardon me, would you have any Grey Poupon?","url":null,"entities":{"description":{"urls":[]}},"protected":false,"followers_count":404,"friends_count":243,"listed_count":4,"created_at":"Wed Apr 10 19:28:19 +0000 2013","favourites_count":9614,"utc_offset":-28800,"time_zone":"Pacific Time (US & Canada)","geo_enabled":true,"verified":false,"statuses_count":5776,"lang":"en","contributors_enabled":false,"is_translator":false,"is_translation_enabled":true,"profile_background_color":"C0DEED","profile_background_image_url":"http:\/\/abs.twimg.com\/images\/themes\/theme1\/bg.png","profile_background_image_url_https":"https:\/\/abs.twimg.com\/images\/themes\/theme1\/bg.png","profile_background_tile":false,"profile_image_url":"http:\/\/pbs.twimg.com\/profile_images\/817233815265361921\/JlePWnru_normal.jpg","profile_image_url_https":"https:\/\/pbs.twimg.com\/profile_images\/817233815265361921\/JlePWnru_normal.jpg","profile_banner_url":"https:\/\/pbs.twimg.com\/profile_banners\/1342667166\/1483100586","profile_link_color":"F58EA8","profile_sidebar_border_color":"C0DEED","profile_sidebar_fill_color":"DDEEF6","profile_text_color":"333333","profile_use_background_image":true,"has_extended_profile":true,"default_profile":false,"default_profile_image":false,"following":false,"follow_request_sent":false,"notifications":false,"translator_type":"none"},"geo":null,"coordinates":null,"place":null,"contributors":null,"is_quote_status":false,"retweet_count":0,"favorite_count":7,"favorited":false,"retweeted":false,"lang":"en"}
