{"created_at":"Thu Jan 12 08:13:01 +0000 2017","id":819457141102637056,"id_str":"819457141102637056","text":"@i_____m0101 \n\u4ffa\u3082\u4e00\u3064\u304a\u3058\u3044\u3061\u3083\u3093\u306b\u8fd1\u3065\u3044\u305f\u3088\n\u3042\u308a\u304c\u3068\u3046","truncated":false,"entities":{"hashtags":[],"symbols":[],"user_mentions":[{"screen_name":"i_____m0101","name":"\u77f3\u91ce \u96c5","id":1615372597,"id_str":"1615372597","indices":[0,12]}],"urls":[]},"source":"\u003ca href=\"http:\/\/twitter.com\/download\/iphone\" rel=\"nofollow\"\u003eTwitter for iPhone\u003c\/a\u003e","in_reply_to_status_id":819330268708208641,"in_reply_to_status_id_str":"819330268708208641","in_reply_to_user_id":1615372597,"in_reply_to_user_id_str":"1615372597","in_reply_to_screen_name":"i_____m0101","user":{"id":2245389254,"id_str":"2245389254","name":"\u661f\u5d0e \u5065\u4e00\u90ce","screen_name":"kenbaseball89","location":"\u5343\u8449 \u6d66\u5b89\u5e02","description":"\u6d66\u5b89\u30ad\u30f3\u30b0\u30b9\u30bf\u30fc\/\u6771\u4eac\u30d9\u30a4\u30dc\u30fc\u30a4\u30ba6\u671f\/\u6771\u6771\u4eac\u9078\u629c\/\u5800\u4e2d37\u671f\/\u6850\u852d\u5b66\u571251\u671f\/\u795e\u5948\u5ddd\u30d9\u30b9\u30c84\u91ce\u7403\u90e8\u5f15\u9000\u3002\u540d\u53e4\u5c4b\u2192\u6d66\u5b89\u21c4\u6a2a\u6d5c\u3002 next","url":"https:\/\/t.co\/33SAnumeGf","entities":{"url":{"urls":[{"url":"https:\/\/t.co\/33SAnumeGf","expanded_url":"http:\/\/Instagram.com\/hoshi.ken89bb","display_url":"Instagram.com\/hoshi.ken89bb","indices":[0,23]}]},"description":{"urls":[]}},"protected":false,"followers_count":730,"friends_count":497,"listed_count":1,"created_at":"Sat Dec 14 10:34:56 +0000 2013","favourites_count":3276,"utc_offset":null,"time_zone":null,"geo_enabled":true,"verified":false,"statuses_count":5426,"lang":"ja","contributors_enabled":false,"is_translator":false,"is_translation_enabled":false,"profile_background_color":"C0DEED","profile_background_image_url":"http:\/\/abs.twimg.com\/images\/themes\/theme1\/bg.png","profile_background_image_url_https":"https:\/\/abs.twimg.com\/images\/themes\/theme1\/bg.png","profile_background_tile":false,"profile_image_url":"http:\/\/pbs.twimg.com\/profile_images\/817953938808786944\/WUtUDt5o_normal.jpg","profile_image_url_https":"https:\/\/pbs.twimg.com\/profile_images\/817953938808786944\/WUtUDt5o_normal.jpg","profile_banner_url":"https:\/\/pbs.twimg.com\/profile_banners\/2245389254\/1483968338","profile_link_color":"1DA1F2","profile_sidebar_border_color":"C0DEED","profile_sidebar_fill_color":"DDEEF6","profile_text_color":"333333","profile_use_background_image":true,"has_extended_profile":true,"default_profile":true,"default_profile_image":false,"following":false,"follow_request_sent":false,"notifications":false,"translator_type":"none"},"geo":null,"coordinates":null,"place":{"id":"db215c78c59027e4","url":"https:\/\/api.twitter.com\/1.1\/geo\/id\/db215c78c59027e4.json","place_type":"city","name":"Ichikawa-shi","full_name":"Ichikawa-shi, Chiba","country_code":"JP","country":"Japan","contained_within":[],"bounding_box":{"type":"Polygon","coordinates":[[[139.885492,35.655568],[139.97661,35.655568],[139.97661,35.775796],[139.885492,35.775796]]]},"attributes":{}},"contributors":null,"is_quote_status":false,"retweet_count":0,"favorite_count":1,"favorited":false,"retweeted":false,"lang":"ja"}
