{"created_at":"Thu Jan 12 08:13:01 +0000 2017","id":819457139257131008,"id_str":"819457139257131008","text":"@brenndeezy dude I'm in tears\ud83d\ude0d\ud83d\ude2d\ud83d\ude0d\ud83d\ude2d","truncated":false,"entities":{"hashtags":[],"symbols":[],"user_mentions":[{"screen_name":"brenndeezy","name":"Brenda","id":1441816478,"id_str":"1441816478","indices":[0,11]}],"urls":[]},"source":"\u003ca href=\"http:\/\/twitter.com\/download\/iphone\" rel=\"nofollow\"\u003eTwitter for iPhone\u003c\/a\u003e","in_reply_to_status_id":819455432787783681,"in_reply_to_status_id_str":"819455432787783681","in_reply_to_user_id":1441816478,"in_reply_to_user_id_str":"1441816478","in_reply_to_screen_name":"brenndeezy","user":{"id":1383093168,"id_str":"1383093168","name":"Hans\u2728","screen_name":"hannah_venice","location":"","description":"status: work in progress\ud83e\udd18\ud83c\udffd\u271d\ufe0f","url":null,"entities":{"description":{"urls":[]}},"protected":false,"followers_count":261,"friends_count":262,"listed_count":1,"created_at":"Fri Apr 26 23:38:57 +0000 2013","favourites_count":4504,"utc_offset":null,"time_zone":null,"geo_enabled":true,"verified":false,"statuses_count":5653,"lang":"en","contributors_enabled":false,"is_translator":false,"is_translation_enabled":false,"profile_background_color":"C0DEED","profile_background_image_url":"http:\/\/abs.twimg.com\/images\/themes\/theme1\/bg.png","profile_background_image_url_https":"https:\/\/abs.twimg.com\/images\/themes\/theme1\/bg.png","profile_background_tile":false,"profile_image_url":"http:\/\/pbs.twimg.com\/profile_images\/802777629233291264\/4nCdL8uX_normal.jpg","profile_image_url_https":"https:\/\/pbs.twimg.com\/profile_images\/802777629233291264\/4nCdL8uX_normal.jpg","profile_banner_url":"https:\/\/pbs.twimg.com\/profile_banners\/1383093168\/1479795927","profile_link_color":"1DA1F2","profile_sidebar_border_color":"C0DEED","profile_sidebar_fill_color":"DDEEF6","profile_text_color":"333333","profile_use_background_image":true,"has_extended_profile":true,"default_profile":true,"default_profile_image":false,"following":false,"follow_request_sent":false,"notifications":false,"translator_type":"none"},"geo":null,"coordinates":null,"place":null,"contributors":null,"is_quote_status":false,"retweet_count":0,"favorite_count":1,"favorited":false,"retweeted":false,"lang":"en"}
