{"created_at":"Thu Jan 12 08:13:02 +0000 2017","id":819457144307191808,"id_str":"819457144307191808","text":"I just had to tag you here! @RelivingBALH  haha \nHappy Birthday Sakshi Tanwar https:\/\/t.co\/9x9MUdu2Yh","truncated":false,"entities":{"hashtags":[],"symbols":[],"user_mentions":[{"screen_name":"RelivingBALH","name":"Reliving BALH","id":809455421928960000,"id_str":"809455421928960000","indices":[28,41]}],"urls":[],"media":[{"id":819457130923196418,"id_str":"819457130923196418","indices":[78,101],"media_url":"http:\/\/pbs.twimg.com\/media\/C19L6z1WgAI2MH8.jpg","media_url_https":"https:\/\/pbs.twimg.com\/media\/C19L6z1WgAI2MH8.jpg","url":"https:\/\/t.co\/9x9MUdu2Yh","display_url":"pic.twitter.com\/9x9MUdu2Yh","expanded_url":"https:\/\/twitter.com\/rashietc\/status\/819457144307191808\/photo\/1","type":"photo","sizes":{"large":{"w":675,"h":450,"resize":"fit"},"medium":{"w":675,"h":450,"resize":"fit"},"thumb":{"w":150,"h":150,"resize":"crop"},"small":{"w":675,"h":450,"resize":"fit"}}}]},"extended_entities":{"media":[{"id":819457130923196418,"id_str":"819457130923196418","indices":[78,101],"media_url":"http:\/\/pbs.twimg.com\/media\/C19L6z1WgAI2MH8.jpg","media_url_https":"https:\/\/pbs.twimg.com\/media\/C19L6z1WgAI2MH8.jpg","url":"https:\/\/t.co\/9x9MUdu2Yh","display_url":"pic.twitter.com\/9x9MUdu2Yh","expanded_url":"https:\/\/twitter.com\/rashietc\/status\/819457144307191808\/photo\/1","type":"photo","sizes":{"large":{"w":675,"h":450,"resize":"fit"},"medium":{"w":675,"h":450,"resize":"fit"},"thumb":{"w":150,"h":150,"resize":"crop"},"small":{"w":675,"h":450,"resize":"fit"}}}]},"source":"\u003ca href=\"http:\/\/twitter.com\/download\/iphone\" rel=\"nofollow\"\u003eTwitter for iPhone\u003c\/a\u003e","in_reply_to_status_id":null,"in_reply_to_status_id_str":null,"in_reply_to_user_id":null,"in_reply_to_user_id_str":null,"in_reply_to_screen_name":null,"user":{"id":813741699411439618,"id_str":"813741699411439618","name":"\ud83d\udc81","screen_name":"rashietc","location":"","description":"Yo!","url":null,"entities":{"description":{"urls":[]}},"protected":false,"followers_count":29,"friends_count":43,"listed_count":1,"created_at":"Tue Dec 27 13:41:54 +0000 2016","favourites_count":727,"utc_offset":null,"time_zone":null,"geo_enabled":false,"verified":false,"statuses_count":792,"lang":"en","contributors_enabled":false,"is_translator":false,"is_translation_enabled":false,"profile_background_color":"F5F8FA","profile_background_image_url":null,"profile_background_image_url_https":null,"profile_background_tile":false,"profile_image_url":"http:\/\/pbs.twimg.com\/profile_images\/817244023182295045\/OUm791Xy_normal.jpg","profile_image_url_https":"https:\/\/pbs.twimg.com\/profile_images\/817244023182295045\/OUm791Xy_normal.jpg","profile_banner_url":"https:\/\/pbs.twimg.com\/profile_banners\/813741699411439618\/1483681135","profile_link_color":"1DA1F2","profile_sidebar_border_color":"C0DEED","profile_sidebar_fill_color":"DDEEF6","profile_text_color":"333333","profile_use_background_image":true,"has_extended_profile":false,"default_profile":true,"default_profile_image":false,"following":false,"follow_request_sent":false,"notifications":false,"translator_type":"none"},"geo":null,"coordinates":null,"place":null,"contributors":null,"is_quote_status":false,"retweet_count":5,"favorite_count":6,"favorited":false,"retweeted":false,"possibly_sensitive":false,"possibly_sensitive_appealable":false,"lang":"en"}
