{"created_at":"Thu Jan 12 08:13:01 +0000 2017","id":819457139215368193,"id_str":"819457139215368193","text":"( the truth ) \n\nI'm Giving you a small thing to get your mind around. !!!!\nIf some one calls you a name that is... https:\/\/t.co\/Cwd1OpxHZj","truncated":false,"entities":{"hashtags":[],"symbols":[],"user_mentions":[],"urls":[{"url":"https:\/\/t.co\/Cwd1OpxHZj","expanded_url":"http:\/\/fb.me\/6YPcA0HlN","display_url":"fb.me\/6YPcA0HlN","indices":[115,138]}]},"source":"\u003ca href=\"http:\/\/www.facebook.com\/twitter\" rel=\"nofollow\"\u003eFacebook\u003c\/a\u003e","in_reply_to_status_id":null,"in_reply_to_status_id_str":null,"in_reply_to_user_id":null,"in_reply_to_user_id_str":null,"in_reply_to_screen_name":null,"user":{"id":340580674,"id_str":"340580674","name":"Frank Toner","screen_name":"frankie_toner","location":"Glasgow","description":"Adult student. Divorced two grown up children and GRANDSON ( :","url":null,"entities":{"description":{"urls":[]}},"protected":false,"followers_count":55,"friends_count":77,"listed_count":2,"created_at":"Fri Jul 22 22:55:43 +0000 2011","favourites_count":3,"utc_offset":null,"time_zone":null,"geo_enabled":true,"verified":false,"statuses_count":46014,"lang":"en","contributors_enabled":false,"is_translator":false,"is_translation_enabled":false,"profile_background_color":"C0DEED","profile_background_image_url":"http:\/\/abs.twimg.com\/images\/themes\/theme1\/bg.png","profile_background_image_url_https":"https:\/\/abs.twimg.com\/images\/themes\/theme1\/bg.png","profile_background_tile":false,"profile_image_url":"http:\/\/pbs.twimg.com\/profile_images\/715698348552953856\/dhAxZwjR_normal.jpg","profile_image_url_https":"https:\/\/pbs.twimg.com\/profile_images\/715698348552953856\/dhAxZwjR_normal.jpg","profile_banner_url":"https:\/\/pbs.twimg.com\/profile_banners\/340580674\/1348579177","profile_link_color":"1DA1F2","profile_sidebar_border_color":"C0DEED","profile_sidebar_fill_color":"DDEEF6","profile_text_color":"333333","profile_use_background_image":true,"has_extended_profile":false,"default_profile":true,"default_profile_image":false,"following":false,"follow_request_sent":false,"notifications":false,"translator_type":"none"},"geo":null,"coordinates":null,"place":null,"contributors":null,"is_quote_status":false,"retweet_count":0,"favorite_count":0,"favorited":false,"retweeted":false,"possibly_sensitive":false,"possibly_sensitive_appealable":false,"lang":"en"}
