{"created_at":"Thu Jan 12 08:13:04 +0000 2017","id":819457152448245760,"id_str":"819457152448245760","text":"I think I overslept already \ud83e\udd14","truncated":false,"entities":{"hashtags":[],"symbols":[],"user_mentions":[],"urls":[]},"source":"\u003ca href=\"http:\/\/twitter.com\/download\/iphone\" rel=\"nofollow\"\u003eTwitter for iPhone\u003c\/a\u003e","in_reply_to_status_id":null,"in_reply_to_status_id_str":null,"in_reply_to_user_id":null,"in_reply_to_user_id_str":null,"in_reply_to_screen_name":null,"user":{"id":1855609608,"id_str":"1855609608","name":"Leah Fleur de Lyze","screen_name":"leahfleur25","location":"Cebu City","description":"I notice everything, sometimes I just act like I don't.","url":"https:\/\/t.co\/qSIGUhLEOB","entities":{"url":{"urls":[{"url":"https:\/\/t.co\/qSIGUhLEOB","expanded_url":"http:\/\/facebook.com\/leahfleur17","display_url":"facebook.com\/leahfleur17","indices":[0,23]}]},"description":{"urls":[]}},"protected":false,"followers_count":100,"friends_count":552,"listed_count":0,"created_at":"Wed Sep 11 22:46:02 +0000 2013","favourites_count":341,"utc_offset":28800,"time_zone":"Beijing","geo_enabled":true,"verified":false,"statuses_count":1473,"lang":"en","contributors_enabled":false,"is_translator":false,"is_translation_enabled":false,"profile_background_color":"DD2E44","profile_background_image_url":"http:\/\/pbs.twimg.com\/profile_background_images\/629186170883158016\/tZLcDQlF.jpg","profile_background_image_url_https":"https:\/\/pbs.twimg.com\/profile_background_images\/629186170883158016\/tZLcDQlF.jpg","profile_background_tile":true,"profile_image_url":"http:\/\/pbs.twimg.com\/profile_images\/795229066332774401\/NQiR_6Gd_normal.jpg","profile_image_url_https":"https:\/\/pbs.twimg.com\/profile_images\/795229066332774401\/NQiR_6Gd_normal.jpg","profile_banner_url":"https:\/\/pbs.twimg.com\/profile_banners\/1855609608\/1471814965","profile_link_color":"9266CC","profile_sidebar_border_color":"FFFFFF","profile_sidebar_fill_color":"DDEEF6","profile_text_color":"333333","profile_use_background_image":true,"has_extended_profile":true,"default_profile":false,"default_profile_image":false,"following":false,"follow_request_sent":false,"notifications":false,"translator_type":"none"},"geo":null,"coordinates":null,"place":null,"contributors":null,"is_quote_status":false,"retweet_count":0,"favorite_count":0,"favorited":false,"retweeted":false,"lang":"en"}
