{"created_at":"Thu Jan 12 08:13:06 +0000 2017","id":819457159679254528,"id_str":"819457159679254528","text":"I feel like if a friend has to choose between me and someone as as friends, were we really friends ?","truncated":false,"entities":{"hashtags":[],"symbols":[],"user_mentions":[],"urls":[]},"source":"\u003ca href=\"http:\/\/twitter.com\/download\/iphone\" rel=\"nofollow\"\u003eTwitter for iPhone\u003c\/a\u003e","in_reply_to_status_id":null,"in_reply_to_status_id_str":null,"in_reply_to_user_id":null,"in_reply_to_user_id_str":null,"in_reply_to_screen_name":null,"user":{"id":716056217123102721,"id_str":"716056217123102721","name":"superman \ud83d\udd2b","screen_name":"hernewsuperman","location":"in your girls dreams ","description":"i saw a recent picture of her, I guess she was right .","url":null,"entities":{"description":{"urls":[]}},"protected":false,"followers_count":192,"friends_count":470,"listed_count":9,"created_at":"Sat Apr 02 00:14:40 +0000 2016","favourites_count":10174,"utc_offset":null,"time_zone":null,"geo_enabled":true,"verified":false,"statuses_count":5102,"lang":"en","contributors_enabled":false,"is_translator":false,"is_translation_enabled":false,"profile_background_color":"F5F8FA","profile_background_image_url":null,"profile_background_image_url_https":null,"profile_background_tile":false,"profile_image_url":"http:\/\/pbs.twimg.com\/profile_images\/811889003460820992\/7e0sJ4Qd_normal.jpg","profile_image_url_https":"https:\/\/pbs.twimg.com\/profile_images\/811889003460820992\/7e0sJ4Qd_normal.jpg","profile_banner_url":"https:\/\/pbs.twimg.com\/profile_banners\/716056217123102721\/1484413506","profile_link_color":"1DA1F2","profile_sidebar_border_color":"C0DEED","profile_sidebar_fill_color":"DDEEF6","profile_text_color":"333333","profile_use_background_image":true,"has_extended_profile":true,"default_profile":true,"default_profile_image":false,"following":false,"follow_request_sent":false,"notifications":false,"translator_type":"none"},"geo":null,"coordinates":null,"place":{"id":"3b77caf94bfc81fe","url":"https:\/\/api.twitter.com\/1.1\/geo\/id\/3b77caf94bfc81fe.json","place_type":"city","name":"Los Angeles","full_name":"Los Angeles, CA","country_code":"US","country":"United States","contained_within":[],"bounding_box":{"type":"Polygon","coordinates":[[[-118.668404,33.704538],[-118.155409,33.704538],[-118.155409,34.337041],[-118.668404,34.337041]]]},"attributes":{}},"contributors":null,"is_quote_status":false,"retweet_count":0,"favorite_count":0,"favorited":false,"retweeted":false,"lang":"en"}
