{"created_at":"Thu Jan 12 08:13:05 +0000 2017","id":819457157661913089,"id_str":"819457157661913089","text":"I just liked \u201cEPOCH\u201d on #Vimeo: https:\/\/t.co\/GIAQqkCezz","truncated":false,"entities":{"hashtags":[{"text":"Vimeo","indices":[24,30]}],"symbols":[],"user_mentions":[],"urls":[{"url":"https:\/\/t.co\/GIAQqkCezz","expanded_url":"https:\/\/vimeo.com\/198811503","display_url":"vimeo.com\/198811503","indices":[32,55]}]},"source":"\u003ca href=\"https:\/\/vimeo.com\" rel=\"nofollow\"\u003eVimeo\u003c\/a\u003e","in_reply_to_status_id":null,"in_reply_to_status_id_str":null,"in_reply_to_user_id":null,"in_reply_to_user_id_str":null,"in_reply_to_screen_name":null,"user":{"id":111273431,"id_str":"111273431","name":"Richard Marsden","screen_name":"abitrich","location":"Holmes Chapel, Cheshire","description":"Senior UI Artist at Foundry 42 working on #StarCitizen. Mountain Biker. Tough Mudderer.","url":"https:\/\/t.co\/O7ubGVVVry","entities":{"url":{"urls":[{"url":"https:\/\/t.co\/O7ubGVVVry","expanded_url":"http:\/\/www.abitrich.co.uk","display_url":"abitrich.co.uk","indices":[0,23]}]},"description":{"urls":[]}},"protected":false,"followers_count":700,"friends_count":1640,"listed_count":16,"created_at":"Thu Feb 04 10:40:25 +0000 2010","favourites_count":392,"utc_offset":3600,"time_zone":"Amsterdam","geo_enabled":false,"verified":false,"statuses_count":1157,"lang":"en","contributors_enabled":false,"is_translator":false,"is_translation_enabled":false,"profile_background_color":"FFFFFF","profile_background_image_url":"http:\/\/pbs.twimg.com\/profile_background_images\/466930824550424576\/Nt5FGno8.png","profile_background_image_url_https":"https:\/\/pbs.twimg.com\/profile_background_images\/466930824550424576\/Nt5FGno8.png","profile_background_tile":false,"profile_image_url":"http:\/\/pbs.twimg.com\/profile_images\/784040819653246976\/HIYQvS4E_normal.jpg","profile_image_url_https":"https:\/\/pbs.twimg.com\/profile_images\/784040819653246976\/HIYQvS4E_normal.jpg","profile_banner_url":"https:\/\/pbs.twimg.com\/profile_banners\/111273431\/1475764966","profile_link_color":"BADA55","profile_sidebar_border_color":"FFFFFF","profile_sidebar_fill_color":"262427","profile_text_color":"E1E2E2","profile_use_background_image":true,"has_extended_profile":false,"default_profile":false,"default_profile_image":false,"following":false,"follow_request_sent":false,"notifications":false,"translator_type":"none"},"geo":null,"coordinates":null,"place":null,"contributors":null,"is_quote_status":false,"retweet_count":0,"favorite_count":0,"favorited":false,"retweeted":false,"possibly_sensitive":false,"possibly_sensitive_appealable":false,"lang":"en"}
