{"created_at":"Thu Jan 12 08:13:02 +0000 2017","id":819457145263550464,"id_str":"819457145263550464","text":"Nek koe ora seng karo wong seneng karo awakmu yowes adohke, ojo tok cedaki mung tok ke`i harepan ra jelas. mesakke! engko koe entuk karmane!","truncated":false,"entities":{"hashtags":[],"symbols":[],"user_mentions":[],"urls":[]},"source":"\u003ca href=\"http:\/\/foxdamn.com\/\" rel=\"nofollow\"\u003eFoxDamn Tweet\u003c\/a\u003e","in_reply_to_status_id":null,"in_reply_to_status_id_str":null,"in_reply_to_user_id":null,"in_reply_to_user_id_str":null,"in_reply_to_screen_name":null,"user":{"id":800139766268194816,"id_str":"800139766268194816","name":"Novia","screen_name":"novialithakudo","location":"","description":"","url":null,"entities":{"description":{"urls":[]}},"protected":false,"followers_count":72,"friends_count":3,"listed_count":1,"created_at":"Sun Nov 20 00:52:40 +0000 2016","favourites_count":1,"utc_offset":null,"time_zone":null,"geo_enabled":false,"verified":false,"statuses_count":5458,"lang":"id","contributors_enabled":false,"is_translator":false,"is_translation_enabled":false,"profile_background_color":"F5F8FA","profile_background_image_url":null,"profile_background_image_url_https":null,"profile_background_tile":false,"profile_image_url":"http:\/\/pbs.twimg.com\/profile_images\/800748778344984576\/C-J4nQ4x_normal.jpg","profile_image_url_https":"https:\/\/pbs.twimg.com\/profile_images\/800748778344984576\/C-J4nQ4x_normal.jpg","profile_banner_url":"https:\/\/pbs.twimg.com\/profile_banners\/800139766268194816\/1479748358","profile_link_color":"1DA1F2","profile_sidebar_border_color":"C0DEED","profile_sidebar_fill_color":"DDEEF6","profile_text_color":"333333","profile_use_background_image":true,"has_extended_profile":false,"default_profile":true,"default_profile_image":false,"following":false,"follow_request_sent":false,"notifications":false,"translator_type":"none"},"geo":null,"coordinates":null,"place":null,"contributors":null,"is_quote_status":false,"retweet_count":0,"favorite_count":0,"favorited":false,"retweeted":false,"lang":"in"}
