{"created_at":"Thu Jan 12 08:13:01 +0000 2017","id":819457141346074624,"id_str":"819457141346074624","text":"@Psychocandy_74 @RedeyeMannen @Molltrade @Hejsvej3 i v\u00e5r analys finns disclaimers d\u00e4r vi redog\u00f6r f\u00f6r vilka intressekonflikter som f\u00f6religger","truncated":false,"entities":{"hashtags":[],"symbols":[],"user_mentions":[{"screen_name":"Psychocandy_74","name":"Psychocandy","id":742850859898425344,"id_str":"742850859898425344","indices":[0,15]},{"screen_name":"RedeyeMannen","name":"RedeyeMannen","id":3065981866,"id_str":"3065981866","indices":[16,29]},{"screen_name":"Molltrade","name":"Dalle","id":1717793918,"id_str":"1717793918","indices":[30,40]},{"screen_name":"Hejsvej3","name":"Hejsvej","id":4733139735,"id_str":"4733139735","indices":[41,50]}],"urls":[]},"source":"\u003ca href=\"http:\/\/twitter.com\/download\/iphone\" rel=\"nofollow\"\u003eTwitter for iPhone\u003c\/a\u003e","in_reply_to_status_id":819316120670928896,"in_reply_to_status_id_str":"819316120670928896","in_reply_to_user_id":742850859898425344,"in_reply_to_user_id_str":"742850859898425344","in_reply_to_screen_name":"Psychocandy_74","user":{"id":1397474150,"id_str":"1397474150","name":"Joel Westerstr\u00f6m","screen_name":"Qwertyrius","location":"Stockholm, Sverige","description":"Equity Researcher, Hibiscus-grower, skateboarder and nerd, based in Stockholm. Disclaimer: What I share on Twitter represents my personal views and opinions","url":"https:\/\/t.co\/dCvMhKDkyK","entities":{"url":{"urls":[{"url":"https:\/\/t.co\/dCvMhKDkyK","expanded_url":"http:\/\/beta.redeye.se\/company\/fingerprint-cards","display_url":"beta.redeye.se\/company\/finger\u2026","indices":[0,23]}]},"description":{"urls":[]}},"protected":false,"followers_count":1522,"friends_count":371,"listed_count":15,"created_at":"Thu May 02 15:30:49 +0000 2013","favourites_count":763,"utc_offset":3600,"time_zone":"Belgrade","geo_enabled":true,"verified":false,"statuses_count":2010,"lang":"sv","contributors_enabled":false,"is_translator":false,"is_translation_enabled":false,"profile_background_color":"ABB8C2","profile_background_image_url":"http:\/\/pbs.twimg.com\/profile_background_images\/587300585558319106\/3D6e5nmy.png","profile_background_image_url_https":"https:\/\/pbs.twimg.com\/profile_background_images\/587300585558319106\/3D6e5nmy.png","profile_background_tile":true,"profile_image_url":"http:\/\/pbs.twimg.com\/profile_images\/726154745807835138\/QtAyT_xg_normal.jpg","profile_image_url_https":"https:\/\/pbs.twimg.com\/profile_images\/726154745807835138\/QtAyT_xg_normal.jpg","profile_banner_url":"https:\/\/pbs.twimg.com\/profile_banners\/1397474150\/1428858488","profile_link_color":"F5ABB5","profile_sidebar_border_color":"C0DEED","profile_sidebar_fill_color":"DDEEF6","profile_text_color":"333333","profile_use_background_image":true,"has_extended_profile":true,"default_profile":false,"default_profile_image":false,"following":false,"follow_request_sent":false,"notifications":false,"translator_type":"none"},"geo":null,"coordinates":null,"place":null,"contributors":null,"is_quote_status":false,"retweet_count":0,"favorite_count":3,"favorited":false,"retweeted":false,"lang":"sv"}
