{"created_at":"Thu Jan 12 08:13:01 +0000 2017","id":819457139332837376,"id_str":"819457139332837376","text":"Damn, it's worth a new game that were used as I fucking weirdo","truncated":false,"entities":{"hashtags":[],"symbols":[],"user_mentions":[],"urls":[]},"source":"\u003ca href=\"https:\/\/twitter.com\/rusty595_ebooks\" rel=\"nofollow\"\u003eh\u036c\u034c\u0368\u0314\u030b\u031b\u0329\u0331\u0330e\u0368\u0303\u0308\u0342\u0301\u031b\u032b\u0354\u032cl\u0312\u035bl\u036d\u0310\u0303\u030b\u0314\u030b\u0313\u036f\u003c\/a\u003e","in_reply_to_status_id":null,"in_reply_to_status_id_str":null,"in_reply_to_user_id":null,"in_reply_to_user_id_str":null,"in_reply_to_screen_name":null,"user":{"id":750382687131693056,"id_str":"750382687131693056","name":"rusty595_ebooks","screen_name":"rusty595_ebooks","location":"The C\u030c\u0305\u0351\u0304\u0349l\u0303\u0351\u0330\u031d\u031c\u0329o\u036d\u0335\u0324\u0355\u032c\u0323\u033cu\u0365\u0357d\u0311","description":"I wanna be Mac OS","url":null,"entities":{"description":{"urls":[]}},"protected":false,"followers_count":27,"friends_count":26,"listed_count":3,"created_at":"Tue Jul 05 17:35:48 +0000 2016","favourites_count":129,"utc_offset":0,"time_zone":"London","geo_enabled":false,"verified":false,"statuses_count":4619,"lang":"en-gb","contributors_enabled":false,"is_translator":false,"is_translation_enabled":false,"profile_background_color":"000000","profile_background_image_url":"http:\/\/abs.twimg.com\/images\/themes\/theme1\/bg.png","profile_background_image_url_https":"https:\/\/abs.twimg.com\/images\/themes\/theme1\/bg.png","profile_background_tile":false,"profile_image_url":"http:\/\/pbs.twimg.com\/profile_images\/750390319754207232\/rsJMjSd0_normal.jpg","profile_image_url_https":"https:\/\/pbs.twimg.com\/profile_images\/750390319754207232\/rsJMjSd0_normal.jpg","profile_link_color":"FF691F","profile_sidebar_border_color":"000000","profile_sidebar_fill_color":"000000","profile_text_color":"000000","profile_use_background_image":false,"has_extended_profile":true,"default_profile":false,"default_profile_image":false,"following":false,"follow_request_sent":false,"notifications":false,"translator_type":"none"},"geo":null,"coordinates":null,"place":null,"contributors":null,"is_quote_status":false,"retweet_count":0,"favorite_count":0,"favorited":false,"retweeted":false,"lang":"en"}
