{"created_at":"Thu Jan 12 08:13:05 +0000 2017","id":819457158161039360,"id_str":"819457158161039360","text":"@hazley11m congrats on the move pal, I'm sure you'll tear it up!","truncated":false,"entities":{"hashtags":[],"symbols":[],"user_mentions":[{"screen_name":"hazley11m","name":"Matthew Hazley","id":30984585,"id_str":"30984585","indices":[0,10]}],"urls":[]},"source":"\u003ca href=\"http:\/\/twitter.com\/download\/iphone\" rel=\"nofollow\"\u003eTwitter for iPhone\u003c\/a\u003e","in_reply_to_status_id":819289273044234240,"in_reply_to_status_id_str":"819289273044234240","in_reply_to_user_id":30984585,"in_reply_to_user_id_str":"30984585","in_reply_to_screen_name":"hazley11m","user":{"id":100063269,"id_str":"100063269","name":"Jonathan Nugent","screen_name":"j0nnugent","location":"Dublin City, Ireland","description":"","url":null,"entities":{"description":{"urls":[]}},"protected":false,"followers_count":125,"friends_count":333,"listed_count":0,"created_at":"Mon Dec 28 22:25:06 +0000 2009","favourites_count":73,"utc_offset":0,"time_zone":"Casablanca","geo_enabled":true,"verified":false,"statuses_count":718,"lang":"en","contributors_enabled":false,"is_translator":false,"is_translation_enabled":false,"profile_background_color":"C0DEED","profile_background_image_url":"http:\/\/abs.twimg.com\/images\/themes\/theme1\/bg.png","profile_background_image_url_https":"https:\/\/abs.twimg.com\/images\/themes\/theme1\/bg.png","profile_background_tile":false,"profile_image_url":"http:\/\/pbs.twimg.com\/profile_images\/741731230044065794\/DWQtPOCC_normal.jpg","profile_image_url_https":"https:\/\/pbs.twimg.com\/profile_images\/741731230044065794\/DWQtPOCC_normal.jpg","profile_banner_url":"https:\/\/pbs.twimg.com\/profile_banners\/100063269\/1354055583","profile_link_color":"1DA1F2","profile_sidebar_border_color":"C0DEED","profile_sidebar_fill_color":"DDEEF6","profile_text_color":"333333","profile_use_background_image":true,"has_extended_profile":false,"default_profile":true,"default_profile_image":false,"following":false,"follow_request_sent":false,"notifications":false,"translator_type":"none"},"geo":null,"coordinates":null,"place":null,"contributors":null,"is_quote_status":false,"retweet_count":0,"favorite_count":1,"favorited":false,"retweeted":false,"lang":"en"}
