{"created_at":"Thu Jan 12 08:13:06 +0000 2017","id":819457159201193984,"id_str":"819457159201193984","text":"I couldn't even see myself switching up on my real niggas","truncated":false,"entities":{"hashtags":[],"symbols":[],"user_mentions":[],"urls":[]},"source":"\u003ca href=\"http:\/\/twitter.com\/download\/iphone\" rel=\"nofollow\"\u003eTwitter for iPhone\u003c\/a\u003e","in_reply_to_status_id":null,"in_reply_to_status_id_str":null,"in_reply_to_user_id":null,"in_reply_to_user_id_str":null,"in_reply_to_screen_name":null,"user":{"id":3150559790,"id_str":"3150559790","name":"Dre","screen_name":"Conweezy__","location":"","description":"It's Conweezy Bitch","url":null,"entities":{"description":{"urls":[]}},"protected":false,"followers_count":975,"friends_count":693,"listed_count":3,"created_at":"Sat Apr 11 23:11:14 +0000 2015","favourites_count":5676,"utc_offset":null,"time_zone":null,"geo_enabled":true,"verified":false,"statuses_count":12337,"lang":"en","contributors_enabled":false,"is_translator":false,"is_translation_enabled":false,"profile_background_color":"000000","profile_background_image_url":"http:\/\/abs.twimg.com\/images\/themes\/theme1\/bg.png","profile_background_image_url_https":"https:\/\/abs.twimg.com\/images\/themes\/theme1\/bg.png","profile_background_tile":false,"profile_image_url":"http:\/\/pbs.twimg.com\/profile_images\/818658197129072640\/q3Elowdx_normal.jpg","profile_image_url_https":"https:\/\/pbs.twimg.com\/profile_images\/818658197129072640\/q3Elowdx_normal.jpg","profile_banner_url":"https:\/\/pbs.twimg.com\/profile_banners\/3150559790\/1480288683","profile_link_color":"3B94D9","profile_sidebar_border_color":"000000","profile_sidebar_fill_color":"000000","profile_text_color":"000000","profile_use_background_image":false,"has_extended_profile":true,"default_profile":false,"default_profile_image":false,"following":false,"follow_request_sent":false,"notifications":false,"translator_type":"none"},"geo":null,"coordinates":null,"place":{"id":"fa5bd676191716ee","url":"https:\/\/api.twitter.com\/1.1\/geo\/id\/fa5bd676191716ee.json","place_type":"city","name":"Beachwood","full_name":"Beachwood, OH","country_code":"US","country":"United States","contained_within":[],"bounding_box":{"type":"Polygon","coordinates":[[[-81.532635,41.449669],[-81.48037,41.449669],[-81.48037,41.501448],[-81.532635,41.501448]]]},"attributes":{}},"contributors":null,"is_quote_status":false,"retweet_count":0,"favorite_count":1,"favorited":false,"retweeted":false,"lang":"en"}
