{"created_at":"Thu Jan 12 08:13:03 +0000 2017","id":819457148690305024,"id_str":"819457148690305024","text":"Yes! I'm so grateful for the votes confirming the preference.","truncated":false,"entities":{"hashtags":[],"symbols":[],"user_mentions":[],"urls":[]},"source":"\u003ca href=\"http:\/\/twitter.com\/download\/iphone\" rel=\"nofollow\"\u003eTwitter for iPhone\u003c\/a\u003e","in_reply_to_status_id":819454025179533313,"in_reply_to_status_id_str":"819454025179533313","in_reply_to_user_id":13226522,"in_reply_to_user_id_str":"13226522","in_reply_to_screen_name":"annie3592","user":{"id":13226522,"id_str":"13226522","name":"Annie Rex","screen_name":"annie3592","location":"Philadelphia & Lansdale, PA ","description":"Catholic, Wife, Mother, Discalced Carmelite Secular, and Blessed by Grace","url":null,"entities":{"description":{"urls":[]}},"protected":false,"followers_count":2957,"friends_count":1123,"listed_count":133,"created_at":"Thu Feb 07 23:34:11 +0000 2008","favourites_count":115029,"utc_offset":-18000,"time_zone":"Eastern Time (US & Canada)","geo_enabled":true,"verified":false,"statuses_count":55970,"lang":"en","contributors_enabled":false,"is_translator":false,"is_translation_enabled":false,"profile_background_color":"696B6B","profile_background_image_url":"http:\/\/pbs.twimg.com\/profile_background_images\/671151829397434372\/DsCxVZpj.jpg","profile_background_image_url_https":"https:\/\/pbs.twimg.com\/profile_background_images\/671151829397434372\/DsCxVZpj.jpg","profile_background_tile":true,"profile_image_url":"http:\/\/pbs.twimg.com\/profile_images\/654069249523236864\/GxhD9yqA_normal.jpg","profile_image_url_https":"https:\/\/pbs.twimg.com\/profile_images\/654069249523236864\/GxhD9yqA_normal.jpg","profile_banner_url":"https:\/\/pbs.twimg.com\/profile_banners\/13226522\/1383807062","profile_link_color":"696B6B","profile_sidebar_border_color":"FFFFFF","profile_sidebar_fill_color":"B2BDAC","profile_text_color":"333333","profile_use_background_image":true,"has_extended_profile":false,"default_profile":false,"default_profile_image":false,"following":false,"follow_request_sent":false,"notifications":false,"translator_type":"none"},"geo":null,"coordinates":null,"place":null,"contributors":null,"is_quote_status":false,"retweet_count":0,"favorite_count":1,"favorited":false,"retweeted":false,"lang":"en"}
