{"created_at":"Thu Jan 12 08:13:06 +0000 2017","id":819457160430108672,"id_str":"819457160430108672","text":"@iianwar6 @_DEV2 \u0644\u0639\u064a\u0648\u0646\u0634 \u0646\u0642\u0648\u0645.","truncated":false,"entities":{"hashtags":[],"symbols":[],"user_mentions":[{"screen_name":"iianwar6","name":"\u00b2\u00b2  \u2082\u2085","id":2847986130,"id_str":"2847986130","indices":[0,9]},{"screen_name":"_DEV2","name":".","id":4861693307,"id_str":"4861693307","indices":[10,16]}],"urls":[]},"source":"\u003ca href=\"http:\/\/twitter.com\/download\/android\" rel=\"nofollow\"\u003eTwitter for Android\u003c\/a\u003e","in_reply_to_status_id":819457041962061824,"in_reply_to_status_id_str":"819457041962061824","in_reply_to_user_id":2847986130,"in_reply_to_user_id_str":"2847986130","in_reply_to_screen_name":"iianwar6","user":{"id":4149621575,"id_str":"4149621575","name":"\u0631\u0648\u0644\u0627\u0641\u0647\u064a\u062f\u064f\u0648\u00b3\u2079","screen_name":"rol_i9","location":"","description":"\u200f\u200f\u200f\u0627\u0646\u0627 \u0635\u064f\u062f\u0641\u0629 \u062a\u0645\u0631\u0643 \u0648\u0645\u0627 \u062a\u062a\u0643\u0631\u0631.","url":"https:\/\/t.co\/5SpsgFuePz","entities":{"url":{"urls":[{"url":"https:\/\/t.co\/5SpsgFuePz","expanded_url":"http:\/\/sayat.me\/rolu9","display_url":"sayat.me\/rolu9","indices":[0,23]}]},"description":{"urls":[]}},"protected":false,"followers_count":685,"friends_count":145,"listed_count":1,"created_at":"Mon Nov 09 14:14:28 +0000 2015","favourites_count":2202,"utc_offset":null,"time_zone":null,"geo_enabled":false,"verified":false,"statuses_count":36905,"lang":"ar","contributors_enabled":false,"is_translator":false,"is_translation_enabled":false,"profile_background_color":"C0DEED","profile_background_image_url":"http:\/\/abs.twimg.com\/images\/themes\/theme1\/bg.png","profile_background_image_url_https":"https:\/\/abs.twimg.com\/images\/themes\/theme1\/bg.png","profile_background_tile":false,"profile_image_url":"http:\/\/pbs.twimg.com\/profile_images\/819383594946822144\/n6nbspfB_normal.jpg","profile_image_url_https":"https:\/\/pbs.twimg.com\/profile_images\/819383594946822144\/n6nbspfB_normal.jpg","profile_banner_url":"https:\/\/pbs.twimg.com\/profile_banners\/4149621575\/1483868962","profile_link_color":"1DA1F2","profile_sidebar_border_color":"C0DEED","profile_sidebar_fill_color":"DDEEF6","profile_text_color":"333333","profile_use_background_image":true,"has_extended_profile":false,"default_profile":true,"default_profile_image":false,"following":false,"follow_request_sent":false,"notifications":false,"translator_type":"none"},"geo":null,"coordinates":null,"place":null,"contributors":null,"is_quote_status":false,"retweet_count":0,"favorite_count":0,"favorited":false,"retweeted":false,"lang":"ar"}
