{"created_at":"Thu Jan 12 08:13:06 +0000 2017","id":819457160824225792,"id_str":"819457160824225792","text":"Females be so cold hearted. But I have some of ya figured out.","truncated":false,"entities":{"hashtags":[],"symbols":[],"user_mentions":[],"urls":[]},"source":"\u003ca href=\"http:\/\/twitter.com\/download\/iphone\" rel=\"nofollow\"\u003eTwitter for iPhone\u003c\/a\u003e","in_reply_to_status_id":null,"in_reply_to_status_id_str":null,"in_reply_to_user_id":null,"in_reply_to_user_id_str":null,"in_reply_to_screen_name":null,"user":{"id":2206843508,"id_str":"2206843508","name":"rusty sHackleford","screen_name":"serginhoo_7","location":"m.A.A.d city","description":"","url":null,"entities":{"description":{"urls":[]}},"protected":false,"followers_count":306,"friends_count":193,"listed_count":3,"created_at":"Thu Nov 21 09:28:15 +0000 2013","favourites_count":1321,"utc_offset":-28800,"time_zone":"Pacific Time (US & Canada)","geo_enabled":true,"verified":false,"statuses_count":2731,"lang":"en","contributors_enabled":false,"is_translator":false,"is_translation_enabled":false,"profile_background_color":"C0DEED","profile_background_image_url":"http:\/\/abs.twimg.com\/images\/themes\/theme1\/bg.png","profile_background_image_url_https":"https:\/\/abs.twimg.com\/images\/themes\/theme1\/bg.png","profile_background_tile":false,"profile_image_url":"http:\/\/pbs.twimg.com\/profile_images\/813935115210399748\/k1mTBn_7_normal.jpg","profile_image_url_https":"https:\/\/pbs.twimg.com\/profile_images\/813935115210399748\/k1mTBn_7_normal.jpg","profile_banner_url":"https:\/\/pbs.twimg.com\/profile_banners\/2206843508\/1480978226","profile_link_color":"1DA1F2","profile_sidebar_border_color":"C0DEED","profile_sidebar_fill_color":"DDEEF6","profile_text_color":"333333","profile_use_background_image":true,"has_extended_profile":true,"default_profile":true,"default_profile_image":false,"following":false,"follow_request_sent":false,"notifications":false,"translator_type":"none"},"geo":null,"coordinates":null,"place":null,"contributors":null,"is_quote_status":false,"retweet_count":2,"favorite_count":1,"favorited":false,"retweeted":false,"lang":"en"}
