{"created_at":"Thu Jan 12 08:13:03 +0000 2017","id":819457148744847360,"id_str":"819457148744847360","text":"@jimi_aoma I\u2019m literally playing it right now as I type this. What did you think of it?","truncated":false,"entities":{"hashtags":[],"symbols":[],"user_mentions":[{"screen_name":"jimi_aoma","name":"Jimi \u6148\u5f25","id":14300317,"id_str":"14300317","indices":[0,10]}],"urls":[]},"source":"\u003ca href=\"https:\/\/about.twitter.com\/products\/tweetdeck\" rel=\"nofollow\"\u003eTweetDeck\u003c\/a\u003e","in_reply_to_status_id":819456889532485632,"in_reply_to_status_id_str":"819456889532485632","in_reply_to_user_id":14300317,"in_reply_to_user_id_str":"14300317","in_reply_to_screen_name":"jimi_aoma","user":{"id":95742665,"id_str":"95742665","name":"Ham@FFXV","screen_name":"hamsenpai","location":"Virginia, USA || 22\/\u2642","description":"ding, dong, bell. pussy's in the well. \u300c\u3055\u3088\u306a\u3089\u305b\u304b\u3044\u3001\u3055\u3088\u306a\u3089\u304d\u3087\u3046\u3060\u3044\u300d","url":null,"entities":{"description":{"urls":[]}},"protected":false,"followers_count":350,"friends_count":440,"listed_count":15,"created_at":"Wed Dec 09 22:01:54 +0000 2009","favourites_count":1653,"utc_offset":-18000,"time_zone":"Eastern Time (US & Canada)","geo_enabled":false,"verified":false,"statuses_count":174450,"lang":"en","contributors_enabled":false,"is_translator":false,"is_translation_enabled":false,"profile_background_color":"C0DEED","profile_background_image_url":"http:\/\/pbs.twimg.com\/profile_background_images\/440360012557217792\/0tS8Pqnw.jpeg","profile_background_image_url_https":"https:\/\/pbs.twimg.com\/profile_background_images\/440360012557217792\/0tS8Pqnw.jpeg","profile_background_tile":true,"profile_image_url":"http:\/\/pbs.twimg.com\/profile_images\/813688882248216576\/FsDXZmu0_normal.jpg","profile_image_url_https":"https:\/\/pbs.twimg.com\/profile_images\/813688882248216576\/FsDXZmu0_normal.jpg","profile_banner_url":"https:\/\/pbs.twimg.com\/profile_banners\/95742665\/1482963273","profile_link_color":"1B95E0","profile_sidebar_border_color":"FFFFFF","profile_sidebar_fill_color":"DDEEF6","profile_text_color":"333333","profile_use_background_image":true,"has_extended_profile":true,"default_profile":false,"default_profile_image":false,"following":false,"follow_request_sent":false,"notifications":false,"translator_type":"none"},"geo":null,"coordinates":null,"place":null,"contributors":null,"is_quote_status":false,"retweet_count":0,"favorite_count":0,"favorited":false,"retweeted":false,"lang":"en"}
