{"created_at":"Thu Jan 12 08:13:03 +0000 2017","id":819457149025849344,"id_str":"819457149025849344","text":"i want food \ud83d\ude29","truncated":false,"entities":{"hashtags":[],"symbols":[],"user_mentions":[],"urls":[]},"source":"\u003ca href=\"http:\/\/twitter.com\/download\/iphone\" rel=\"nofollow\"\u003eTwitter for iPhone\u003c\/a\u003e","in_reply_to_status_id":null,"in_reply_to_status_id_str":null,"in_reply_to_user_id":null,"in_reply_to_user_id_str":null,"in_reply_to_screen_name":null,"user":{"id":1473718064,"id_str":"1473718064","name":"Dai \ud83c\udf38\ud83d\udc9b","screen_name":"davianna_woods","location":"","description":"\u2022 Sista K . \ud83d\udc6f ' @MykesaJ \u2022","url":null,"entities":{"description":{"urls":[]}},"protected":false,"followers_count":1449,"friends_count":1175,"listed_count":4,"created_at":"Sat Jun 01 03:44:14 +0000 2013","favourites_count":106,"utc_offset":-28800,"time_zone":"Pacific Time (US & Canada)","geo_enabled":true,"verified":false,"statuses_count":211,"lang":"en","contributors_enabled":false,"is_translator":false,"is_translation_enabled":false,"profile_background_color":"C0DEED","profile_background_image_url":"http:\/\/abs.twimg.com\/images\/themes\/theme1\/bg.png","profile_background_image_url_https":"https:\/\/abs.twimg.com\/images\/themes\/theme1\/bg.png","profile_background_tile":false,"profile_image_url":"http:\/\/pbs.twimg.com\/profile_images\/820450819988455424\/z0zl1JcN_normal.jpg","profile_image_url_https":"https:\/\/pbs.twimg.com\/profile_images\/820450819988455424\/z0zl1JcN_normal.jpg","profile_banner_url":"https:\/\/pbs.twimg.com\/profile_banners\/1473718064\/1483919085","profile_link_color":"7FDBB6","profile_sidebar_border_color":"C0DEED","profile_sidebar_fill_color":"DDEEF6","profile_text_color":"333333","profile_use_background_image":true,"has_extended_profile":false,"default_profile":false,"default_profile_image":false,"following":false,"follow_request_sent":false,"notifications":false,"translator_type":"none"},"geo":null,"coordinates":null,"place":null,"contributors":null,"is_quote_status":false,"retweet_count":0,"favorite_count":3,"favorited":false,"retweeted":false,"lang":"en"}
