{"created_at":"Thu Jan 12 08:13:02 +0000 2017","id":819457144235794433,"id_str":"819457144235794433","text":"@jakads pretty sure it's been like that even before I started playing LOL\n\nof course I meant for mania","truncated":false,"entities":{"hashtags":[],"symbols":[],"user_mentions":[{"screen_name":"jakads","name":"CHEXY NEW YEAR","id":1707310746,"id_str":"1707310746","indices":[0,7]}],"urls":[]},"source":"\u003ca href=\"http:\/\/twitter.com\/download\/android\" rel=\"nofollow\"\u003eTwitter for Android\u003c\/a\u003e","in_reply_to_status_id":819456890388115456,"in_reply_to_status_id_str":"819456890388115456","in_reply_to_user_id":1707310746,"in_reply_to_user_id_str":"1707310746","in_reply_to_screen_name":"jakads","user":{"id":105671813,"id_str":"105671813","name":"(\u00b4\u30fb\u25e1\u30fb\uff40\ud83c\udf38)","screen_name":"wtfgyaong","location":"","description":"\u9396\u90a3\u3055\u3093\u3068\u3086\u3044\u3053\u3093\u306c\u3055\u3093\u5927\u597d\u304d\u30fc\uff01 @Kurakii_ is a nice giraffe","url":"https:\/\/t.co\/KrKV2DI3c7","entities":{"url":{"urls":[{"url":"https:\/\/t.co\/KrKV2DI3c7","expanded_url":"http:\/\/osu.ppy.sh\/u\/6679493","display_url":"osu.ppy.sh\/u\/6679493","indices":[0,23]}]},"description":{"urls":[]}},"protected":false,"followers_count":350,"friends_count":697,"listed_count":8,"created_at":"Sun Jan 17 03:14:15 +0000 2010","favourites_count":91078,"utc_offset":39600,"time_zone":"Sydney","geo_enabled":false,"verified":false,"statuses_count":45665,"lang":"en","contributors_enabled":false,"is_translator":false,"is_translation_enabled":false,"profile_background_color":"C0DEED","profile_background_image_url":"http:\/\/abs.twimg.com\/images\/themes\/theme1\/bg.png","profile_background_image_url_https":"https:\/\/abs.twimg.com\/images\/themes\/theme1\/bg.png","profile_background_tile":false,"profile_image_url":"http:\/\/pbs.twimg.com\/profile_images\/805895811439599616\/stSwRtn3_normal.jpg","profile_image_url_https":"https:\/\/pbs.twimg.com\/profile_images\/805895811439599616\/stSwRtn3_normal.jpg","profile_link_color":"1DA1F2","profile_sidebar_border_color":"C0DEED","profile_sidebar_fill_color":"DDEEF6","profile_text_color":"333333","profile_use_background_image":true,"has_extended_profile":true,"default_profile":true,"default_profile_image":false,"following":false,"follow_request_sent":false,"notifications":false,"translator_type":"none"},"geo":null,"coordinates":null,"place":null,"contributors":null,"is_quote_status":false,"retweet_count":0,"favorite_count":0,"favorited":false,"retweeted":false,"lang":"en"}
