{"created_at":"Thu Jan 12 08:13:04 +0000 2017","id":819457152955912192,"id_str":"819457152955912192","text":"I liked a @YouTube video from @clevvertv https:\/\/t.co\/kS4w32j48K WHEN WILL LILY &amp; JOSLYN DATE? Q&amp;A (Beauty Break)","truncated":false,"entities":{"hashtags":[],"symbols":[],"user_mentions":[{"screen_name":"YouTube","name":"YouTube","id":10228272,"id_str":"10228272","indices":[10,18]},{"screen_name":"ClevverTV","name":"ClevverTV","id":31516515,"id_str":"31516515","indices":[30,40]}],"urls":[{"url":"https:\/\/t.co\/kS4w32j48K","expanded_url":"http:\/\/youtu.be\/Oo7fplucZDg?a","display_url":"youtu.be\/Oo7fplucZDg?a","indices":[41,64]}]},"source":"\u003ca href=\"http:\/\/www.google.com\/\" rel=\"nofollow\"\u003eGoogle\u003c\/a\u003e","in_reply_to_status_id":null,"in_reply_to_status_id_str":null,"in_reply_to_user_id":null,"in_reply_to_user_id_str":null,"in_reply_to_screen_name":null,"user":{"id":18240915,"id_str":"18240915","name":"Curtis","screen_name":"CurtisRJr","location":"Jacksonville, Ar","description":"Giant nerd, in all ways.","url":"http:\/\/t.co\/adD1bsZ0iZ","entities":{"url":{"urls":[{"url":"http:\/\/t.co\/adD1bsZ0iZ","expanded_url":"http:\/\/www.facebook.com\/profile.php?id=501821041","display_url":"facebook.com\/profile.php?id\u2026","indices":[0,22]}]},"description":{"urls":[]}},"protected":false,"followers_count":187,"friends_count":687,"listed_count":7,"created_at":"Fri Dec 19 12:50:39 +0000 2008","favourites_count":1630,"utc_offset":-25200,"time_zone":"Mountain Time (US & Canada)","geo_enabled":true,"verified":false,"statuses_count":6045,"lang":"en","contributors_enabled":false,"is_translator":false,"is_translation_enabled":false,"profile_background_color":"131516","profile_background_image_url":"http:\/\/pbs.twimg.com\/profile_background_images\/378800000024296243\/1e9ea537c4724a7369137487cf801aa9.jpeg","profile_background_image_url_https":"https:\/\/pbs.twimg.com\/profile_background_images\/378800000024296243\/1e9ea537c4724a7369137487cf801aa9.jpeg","profile_background_tile":true,"profile_image_url":"http:\/\/pbs.twimg.com\/profile_images\/378800000714071438\/7f52386c75b1180381693987852acf4a_normal.jpeg","profile_image_url_https":"https:\/\/pbs.twimg.com\/profile_images\/378800000714071438\/7f52386c75b1180381693987852acf4a_normal.jpeg","profile_banner_url":"https:\/\/pbs.twimg.com\/profile_banners\/18240915\/1459148490","profile_link_color":"363E1D","profile_sidebar_border_color":"000000","profile_sidebar_fill_color":"EFEFEF","profile_text_color":"333333","profile_use_background_image":true,"has_extended_profile":true,"default_profile":false,"default_profile_image":false,"following":false,"follow_request_sent":false,"notifications":false,"translator_type":"none"},"geo":null,"coordinates":null,"place":null,"contributors":null,"is_quote_status":false,"retweet_count":0,"favorite_count":0,"favorited":false,"retweeted":false,"possibly_sensitive":false,"possibly_sensitive_appealable":false,"lang":"en"}
