{"created_at":"Thu Jan 12 08:13:04 +0000 2017","id":819457153257746432,"id_str":"819457153257746432","text":"Them boys don't like me but I know they'll never turn up","truncated":false,"entities":{"hashtags":[],"symbols":[],"user_mentions":[],"urls":[]},"source":"\u003ca href=\"http:\/\/twitter.com\/download\/iphone\" rel=\"nofollow\"\u003eTwitter for iPhone\u003c\/a\u003e","in_reply_to_status_id":null,"in_reply_to_status_id_str":null,"in_reply_to_user_id":null,"in_reply_to_user_id_str":null,"in_reply_to_screen_name":null,"user":{"id":528105259,"id_str":"528105259","name":"quinnton","screen_name":"quinnton25","location":"issa-luau, california","description":"","url":"https:\/\/t.co\/HaIlMRTEVI","entities":{"url":{"urls":[{"url":"https:\/\/t.co\/HaIlMRTEVI","expanded_url":"http:\/\/www.darksideofthemoon.earth","display_url":"darksideofthemoon.earth","indices":[0,23]}]},"description":{"urls":[]}},"protected":false,"followers_count":473,"friends_count":70,"listed_count":4,"created_at":"Sun Mar 18 03:31:14 +0000 2012","favourites_count":14118,"utc_offset":-25200,"time_zone":"Arizona","geo_enabled":true,"verified":false,"statuses_count":86992,"lang":"en","contributors_enabled":false,"is_translator":false,"is_translation_enabled":false,"profile_background_color":"DBE9ED","profile_background_image_url":"http:\/\/pbs.twimg.com\/profile_background_images\/568347988\/eaiupcsifpi4buodd2mq.png","profile_background_image_url_https":"https:\/\/pbs.twimg.com\/profile_background_images\/568347988\/eaiupcsifpi4buodd2mq.png","profile_background_tile":false,"profile_image_url":"http:\/\/pbs.twimg.com\/profile_images\/819948206729478145\/HkyreqBF_normal.jpg","profile_image_url_https":"https:\/\/pbs.twimg.com\/profile_images\/819948206729478145\/HkyreqBF_normal.jpg","profile_banner_url":"https:\/\/pbs.twimg.com\/profile_banners\/528105259\/1484345784","profile_link_color":"CC3366","profile_sidebar_border_color":"C0DEED","profile_sidebar_fill_color":"DDEEF6","profile_text_color":"333333","profile_use_background_image":true,"has_extended_profile":true,"default_profile":false,"default_profile_image":false,"following":false,"follow_request_sent":false,"notifications":false,"translator_type":"none"},"geo":null,"coordinates":null,"place":null,"contributors":null,"is_quote_status":false,"retweet_count":0,"favorite_count":0,"favorited":false,"retweeted":false,"lang":"en"}
