{"created_at":"Thu Jan 12 08:13:02 +0000 2017","id":819457142272954368,"id_str":"819457142272954368","text":"I don't like this \ud83d\ude11 we might as well fuck https:\/\/t.co\/OfJkehJrJB","truncated":false,"entities":{"hashtags":[],"symbols":[],"user_mentions":[],"urls":[{"url":"https:\/\/t.co\/OfJkehJrJB","expanded_url":"https:\/\/twitter.com\/baefromtexas\/status\/748264146953609216","display_url":"twitter.com\/baefromtexas\/s\u2026","indices":[42,65]}]},"source":"\u003ca href=\"http:\/\/twitter.com\/download\/iphone\" rel=\"nofollow\"\u003eTwitter for iPhone\u003c\/a\u003e","in_reply_to_status_id":null,"in_reply_to_status_id_str":null,"in_reply_to_user_id":null,"in_reply_to_user_id_str":null,"in_reply_to_screen_name":null,"user":{"id":556078179,"id_str":"556078179","name":"Jan.17th \ud83d\udcaa\ud83c\udfff","screen_name":"AintuBiscuit","location":"Nashville, TN ","description":"","url":null,"entities":{"description":{"urls":[]}},"protected":false,"followers_count":931,"friends_count":989,"listed_count":2,"created_at":"Tue Apr 17 14:07:26 +0000 2012","favourites_count":5227,"utc_offset":-36000,"time_zone":"Hawaii","geo_enabled":false,"verified":false,"statuses_count":24413,"lang":"en","contributors_enabled":false,"is_translator":false,"is_translation_enabled":false,"profile_background_color":"C0DEED","profile_background_image_url":"http:\/\/pbs.twimg.com\/profile_background_images\/662429217\/15mievg2i8iibjeo2b4k.png","profile_background_image_url_https":"https:\/\/pbs.twimg.com\/profile_background_images\/662429217\/15mievg2i8iibjeo2b4k.png","profile_background_tile":true,"profile_image_url":"http:\/\/pbs.twimg.com\/profile_images\/819751065667170304\/OUog-CpH_normal.jpg","profile_image_url_https":"https:\/\/pbs.twimg.com\/profile_images\/819751065667170304\/OUog-CpH_normal.jpg","profile_banner_url":"https:\/\/pbs.twimg.com\/profile_banners\/556078179\/1479787313","profile_link_color":"0084B4","profile_sidebar_border_color":"FFFFFF","profile_sidebar_fill_color":"DDEEF6","profile_text_color":"333333","profile_use_background_image":true,"has_extended_profile":true,"default_profile":false,"default_profile_image":false,"following":false,"follow_request_sent":false,"notifications":false,"translator_type":"none"},"geo":null,"coordinates":null,"place":null,"contributors":null,"is_quote_status":true,"quoted_status_id":748264146953609216,"quoted_status_id_str":"748264146953609216","quoted_status":{"created_at":"Wed Jun 29 21:17:29 +0000 2016","id":748264146953609216,"id_str":"748264146953609216","text":"Next nigga that treats me right is getting daddy dances like this \ud83d\ude42 https:\/\/t.co\/lqDdElxAtf","truncated":false,"entities":{"hashtags":[],"symbols":[],"user_mentions":[],"urls":[],"media":[{"id":746866923174924288,"id_str":"746866923174924288","indices":[68,91],"media_url":"http:\/\/pbs.twimg.com\/ext_tw_video_thumb\/746866923174924288\/pu\/img\/TDg34J_B8keU23M_.jpg","media_url_https":"https:\/\/pbs.twimg.com\/ext_tw_video_thumb\/746866923174924288\/pu\/img\/TDg34J_B8keU23M_.jpg","url":"https:\/\/t.co\/lqDdElxAtf","display_url":"pic.twitter.com\/lqDdElxAtf","expanded_url":"https:\/\/twitter.com\/ZigZagSwag\/status\/746867490240638977\/video\/1","type":"photo","sizes":{"thumb":{"w":150,"h":150,"resize":"crop"},"medium":{"w":600,"h":338,"resize":"fit"},"small":{"w":340,"h":191,"resize":"fit"},"large":{"w":1024,"h":576,"resize":"fit"}},"source_status_id":746867490240638977,"source_status_id_str":"746867490240638977","source_user_id":307758523,"source_user_id_str":"307758523"}]},"extended_entities":{"media":[{"id":746866923174924288,"id_str":"746866923174924288","indices":[68,91],"media_url":"http:\/\/pbs.twimg.com\/ext_tw_video_thumb\/746866923174924288\/pu\/img\/TDg34J_B8keU23M_.jpg","media_url_https":"https:\/\/pbs.twimg.com\/ext_tw_video_thumb\/746866923174924288\/pu\/img\/TDg34J_B8keU23M_.jpg","url":"https:\/\/t.co\/lqDdElxAtf","display_url":"pic.twitter.com\/lqDdElxAtf","expanded_url":"https:\/\/twitter.com\/ZigZagSwag\/status\/746867490240638977\/video\/1","type":"video","sizes":{"thumb":{"w":150,"h":150,"resize":"crop"},"medium":{"w":600,"h":338,"resize":"fit"},"small":{"w":340,"h":191,"resize":"fit"},"large":{"w":1024,"h":576,"resize":"fit"}},"source_status_id":746867490240638977,"source_status_id_str":"746867490240638977","source_user_id":307758523,"source_user_id_str":"307758523","video_info":{"aspect_ratio":[16,9],"duration_millis":100767,"variants":[{"bitrate":832000,"content_type":"video\/mp4","url":"https:\/\/video.twimg.com\/ext_tw_video\/746866923174924288\/pu\/vid\/640x360\/N65QmNs_c6DGn-YE.mp4"},{"content_type":"application\/x-mpegURL","url":"https:\/\/video.twimg.com\/ext_tw_video\/746866923174924288\/pu\/pl\/udDkXLVb9_YOpGvk.m3u8"},{"bitrate":2176000,"content_type":"video\/mp4","url":"https:\/\/video.twimg.com\/ext_tw_video\/746866923174924288\/pu\/vid\/1280x720\/XOhwktsw1F3Q7x4E.mp4"},{"content_type":"application\/dash+xml","url":"https:\/\/video.twimg.com\/ext_tw_video\/746866923174924288\/pu\/pl\/udDkXLVb9_YOpGvk.mpd"},{"bitrate":320000,"content_type":"video\/mp4","url":"https:\/\/video.twimg.com\/ext_tw_video\/746866923174924288\/pu\/vid\/320x180\/PozhvSa0MRFPMbcF.mp4"}]},"additional_media_info":{"monetizable":false,"source_user":{"id":307758523,"id_str":"307758523","name":"\u303d\ufe0f ZiG\u26a1\ufe0f","screen_name":"ZigZagSwag","location":"Atlanta, GA","description":"22 I like Nutella & Rap Music | RMA\u2624\/ HHA | Aspiring Nurse Practitioner | RIP James | #BlackLivesMatter #PrayForSyria","url":"https:\/\/t.co\/q77MGIaTmv","entities":{"url":{"urls":[{"url":"https:\/\/t.co\/q77MGIaTmv","expanded_url":"http:\/\/almightyzig.tumblr.com","display_url":"almightyzig.tumblr.com","indices":[0,23]}]},"description":{"urls":[]}},"protected":false,"followers_count":374143,"friends_count":257431,"listed_count":503,"created_at":"Mon May 30 07:19:39 +0000 2011","favourites_count":1204,"utc_offset":-18000,"time_zone":"Eastern Time (US & Canada)","geo_enabled":true,"verified":false,"statuses_count":62507,"lang":"en","contributors_enabled":false,"is_translator":false,"is_translation_enabled":false,"profile_background_color":"131516","profile_background_image_url":"http:\/\/pbs.twimg.com\/profile_background_images\/437802467292499968\/mX54Wbmy.jpeg","profile_background_image_url_https":"https:\/\/pbs.twimg.com\/profile_background_images\/437802467292499968\/mX54Wbmy.jpeg","profile_background_tile":true,"profile_image_url":"http:\/\/pbs.twimg.com\/profile_images\/815086816516861952\/zZwpVVwL_normal.jpg","profile_image_url_https":"https:\/\/pbs.twimg.com\/profile_images\/815086816516861952\/zZwpVVwL_normal.jpg","profile_banner_url":"https:\/\/pbs.twimg.com\/profile_banners\/307758523\/1480493919","profile_link_color":"8A0808","profile_sidebar_border_color":"FFFFFF","profile_sidebar_fill_color":"EFEFEF","profile_text_color":"333333","profile_use_background_image":true,"has_extended_profile":true,"default_profile":false,"default_profile_image":false,"following":false,"follow_request_sent":false,"notifications":false,"translator_type":"regular"}}}]},"source":"\u003ca href=\"http:\/\/twitter.com\/download\/iphone\" rel=\"nofollow\"\u003eTwitter for iPhone\u003c\/a\u003e","in_reply_to_status_id":null,"in_reply_to_status_id_str":null,"in_reply_to_user_id":null,"in_reply_to_user_id_str":null,"in_reply_to_screen_name":null,"user":{"id":756121404,"id_str":"756121404","name":"made in texas","screen_name":"baefromtexas","location":"Dallas, TX","description":"Submit all side nigga applications to my DM.","url":null,"entities":{"description":{"urls":[]}},"protected":false,"followers_count":47098,"friends_count":12078,"listed_count":204,"created_at":"Tue Aug 14 00:33:58 +0000 2012","favourites_count":31195,"utc_offset":-21600,"time_zone":"Central Time (US & Canada)","geo_enabled":true,"verified":false,"statuses_count":203083,"lang":"en","contributors_enabled":false,"is_translator":false,"is_translation_enabled":false,"profile_background_color":"131516","profile_background_image_url":"http:\/\/pbs.twimg.com\/profile_background_images\/737699492\/ef063ea4f323d33a1df5b4d453628e03.png","profile_background_image_url_https":"https:\/\/pbs.twimg.com\/profile_background_images\/737699492\/ef063ea4f323d33a1df5b4d453628e03.png","profile_background_tile":false,"profile_image_url":"http:\/\/pbs.twimg.com\/profile_images\/811219468680564736\/O2Pk3tnF_normal.jpg","profile_image_url_https":"https:\/\/pbs.twimg.com\/profile_images\/811219468680564736\/O2Pk3tnF_normal.jpg","profile_banner_url":"https:\/\/pbs.twimg.com\/profile_banners\/756121404\/1481268679","profile_link_color":"F58EA8","profile_sidebar_border_color":"C1402F","profile_sidebar_fill_color":"96163D","profile_text_color":"650A3A","profile_use_background_image":false,"has_extended_profile":true,"default_profile":false,"default_profile_image":false,"following":false,"follow_request_sent":false,"notifications":false,"translator_type":"none"},"geo":null,"coordinates":null,"place":null,"contributors":null,"is_quote_status":false,"retweet_count":9823,"favorite_count":15006,"favorited":false,"retweeted":false,"possibly_sensitive":false,"possibly_sensitive_appealable":false,"lang":"en"},"retweet_count":0,"favorite_count":0,"favorited":false,"retweeted":false,"possibly_sensitive":false,"possibly_sensitive_appealable":false,"lang":"en"}
