{"created_at":"Thu Jan 12 08:13:05 +0000 2017","id":819457154570547200,"id_str":"819457154570547200","text":"We at the highest level, yeah i know you feel me Im at the dealership like whats the dealy?","truncated":false,"entities":{"hashtags":[],"symbols":[],"user_mentions":[],"urls":[]},"source":"\u003ca href=\"http:\/\/twitter.com\/download\/iphone\" rel=\"nofollow\"\u003eTwitter for iPhone\u003c\/a\u003e","in_reply_to_status_id":null,"in_reply_to_status_id_str":null,"in_reply_to_user_id":null,"in_reply_to_user_id_str":null,"in_reply_to_screen_name":null,"user":{"id":2413471435,"id_str":"2413471435","name":"J\ud83c\udf38","screen_name":"Simplllyjessica","location":"Ontario, CA","description":"i love summer, i love wearing a bikini 25\/8","url":null,"entities":{"description":{"urls":[]}},"protected":false,"followers_count":510,"friends_count":477,"listed_count":0,"created_at":"Thu Mar 27 01:59:45 +0000 2014","favourites_count":3665,"utc_offset":-25200,"time_zone":"Arizona","geo_enabled":true,"verified":false,"statuses_count":6827,"lang":"en","contributors_enabled":false,"is_translator":false,"is_translation_enabled":false,"profile_background_color":"642D8B","profile_background_image_url":"http:\/\/abs.twimg.com\/images\/themes\/theme10\/bg.gif","profile_background_image_url_https":"https:\/\/abs.twimg.com\/images\/themes\/theme10\/bg.gif","profile_background_tile":true,"profile_image_url":"http:\/\/pbs.twimg.com\/profile_images\/819801257908965376\/v37PsNzj_normal.jpg","profile_image_url_https":"https:\/\/pbs.twimg.com\/profile_images\/819801257908965376\/v37PsNzj_normal.jpg","profile_banner_url":"https:\/\/pbs.twimg.com\/profile_banners\/2413471435\/1483420764","profile_link_color":"9266CC","profile_sidebar_border_color":"65B0DA","profile_sidebar_fill_color":"7AC3EE","profile_text_color":"3D1957","profile_use_background_image":true,"has_extended_profile":true,"default_profile":false,"default_profile_image":false,"following":false,"follow_request_sent":false,"notifications":false,"translator_type":"none"},"geo":null,"coordinates":null,"place":{"id":"f977ef0a4904c1e1","url":"https:\/\/api.twitter.com\/1.1\/geo\/id\/f977ef0a4904c1e1.json","place_type":"city","name":"Chowchilla","full_name":"Chowchilla, CA","country_code":"US","country":"United States","contained_within":[],"bounding_box":{"type":"Polygon","coordinates":[[[-120.285778,37.10035],[-120.220121,37.10035],[-120.220121,37.129769],[-120.285778,37.129769]]]},"attributes":{}},"contributors":null,"is_quote_status":false,"retweet_count":0,"favorite_count":0,"favorited":false,"retweeted":false,"lang":"en"}
