{"created_at":"Thu Jan 12 08:13:04 +0000 2017","id":819457151752081409,"id_str":"819457151752081409","text":"@DailyMonitor I think jammeh is runing mad","truncated":false,"entities":{"hashtags":[],"symbols":[],"user_mentions":[{"screen_name":"DailyMonitor","name":"Daily Monitor","id":35697740,"id_str":"35697740","indices":[0,13]}],"urls":[]},"source":"\u003ca href=\"http:\/\/twitter.com\/download\/android\" rel=\"nofollow\"\u003eTwitter for Android\u003c\/a\u003e","in_reply_to_status_id":819455712451563520,"in_reply_to_status_id_str":"819455712451563520","in_reply_to_user_id":35697740,"in_reply_to_user_id_str":"35697740","in_reply_to_screen_name":"DailyMonitor","user":{"id":818875376642457600,"id_str":"818875376642457600","name":"Kaddu","screen_name":"kaddu40","location":"Kampala, Uganda","description":"Being Arsenal fan","url":null,"entities":{"description":{"urls":[]}},"protected":false,"followers_count":31,"friends_count":118,"listed_count":0,"created_at":"Tue Jan 10 17:41:18 +0000 2017","favourites_count":145,"utc_offset":null,"time_zone":null,"geo_enabled":false,"verified":false,"statuses_count":33,"lang":"en","contributors_enabled":false,"is_translator":false,"is_translation_enabled":false,"profile_background_color":"F5F8FA","profile_background_image_url":null,"profile_background_image_url_https":null,"profile_background_tile":false,"profile_image_url":"http:\/\/pbs.twimg.com\/profile_images\/818881331442679811\/H9clJfhT_normal.jpg","profile_image_url_https":"https:\/\/pbs.twimg.com\/profile_images\/818881331442679811\/H9clJfhT_normal.jpg","profile_link_color":"1DA1F2","profile_sidebar_border_color":"C0DEED","profile_sidebar_fill_color":"DDEEF6","profile_text_color":"333333","profile_use_background_image":true,"has_extended_profile":true,"default_profile":true,"default_profile_image":false,"following":false,"follow_request_sent":false,"notifications":false,"translator_type":"none"},"geo":null,"coordinates":null,"place":null,"contributors":null,"is_quote_status":false,"retweet_count":0,"favorite_count":0,"favorited":false,"retweeted":false,"lang":"en"}
