{"created_at":"Thu Jan 12 08:13:04 +0000 2017","id":819457150732771328,"id_str":"819457150732771328","text":"it sucks that I always have to be the first one to say \"I miss you\"","truncated":false,"entities":{"hashtags":[],"symbols":[],"user_mentions":[],"urls":[]},"source":"\u003ca href=\"http:\/\/twitter.com\/download\/iphone\" rel=\"nofollow\"\u003eTwitter for iPhone\u003c\/a\u003e","in_reply_to_status_id":null,"in_reply_to_status_id_str":null,"in_reply_to_user_id":null,"in_reply_to_user_id_str":null,"in_reply_to_screen_name":null,"user":{"id":1198365608,"id_str":"1198365608","name":"madi(son) francis \u263c","screen_name":"madi_149","location":"SD ","description":"live laugh love (; thicc thighs save lives (; I live a good life ((: university of new mexico class of 20","url":null,"entities":{"description":{"urls":[]}},"protected":false,"followers_count":676,"friends_count":960,"listed_count":1,"created_at":"Tue Feb 19 19:09:04 +0000 2013","favourites_count":42621,"utc_offset":-28800,"time_zone":"Pacific Time (US & Canada)","geo_enabled":true,"verified":false,"statuses_count":15890,"lang":"en","contributors_enabled":false,"is_translator":false,"is_translation_enabled":false,"profile_background_color":"C0DEED","profile_background_image_url":"http:\/\/abs.twimg.com\/images\/themes\/theme1\/bg.png","profile_background_image_url_https":"https:\/\/abs.twimg.com\/images\/themes\/theme1\/bg.png","profile_background_tile":false,"profile_image_url":"http:\/\/pbs.twimg.com\/profile_images\/819116681062531072\/hNqgtkyL_normal.jpg","profile_image_url_https":"https:\/\/pbs.twimg.com\/profile_images\/819116681062531072\/hNqgtkyL_normal.jpg","profile_banner_url":"https:\/\/pbs.twimg.com\/profile_banners\/1198365608\/1478208210","profile_link_color":"1DA1F2","profile_sidebar_border_color":"C0DEED","profile_sidebar_fill_color":"DDEEF6","profile_text_color":"333333","profile_use_background_image":true,"has_extended_profile":true,"default_profile":true,"default_profile_image":false,"following":false,"follow_request_sent":false,"notifications":false,"translator_type":"none"},"geo":null,"coordinates":null,"place":{"id":"a592bd6ceb1319f7","url":"https:\/\/api.twitter.com\/1.1\/geo\/id\/a592bd6ceb1319f7.json","place_type":"city","name":"San Diego","full_name":"San Diego, CA","country_code":"US","country":"United States","contained_within":[],"bounding_box":{"type":"Polygon","coordinates":[[[-117.282538,32.53962],[-116.9274403,32.53962],[-116.9274403,33.0804044],[-117.282538,33.0804044]]]},"attributes":{}},"contributors":null,"is_quote_status":false,"retweet_count":0,"favorite_count":6,"favorited":false,"retweeted":false,"lang":"en"}
