{"created_at":"Thu Jan 12 08:13:02 +0000 2017","id":819457143686340608,"id_str":"819457143686340608","text":"@Callie_Ko aw idk why I thought Ballroom was airing in Spring but anyways Spring is gonna be SO GOOD and Summer too!!","truncated":false,"entities":{"hashtags":[],"symbols":[],"user_mentions":[{"screen_name":"Callie_Ko","name":"Callie","id":221280442,"id_str":"221280442","indices":[0,10]}],"urls":[]},"source":"\u003ca href=\"http:\/\/twitter.com\" rel=\"nofollow\"\u003eTwitter Web Client\u003c\/a\u003e","in_reply_to_status_id":819456631930916866,"in_reply_to_status_id_str":"819456631930916866","in_reply_to_user_id":221280442,"in_reply_to_user_id_str":"221280442","in_reply_to_screen_name":"Callie_Ko","user":{"id":221280442,"id_str":"221280442","name":"Callie","screen_name":"Callie_Ko","location":"Austin","description":"Anime Trash | Cosplayer | Professional Dog Enthusiast | Programmer","url":null,"entities":{"description":{"urls":[]}},"protected":false,"followers_count":330,"friends_count":403,"listed_count":7,"created_at":"Tue Nov 30 06:43:05 +0000 2010","favourites_count":11008,"utc_offset":-21600,"time_zone":"Central Time (US & Canada)","geo_enabled":false,"verified":false,"statuses_count":5463,"lang":"en","contributors_enabled":false,"is_translator":false,"is_translation_enabled":true,"profile_background_color":"709397","profile_background_image_url":"http:\/\/abs.twimg.com\/images\/themes\/theme6\/bg.gif","profile_background_image_url_https":"https:\/\/abs.twimg.com\/images\/themes\/theme6\/bg.gif","profile_background_tile":false,"profile_image_url":"http:\/\/pbs.twimg.com\/profile_images\/747599585770610688\/k3jrqTT6_normal.jpg","profile_image_url_https":"https:\/\/pbs.twimg.com\/profile_images\/747599585770610688\/k3jrqTT6_normal.jpg","profile_banner_url":"https:\/\/pbs.twimg.com\/profile_banners\/221280442\/1479879221","profile_link_color":"1B95E0","profile_sidebar_border_color":"86A4A6","profile_sidebar_fill_color":"A0C5C7","profile_text_color":"333333","profile_use_background_image":true,"has_extended_profile":true,"default_profile":false,"default_profile_image":false,"following":false,"follow_request_sent":false,"notifications":false,"translator_type":"regular"},"geo":null,"coordinates":null,"place":null,"contributors":null,"is_quote_status":false,"retweet_count":0,"favorite_count":1,"favorited":false,"retweeted":false,"lang":"en"}
