{"created_at":"Thu Jan 12 08:13:04 +0000 2017","id":819457153387745280,"id_str":"819457153387745280","text":"I think it's wrong that only one company makes the game Monopoly.","truncated":false,"entities":{"hashtags":[],"symbols":[],"user_mentions":[],"urls":[]},"source":"\u003ca href=\"https:\/\/mobile.twitter.com\" rel=\"nofollow\"\u003eMobile Web (M2)\u003c\/a\u003e","in_reply_to_status_id":null,"in_reply_to_status_id_str":null,"in_reply_to_user_id":null,"in_reply_to_user_id_str":null,"in_reply_to_screen_name":null,"user":{"id":2572268096,"id_str":"2572268096","name":"Rishabh Sharma","screen_name":"im_srishabh21","location":"On Your Timeline","description":"Biker \/ Gamer \/ Hashtagger \/ An Absolute Pet Lover \/ Perennially Hunger For Rajma Chaval. #FilmsInHotel","url":null,"entities":{"description":{"urls":[]}},"protected":false,"followers_count":966,"friends_count":346,"listed_count":22,"created_at":"Tue Jun 17 05:16:39 +0000 2014","favourites_count":18012,"utc_offset":19800,"time_zone":"New Delhi","geo_enabled":false,"verified":false,"statuses_count":35819,"lang":"en","contributors_enabled":false,"is_translator":false,"is_translation_enabled":false,"profile_background_color":"000000","profile_background_image_url":"http:\/\/abs.twimg.com\/images\/themes\/theme1\/bg.png","profile_background_image_url_https":"https:\/\/abs.twimg.com\/images\/themes\/theme1\/bg.png","profile_background_tile":false,"profile_image_url":"http:\/\/pbs.twimg.com\/profile_images\/687973579325968384\/AmQtpiEN_normal.jpg","profile_image_url_https":"https:\/\/pbs.twimg.com\/profile_images\/687973579325968384\/AmQtpiEN_normal.jpg","profile_banner_url":"https:\/\/pbs.twimg.com\/profile_banners\/2572268096\/1469006472","profile_link_color":"89C9FA","profile_sidebar_border_color":"000000","profile_sidebar_fill_color":"000000","profile_text_color":"000000","profile_use_background_image":false,"has_extended_profile":true,"default_profile":false,"default_profile_image":false,"following":false,"follow_request_sent":false,"notifications":false,"translator_type":"none"},"geo":null,"coordinates":null,"place":null,"contributors":null,"is_quote_status":false,"retweet_count":0,"favorite_count":0,"favorited":false,"retweeted":false,"lang":"en"}
