{"created_at":"Thu Jan 12 08:13:05 +0000 2017","id":819457157594841088,"id_str":"819457157594841088","text":"@Sonyuwu Suerteee","truncated":false,"entities":{"hashtags":[],"symbols":[],"user_mentions":[{"screen_name":"Sonyuwu","name":"Sony","id":812334549707407360,"id_str":"812334549707407360","indices":[0,8]}],"urls":[]},"source":"\u003ca href=\"http:\/\/twitter.com\/download\/android\" rel=\"nofollow\"\u003eTwitter for Android\u003c\/a\u003e","in_reply_to_status_id":819457079996022784,"in_reply_to_status_id_str":"819457079996022784","in_reply_to_user_id":812334549707407360,"in_reply_to_user_id_str":"812334549707407360","in_reply_to_screen_name":"Sonyuwu","user":{"id":2629451430,"id_str":"2629451430","name":"\u2728(I N U) T I L\u2728","screen_name":"_DarkWolfie","location":"Debajo de tu cama. (\u0361\u00b0 \u035c\u0296 \u0361\u00b0)","description":"Nai es mi nobia, s\u00ed.\ud83d\udc95Maykel\u2661 Juanma\u2661 Hierro Pu\u00f1o relindo\u2661 \u2601\ud83d\udcabMomentos \u00fanicos recuerdos inolvidables\ud83d\udcab\u2601 soy una chica joder \u007bRy\u00fb,Yukiko,Y\u00fbko waifus\u2661\u007d","url":null,"entities":{"description":{"urls":[]}},"protected":false,"followers_count":352,"friends_count":96,"listed_count":5,"created_at":"Sat Jul 12 19:59:05 +0000 2014","favourites_count":25959,"utc_offset":-28800,"time_zone":"Pacific Time (US & Canada)","geo_enabled":true,"verified":false,"statuses_count":24203,"lang":"es","contributors_enabled":false,"is_translator":false,"is_translation_enabled":false,"profile_background_color":"642D8B","profile_background_image_url":"http:\/\/pbs.twimg.com\/profile_background_images\/663125105761980421\/nhDNJ1Uv.jpg","profile_background_image_url_https":"https:\/\/pbs.twimg.com\/profile_background_images\/663125105761980421\/nhDNJ1Uv.jpg","profile_background_tile":true,"profile_image_url":"http:\/\/pbs.twimg.com\/profile_images\/820465517395902464\/ol-ea_jd_normal.jpg","profile_image_url_https":"https:\/\/pbs.twimg.com\/profile_images\/820465517395902464\/ol-ea_jd_normal.jpg","profile_banner_url":"https:\/\/pbs.twimg.com\/profile_banners\/2629451430\/1484248407","profile_link_color":"000000","profile_sidebar_border_color":"000000","profile_sidebar_fill_color":"000000","profile_text_color":"000000","profile_use_background_image":true,"has_extended_profile":true,"default_profile":false,"default_profile_image":false,"following":false,"follow_request_sent":false,"notifications":false,"translator_type":"none"},"geo":null,"coordinates":null,"place":null,"contributors":null,"is_quote_status":false,"retweet_count":1,"favorite_count":1,"favorited":false,"retweeted":false,"lang":"es"}
