{"created_at":"Thu Jan 12 08:13:04 +0000 2017","id":819457153366982656,"id_str":"819457153366982656","text":"I shouldna slept at my daddy house I be needing to smoke wen I want","truncated":false,"entities":{"hashtags":[],"symbols":[],"user_mentions":[],"urls":[]},"source":"\u003ca href=\"http:\/\/twitter.com\/download\/iphone\" rel=\"nofollow\"\u003eTwitter for iPhone\u003c\/a\u003e","in_reply_to_status_id":null,"in_reply_to_status_id_str":null,"in_reply_to_user_id":null,"in_reply_to_user_id_str":null,"in_reply_to_screen_name":null,"user":{"id":3312069054,"id_str":"3312069054","name":"Tito","screen_name":"harvey_tito","location":"","description":"Neworleans \u2708\ufe0f Houston \ud83d\udcb0\ud83e\udd11\ud83d\udc79 free bro nem \ud83e\udd18\ud83c\udffc rest mom \ud83d\udc7c\ud83c\udffd","url":null,"entities":{"description":{"urls":[]}},"protected":false,"followers_count":568,"friends_count":533,"listed_count":5,"created_at":"Tue Aug 11 05:32:02 +0000 2015","favourites_count":6484,"utc_offset":null,"time_zone":null,"geo_enabled":true,"verified":false,"statuses_count":23796,"lang":"en","contributors_enabled":false,"is_translator":false,"is_translation_enabled":false,"profile_background_color":"C0DEED","profile_background_image_url":"http:\/\/abs.twimg.com\/images\/themes\/theme1\/bg.png","profile_background_image_url_https":"https:\/\/abs.twimg.com\/images\/themes\/theme1\/bg.png","profile_background_tile":false,"profile_image_url":"http:\/\/pbs.twimg.com\/profile_images\/803461159198171136\/4T0fJUxg_normal.jpg","profile_image_url_https":"https:\/\/pbs.twimg.com\/profile_images\/803461159198171136\/4T0fJUxg_normal.jpg","profile_banner_url":"https:\/\/pbs.twimg.com\/profile_banners\/3312069054\/1480395203","profile_link_color":"1DA1F2","profile_sidebar_border_color":"C0DEED","profile_sidebar_fill_color":"DDEEF6","profile_text_color":"333333","profile_use_background_image":true,"has_extended_profile":true,"default_profile":true,"default_profile_image":false,"following":false,"follow_request_sent":false,"notifications":false,"translator_type":"none"},"geo":null,"coordinates":null,"place":null,"contributors":null,"is_quote_status":false,"retweet_count":0,"favorite_count":0,"favorited":false,"retweeted":false,"lang":"en"}
