{"created_at":"Thu Jan 12 08:13:06 +0000 2017","id":819457160677494784,"id_str":"819457160677494784","text":"I LOVE ALL MY FAVES BUT WHY DOES MY TASTE ACTUALLY KIND OF SUCK","truncated":false,"entities":{"hashtags":[],"symbols":[],"user_mentions":[],"urls":[]},"source":"\u003ca href=\"https:\/\/about.twitter.com\/products\/tweetdeck\" rel=\"nofollow\"\u003eTweetDeck\u003c\/a\u003e","in_reply_to_status_id":null,"in_reply_to_status_id_str":null,"in_reply_to_user_id":null,"in_reply_to_user_id_str":null,"in_reply_to_screen_name":null,"user":{"id":786435249370652672,"id_str":"786435249370652672","name":"\ud83d\ude08","screen_name":"tharja_ebooks","location":"icon cred @ amaya_mob","description":"(hiro\/wonder || they&them) --  \u2728\u2728 i'm the fell dragon your parents warned you about ||                   \u2764\ufe0f @hirnatoki \u2764\ufe0f || matching w @KAGEYAMARICCHAN","url":"https:\/\/t.co\/NmUg6MC2Ui","entities":{"url":{"urls":[{"url":"https:\/\/t.co\/NmUg6MC2Ui","expanded_url":"https:\/\/listography.com\/mogami","display_url":"listography.com\/mogami","indices":[0,23]}]},"description":{"urls":[]}},"protected":false,"followers_count":47,"friends_count":106,"listed_count":7,"created_at":"Thu Oct 13 05:15:49 +0000 2016","favourites_count":8740,"utc_offset":-28800,"time_zone":"Pacific Time (US & Canada)","geo_enabled":false,"verified":false,"statuses_count":18364,"lang":"en","contributors_enabled":false,"is_translator":false,"is_translation_enabled":false,"profile_background_color":"000000","profile_background_image_url":"http:\/\/abs.twimg.com\/images\/themes\/theme1\/bg.png","profile_background_image_url_https":"https:\/\/abs.twimg.com\/images\/themes\/theme1\/bg.png","profile_background_tile":false,"profile_image_url":"http:\/\/pbs.twimg.com\/profile_images\/820051439674212352\/KQ9A5R_2_normal.jpg","profile_image_url_https":"https:\/\/pbs.twimg.com\/profile_images\/820051439674212352\/KQ9A5R_2_normal.jpg","profile_banner_url":"https:\/\/pbs.twimg.com\/profile_banners\/786435249370652672\/1484382195","profile_link_color":"E81C4F","profile_sidebar_border_color":"000000","profile_sidebar_fill_color":"000000","profile_text_color":"000000","profile_use_background_image":false,"has_extended_profile":true,"default_profile":false,"default_profile_image":false,"following":false,"follow_request_sent":false,"notifications":false,"translator_type":"none"},"geo":null,"coordinates":null,"place":null,"contributors":null,"is_quote_status":false,"retweet_count":0,"favorite_count":0,"favorited":false,"retweeted":false,"lang":"en"}
