{"created_at":"Thu Jan 12 08:13:02 +0000 2017","id":819457145263439874,"id_str":"819457145263439874","text":"I'd be pretty dope if I woke up &amp; it was a snow day","truncated":false,"entities":{"hashtags":[],"symbols":[],"user_mentions":[],"urls":[]},"source":"\u003ca href=\"http:\/\/twitter.com\/download\/iphone\" rel=\"nofollow\"\u003eTwitter for iPhone\u003c\/a\u003e","in_reply_to_status_id":null,"in_reply_to_status_id_str":null,"in_reply_to_user_id":null,"in_reply_to_user_id_str":null,"in_reply_to_screen_name":null,"user":{"id":2473416696,"id_str":"2473416696","name":"Larissa\ud83d\udcab","screen_name":"lalarisst","location":"Boise, ID","description":"do whatever makes you happiest \/ sc-larrisssaaa","url":"https:\/\/t.co\/G8b1AfHVw4","entities":{"url":{"urls":[{"url":"https:\/\/t.co\/G8b1AfHVw4","expanded_url":"http:\/\/larissaevelynphotography.pixieset.com","display_url":"larissaevelynphotography.pixieset.com","indices":[0,23]}]},"description":{"urls":[]}},"protected":false,"followers_count":1169,"friends_count":698,"listed_count":5,"created_at":"Fri May 02 04:05:44 +0000 2014","favourites_count":25863,"utc_offset":-21600,"time_zone":"Central Time (US & Canada)","geo_enabled":true,"verified":false,"statuses_count":10442,"lang":"en","contributors_enabled":false,"is_translator":false,"is_translation_enabled":false,"profile_background_color":"C0DEED","profile_background_image_url":"http:\/\/abs.twimg.com\/images\/themes\/theme1\/bg.png","profile_background_image_url_https":"https:\/\/abs.twimg.com\/images\/themes\/theme1\/bg.png","profile_background_tile":false,"profile_image_url":"http:\/\/pbs.twimg.com\/profile_images\/818208095532785664\/YHfei1DW_normal.jpg","profile_image_url_https":"https:\/\/pbs.twimg.com\/profile_images\/818208095532785664\/YHfei1DW_normal.jpg","profile_banner_url":"https:\/\/pbs.twimg.com\/profile_banners\/2473416696\/1484290765","profile_link_color":"1DA1F2","profile_sidebar_border_color":"C0DEED","profile_sidebar_fill_color":"DDEEF6","profile_text_color":"333333","profile_use_background_image":true,"has_extended_profile":true,"default_profile":true,"default_profile_image":false,"following":false,"follow_request_sent":false,"notifications":false,"translator_type":"none"},"geo":null,"coordinates":null,"place":null,"contributors":null,"is_quote_status":false,"retweet_count":0,"favorite_count":10,"favorited":false,"retweeted":false,"lang":"en"}
