{"created_at":"Thu Jan 12 08:13:06 +0000 2017","id":819457159066828802,"id_str":"819457159066828802","text":"i hate what i'm getting myself into","truncated":false,"entities":{"hashtags":[],"symbols":[],"user_mentions":[],"urls":[]},"source":"\u003ca href=\"http:\/\/twitter.com\/download\/iphone\" rel=\"nofollow\"\u003eTwitter for iPhone\u003c\/a\u003e","in_reply_to_status_id":null,"in_reply_to_status_id_str":null,"in_reply_to_user_id":null,"in_reply_to_user_id_str":null,"in_reply_to_screen_name":null,"user":{"id":2874576417,"id_str":"2874576417","name":"sandi-rose \ud83e\udd5e","screen_name":"sandihyphenrose","location":"bed","description":"always sad but always smiling, comedian in the making","url":"https:\/\/t.co\/jejAeUbThv","entities":{"url":{"urls":[{"url":"https:\/\/t.co\/jejAeUbThv","expanded_url":"https:\/\/curiouscat.me\/sandihyphenrose","display_url":"curiouscat.me\/sandihyphenrose","indices":[0,23]}]},"description":{"urls":[]}},"protected":false,"followers_count":399,"friends_count":406,"listed_count":8,"created_at":"Thu Nov 13 03:00:11 +0000 2014","favourites_count":12578,"utc_offset":null,"time_zone":null,"geo_enabled":true,"verified":false,"statuses_count":16313,"lang":"en","contributors_enabled":false,"is_translator":false,"is_translation_enabled":false,"profile_background_color":"C0DEED","profile_background_image_url":"http:\/\/abs.twimg.com\/images\/themes\/theme1\/bg.png","profile_background_image_url_https":"https:\/\/abs.twimg.com\/images\/themes\/theme1\/bg.png","profile_background_tile":false,"profile_image_url":"http:\/\/pbs.twimg.com\/profile_images\/811854774958071808\/AMU5L2Ux_normal.jpg","profile_image_url_https":"https:\/\/pbs.twimg.com\/profile_images\/811854774958071808\/AMU5L2Ux_normal.jpg","profile_banner_url":"https:\/\/pbs.twimg.com\/profile_banners\/2874576417\/1483440792","profile_link_color":"1DA1F2","profile_sidebar_border_color":"C0DEED","profile_sidebar_fill_color":"DDEEF6","profile_text_color":"333333","profile_use_background_image":true,"has_extended_profile":true,"default_profile":true,"default_profile_image":false,"following":false,"follow_request_sent":false,"notifications":false,"translator_type":"none"},"geo":null,"coordinates":null,"place":null,"contributors":null,"is_quote_status":false,"retweet_count":0,"favorite_count":1,"favorited":false,"retweeted":false,"lang":"en"}
