{"created_at":"Thu Jan 12 08:13:03 +0000 2017","id":819457147662573569,"id_str":"819457147662573569","text":"i'm shitting omg mata played jayce support two years ago?","truncated":false,"entities":{"hashtags":[],"symbols":[],"user_mentions":[],"urls":[]},"source":"\u003ca href=\"http:\/\/twitter.com\/download\/android\" rel=\"nofollow\"\u003eTwitter for Android\u003c\/a\u003e","in_reply_to_status_id":null,"in_reply_to_status_id_str":null,"in_reply_to_user_id":null,"in_reply_to_user_id_str":null,"in_reply_to_screen_name":null,"user":{"id":2823174242,"id_str":"2823174242","name":"bea","screen_name":"rphabets","location":"bea \u2022 21 \u2022 gmt+8 \u2022 eng\/fil","description":"mistakes are opportunities, you know \u2022 animanga + k-pop + league \u2022 @woohyunu is my namu","url":"https:\/\/t.co\/cPst1YwJ3m","entities":{"url":{"urls":[{"url":"https:\/\/t.co\/cPst1YwJ3m","expanded_url":"https:\/\/curiouscat.me\/hoseokkie","display_url":"curiouscat.me\/hoseokkie","indices":[0,23]}]},"description":{"urls":[]}},"protected":false,"followers_count":307,"friends_count":133,"listed_count":14,"created_at":"Sun Sep 21 02:00:44 +0000 2014","favourites_count":11,"utc_offset":28800,"time_zone":"Taipei","geo_enabled":true,"verified":false,"statuses_count":86447,"lang":"en","contributors_enabled":false,"is_translator":false,"is_translation_enabled":false,"profile_background_color":"C0DEED","profile_background_image_url":"http:\/\/pbs.twimg.com\/profile_background_images\/577368639105409024\/rYG67W-7.png","profile_background_image_url_https":"https:\/\/pbs.twimg.com\/profile_background_images\/577368639105409024\/rYG67W-7.png","profile_background_tile":true,"profile_image_url":"http:\/\/pbs.twimg.com\/profile_images\/807032493052264449\/XeojqoVF_normal.jpg","profile_image_url_https":"https:\/\/pbs.twimg.com\/profile_images\/807032493052264449\/XeojqoVF_normal.jpg","profile_banner_url":"https:\/\/pbs.twimg.com\/profile_banners\/2823174242\/1481246579","profile_link_color":"C09992","profile_sidebar_border_color":"C0DEED","profile_sidebar_fill_color":"DDEEF6","profile_text_color":"333333","profile_use_background_image":true,"has_extended_profile":false,"default_profile":false,"default_profile_image":false,"following":false,"follow_request_sent":false,"notifications":false,"translator_type":"none"},"geo":null,"coordinates":null,"place":null,"contributors":null,"is_quote_status":false,"retweet_count":0,"favorite_count":0,"favorited":false,"retweeted":false,"lang":"en"}
