{"created_at":"Thu Jan 12 08:13:06 +0000 2017","id":819457160040087552,"id_str":"819457160040087552","text":"I liked a @YouTube video https:\/\/t.co\/V07hM3J2I1 02 Represent","truncated":false,"entities":{"hashtags":[],"symbols":[],"user_mentions":[{"screen_name":"YouTube","name":"YouTube","id":10228272,"id_str":"10228272","indices":[10,18]}],"urls":[{"url":"https:\/\/t.co\/V07hM3J2I1","expanded_url":"http:\/\/youtu.be\/TxDP8yiuGCI?a","display_url":"youtu.be\/TxDP8yiuGCI?a","indices":[25,48]}]},"source":"\u003ca href=\"http:\/\/www.google.com\/\" rel=\"nofollow\"\u003eGoogle\u003c\/a\u003e","in_reply_to_status_id":null,"in_reply_to_status_id_str":null,"in_reply_to_user_id":null,"in_reply_to_user_id_str":null,"in_reply_to_screen_name":null,"user":{"id":406018691,"id_str":"406018691","name":"Jim Dunn","screen_name":"slimwasp","location":"","description":"","url":null,"entities":{"description":{"urls":[]}},"protected":false,"followers_count":16,"friends_count":13,"listed_count":0,"created_at":"Sun Nov 06 04:10:45 +0000 2011","favourites_count":0,"utc_offset":-21600,"time_zone":"Central Time (US & Canada)","geo_enabled":false,"verified":false,"statuses_count":2163,"lang":"en","contributors_enabled":false,"is_translator":false,"is_translation_enabled":false,"profile_background_color":"C0DEED","profile_background_image_url":"http:\/\/abs.twimg.com\/images\/themes\/theme1\/bg.png","profile_background_image_url_https":"https:\/\/abs.twimg.com\/images\/themes\/theme1\/bg.png","profile_background_tile":false,"profile_image_url":"http:\/\/pbs.twimg.com\/profile_images\/2006203461\/mr-yuk_normal.gif","profile_image_url_https":"https:\/\/pbs.twimg.com\/profile_images\/2006203461\/mr-yuk_normal.gif","profile_link_color":"1DA1F2","profile_sidebar_border_color":"C0DEED","profile_sidebar_fill_color":"DDEEF6","profile_text_color":"333333","profile_use_background_image":true,"has_extended_profile":false,"default_profile":true,"default_profile_image":false,"following":false,"follow_request_sent":false,"notifications":false,"translator_type":"none"},"geo":null,"coordinates":null,"place":null,"contributors":null,"is_quote_status":false,"retweet_count":0,"favorite_count":0,"favorited":false,"retweeted":false,"possibly_sensitive":false,"possibly_sensitive_appealable":false,"lang":"en"}
