{"created_at":"Thu Jan 12 08:13:06 +0000 2017","id":819457160346103809,"id_str":"819457160346103809","text":"The dark connection between Harderwijk and SeaWorld #OpSeaWorld https:\/\/t.co\/v4lBPrfbii","truncated":false,"entities":{"hashtags":[{"text":"OpSeaWorld","indices":[52,63]}],"symbols":[],"user_mentions":[],"urls":[{"url":"https:\/\/t.co\/v4lBPrfbii","expanded_url":"https:\/\/goo.gl\/lYYjAp","display_url":"goo.gl\/lYYjAp","indices":[64,87]}]},"source":"\u003ca href=\"http:\/\/twittbot.net\/\" rel=\"nofollow\"\u003etwittbot.net\u003c\/a\u003e","in_reply_to_status_id":null,"in_reply_to_status_id_str":null,"in_reply_to_user_id":null,"in_reply_to_user_id_str":null,"in_reply_to_screen_name":null,"user":{"id":2874094245,"id_str":"2874094245","name":"Save Our Seas","screen_name":"OpKiIIingBay","location":"","description":"#OpKillingBay \n#FaroeIslands #Taiji \n#OpWhales \n#Anonymous\nNo hunters ever #OpFunKill","url":"https:\/\/t.co\/aBky96QaNo","entities":{"url":{"urls":[{"url":"https:\/\/t.co\/aBky96QaNo","expanded_url":"http:\/\/anons4cetaceans.weebly.com\/","display_url":"anons4cetaceans.weebly.com","indices":[0,23]}]},"description":{"urls":[]}},"protected":false,"followers_count":1071,"friends_count":800,"listed_count":29,"created_at":"Wed Nov 12 19:07:46 +0000 2014","favourites_count":42,"utc_offset":0,"time_zone":"London","geo_enabled":false,"verified":false,"statuses_count":28570,"lang":"en","contributors_enabled":false,"is_translator":false,"is_translation_enabled":false,"profile_background_color":"C0DEED","profile_background_image_url":"http:\/\/abs.twimg.com\/images\/themes\/theme1\/bg.png","profile_background_image_url_https":"https:\/\/abs.twimg.com\/images\/themes\/theme1\/bg.png","profile_background_tile":false,"profile_image_url":"http:\/\/pbs.twimg.com\/profile_images\/806580846434144257\/KPZQyGFH_normal.jpg","profile_image_url_https":"https:\/\/pbs.twimg.com\/profile_images\/806580846434144257\/KPZQyGFH_normal.jpg","profile_banner_url":"https:\/\/pbs.twimg.com\/profile_banners\/2874094245\/1481138866","profile_link_color":"1DA1F2","profile_sidebar_border_color":"C0DEED","profile_sidebar_fill_color":"DDEEF6","profile_text_color":"333333","profile_use_background_image":true,"has_extended_profile":false,"default_profile":true,"default_profile_image":false,"following":false,"follow_request_sent":false,"notifications":false,"translator_type":"none"},"geo":null,"coordinates":null,"place":null,"contributors":null,"is_quote_status":false,"retweet_count":3,"favorite_count":0,"favorited":false,"retweeted":false,"possibly_sensitive":false,"possibly_sensitive_appealable":false,"lang":"en"}
