{"created_at":"Thu Jan 12 08:13:05 +0000 2017","id":819457155984216065,"id_str":"819457155984216065","text":"@likeluke_ That's an app, right? Never used it, but I'm sure I can download it. I've actually kinda started using a smartphone recently, lol","truncated":false,"entities":{"hashtags":[],"symbols":[],"user_mentions":[{"screen_name":"likeluke_","name":"luke!","id":148972351,"id_str":"148972351","indices":[0,10]}],"urls":[]},"source":"\u003ca href=\"http:\/\/twitter.com\" rel=\"nofollow\"\u003eTwitter Web Client\u003c\/a\u003e","in_reply_to_status_id":819456741809090560,"in_reply_to_status_id_str":"819456741809090560","in_reply_to_user_id":148972351,"in_reply_to_user_id_str":"148972351","in_reply_to_screen_name":"likeluke_","user":{"id":19256193,"id_str":"19256193","name":"ana xjor","screen_name":"anaxjor","location":"\u2665 Memphis \/ Southern Cali","description":"(\u2665\u0367\u0313\u0314\u0307\u0367\u0310\u0369\u0308\u0301\u0301\u0300\u035e\u0489\u0321\u033c\u0356\u0349\u0354\u032a\u0325\u0332\u0323\u0345 love \u00d7 napalm) \/ unconventional artist \/ scanner \/ full spectrum photographer \/ \u2601 womancloud \u2601  \/ https:\/\/t.co\/SkDm2plTEf","url":"http:\/\/t.co\/BK6SIvRWJ8","entities":{"url":{"urls":[{"url":"http:\/\/t.co\/BK6SIvRWJ8","expanded_url":"http:\/\/www.anaxjor.com","display_url":"anaxjor.com","indices":[0,22]}]},"description":{"urls":[{"url":"https:\/\/t.co\/SkDm2plTEf","expanded_url":"http:\/\/instagram.com\/anaxjor","display_url":"instagram.com\/anaxjor","indices":[124,147]}]}},"protected":false,"followers_count":648,"friends_count":666,"listed_count":13,"created_at":"Tue Jan 20 20:43:27 +0000 2009","favourites_count":762,"utc_offset":-21600,"time_zone":"Central Time (US & Canada)","geo_enabled":false,"verified":false,"statuses_count":11443,"lang":"en","contributors_enabled":false,"is_translator":false,"is_translation_enabled":false,"profile_background_color":"000000","profile_background_image_url":"http:\/\/pbs.twimg.com\/profile_background_images\/451477224240062464\/gsswCBrT.jpeg","profile_background_image_url_https":"https:\/\/pbs.twimg.com\/profile_background_images\/451477224240062464\/gsswCBrT.jpeg","profile_background_tile":false,"profile_image_url":"http:\/\/pbs.twimg.com\/profile_images\/820450964956016640\/j2fvqN31_normal.jpg","profile_image_url_https":"https:\/\/pbs.twimg.com\/profile_images\/820450964956016640\/j2fvqN31_normal.jpg","profile_banner_url":"https:\/\/pbs.twimg.com\/profile_banners\/19256193\/1448525756","profile_link_color":"004CB6","profile_sidebar_border_color":"FFFFFF","profile_sidebar_fill_color":"F3F3F3","profile_text_color":"333333","profile_use_background_image":true,"has_extended_profile":true,"default_profile":false,"default_profile_image":false,"following":false,"follow_request_sent":false,"notifications":false,"translator_type":"none"},"geo":null,"coordinates":null,"place":null,"contributors":null,"is_quote_status":false,"retweet_count":0,"favorite_count":0,"favorited":false,"retweeted":false,"lang":"en"}
