{"created_at":"Thu Jan 12 08:13:04 +0000 2017","id":819457153295585280,"id_str":"819457153295585280","text":"Having hoes really boring af I don't see how y'all enjoy it \ud83d\ude02\ud83e\udd12 being tucked off with somebody you can't get enough of is lit!","truncated":false,"entities":{"hashtags":[],"symbols":[],"user_mentions":[],"urls":[]},"source":"\u003ca href=\"http:\/\/twitter.com\/download\/iphone\" rel=\"nofollow\"\u003eTwitter for iPhone\u003c\/a\u003e","in_reply_to_status_id":null,"in_reply_to_status_id_str":null,"in_reply_to_user_id":null,"in_reply_to_user_id_str":null,"in_reply_to_screen_name":null,"user":{"id":1415295876,"id_str":"1415295876","name":"packo","screen_name":"BigDawgChoosin","location":"Da Spot","description":"FUCK CANCER!","url":null,"entities":{"description":{"urls":[]}},"protected":false,"followers_count":7332,"friends_count":7351,"listed_count":27,"created_at":"Thu May 09 11:33:51 +0000 2013","favourites_count":5167,"utc_offset":-14400,"time_zone":"Atlantic Time (Canada)","geo_enabled":true,"verified":false,"statuses_count":18872,"lang":"en","contributors_enabled":false,"is_translator":false,"is_translation_enabled":false,"profile_background_color":"000000","profile_background_image_url":"http:\/\/abs.twimg.com\/images\/themes\/theme1\/bg.png","profile_background_image_url_https":"https:\/\/abs.twimg.com\/images\/themes\/theme1\/bg.png","profile_background_tile":false,"profile_image_url":"http:\/\/pbs.twimg.com\/profile_images\/815808995881549824\/MxK6PZhg_normal.jpg","profile_image_url_https":"https:\/\/pbs.twimg.com\/profile_images\/815808995881549824\/MxK6PZhg_normal.jpg","profile_banner_url":"https:\/\/pbs.twimg.com\/profile_banners\/1415295876\/1484105019","profile_link_color":"9266CC","profile_sidebar_border_color":"000000","profile_sidebar_fill_color":"000000","profile_text_color":"000000","profile_use_background_image":false,"has_extended_profile":false,"default_profile":false,"default_profile_image":false,"following":false,"follow_request_sent":false,"notifications":false,"translator_type":"none"},"geo":null,"coordinates":null,"place":null,"contributors":null,"is_quote_status":false,"retweet_count":18,"favorite_count":20,"favorited":false,"retweeted":false,"lang":"en"}
