{"created_at":"Thu Jan 12 08:13:02 +0000 2017","id":819457144449810432,"id_str":"819457144449810432","text":"@AP Does @GOP @SpeakerRyan want my daughter to die? Because that is what you are doing. Are you paying for her funeral? Or do I lose my home","truncated":false,"entities":{"hashtags":[],"symbols":[],"user_mentions":[{"screen_name":"AP","name":"The Associated Press","id":51241574,"id_str":"51241574","indices":[0,3]},{"screen_name":"GOP","name":"GOP","id":11134252,"id_str":"11134252","indices":[9,13]},{"screen_name":"SpeakerRyan","name":"Paul Ryan","id":18916432,"id_str":"18916432","indices":[14,26]}],"urls":[]},"source":"\u003ca href=\"http:\/\/twitter.com\" rel=\"nofollow\"\u003eTwitter Web Client\u003c\/a\u003e","in_reply_to_status_id":819434122934452224,"in_reply_to_status_id_str":"819434122934452224","in_reply_to_user_id":51241574,"in_reply_to_user_id_str":"51241574","in_reply_to_screen_name":"AP","user":{"id":744003214840832000,"id_str":"744003214840832000","name":"rose","screen_name":"rose48809","location":"Michigan, USA","description":"Mother of 5, blended family, but no one knows who's are who's, and I'll never tell.  Married 35 years, think I'll keep him today, he made dinner.  Union family!","url":null,"entities":{"description":{"urls":[]}},"protected":false,"followers_count":159,"friends_count":243,"listed_count":7,"created_at":"Sat Jun 18 03:06:04 +0000 2016","favourites_count":5206,"utc_offset":-28800,"time_zone":"Pacific Time (US & Canada)","geo_enabled":false,"verified":false,"statuses_count":3354,"lang":"en","contributors_enabled":false,"is_translator":false,"is_translation_enabled":false,"profile_background_color":"000000","profile_background_image_url":"http:\/\/abs.twimg.com\/images\/themes\/theme1\/bg.png","profile_background_image_url_https":"https:\/\/abs.twimg.com\/images\/themes\/theme1\/bg.png","profile_background_tile":false,"profile_image_url":"http:\/\/pbs.twimg.com\/profile_images\/806800857022939136\/3-Br2NSu_normal.jpg","profile_image_url_https":"https:\/\/pbs.twimg.com\/profile_images\/806800857022939136\/3-Br2NSu_normal.jpg","profile_banner_url":"https:\/\/pbs.twimg.com\/profile_banners\/744003214840832000\/1481191167","profile_link_color":"ABB8C2","profile_sidebar_border_color":"000000","profile_sidebar_fill_color":"000000","profile_text_color":"000000","profile_use_background_image":false,"has_extended_profile":false,"default_profile":false,"default_profile_image":false,"following":false,"follow_request_sent":false,"notifications":false,"translator_type":"none"},"geo":null,"coordinates":null,"place":null,"contributors":null,"is_quote_status":false,"retweet_count":3,"favorite_count":5,"favorited":false,"retweeted":false,"lang":"en"}
