{"created_at":"Thu Jan 12 08:13:04 +0000 2017","id":819457150032510976,"id_str":"819457150032510976","text":"I want you. \nI want you here with me right now. \nI want to talk to you. \nI want to be with you. \nI want to hug you.\nI just want you.","truncated":false,"entities":{"hashtags":[],"symbols":[],"user_mentions":[],"urls":[]},"source":"\u003ca href=\"http:\/\/twitter.com\/download\/android\" rel=\"nofollow\"\u003eTwitter for Android\u003c\/a\u003e","in_reply_to_status_id":null,"in_reply_to_status_id_str":null,"in_reply_to_user_id":null,"in_reply_to_user_id_str":null,"in_reply_to_screen_name":null,"user":{"id":720157427207925760,"id_str":"720157427207925760","name":"Dalia Ahmed","screen_name":"DaliaAh91004759","location":"Alexandria, Egypt","description":"\u200f\u200f-\u0627\u062d\u0628 \u0627\u0644\u0635\u0627\u0644\u062d\u064a\u0646 \u0648\u0644\u0633\u062a \u0645\u0646\u0647\u0645..\nSnapchat :dodycat1","url":null,"entities":{"description":{"urls":[]}},"protected":false,"followers_count":447,"friends_count":345,"listed_count":1,"created_at":"Wed Apr 13 07:51:25 +0000 2016","favourites_count":142,"utc_offset":null,"time_zone":null,"geo_enabled":false,"verified":false,"statuses_count":1885,"lang":"en","contributors_enabled":false,"is_translator":false,"is_translation_enabled":false,"profile_background_color":"F5F8FA","profile_background_image_url":null,"profile_background_image_url_https":null,"profile_background_tile":false,"profile_image_url":"http:\/\/pbs.twimg.com\/profile_images\/814432031941791744\/PvgdjkhI_normal.jpg","profile_image_url_https":"https:\/\/pbs.twimg.com\/profile_images\/814432031941791744\/PvgdjkhI_normal.jpg","profile_banner_url":"https:\/\/pbs.twimg.com\/profile_banners\/720157427207925760\/1480592969","profile_link_color":"1DA1F2","profile_sidebar_border_color":"C0DEED","profile_sidebar_fill_color":"DDEEF6","profile_text_color":"333333","profile_use_background_image":true,"has_extended_profile":true,"default_profile":true,"default_profile_image":false,"following":false,"follow_request_sent":false,"notifications":false,"translator_type":"none"},"geo":null,"coordinates":null,"place":null,"contributors":null,"is_quote_status":false,"retweet_count":0,"favorite_count":0,"favorited":false,"retweeted":false,"lang":"en"}
