{"created_at":"Thu Jan 12 08:13:01 +0000 2017","id":819457139718488064,"id_str":"819457139718488064","text":"@guitarwing_D \u304a\u3051\uff01\n\u3075\u3058\u307f\u91ce\u304b\u5ddd\u8d8a\u3069\u3063\u3061\u304c\u3044\u3044\uff1f\uff1f\n\u305d\u308c\u304b\u884c\u304d\u305f\u3044\u3068\u3053\u3042\u308b\uff1f","truncated":false,"entities":{"hashtags":[],"symbols":[],"user_mentions":[{"screen_name":"guitarwing_D","name":"\u3046\u3043\u3093\u3050","id":3214022933,"id_str":"3214022933","indices":[0,13]}],"urls":[]},"source":"\u003ca href=\"http:\/\/twitter.com\/download\/iphone\" rel=\"nofollow\"\u003eTwitter for iPhone\u003c\/a\u003e","in_reply_to_status_id":819456716823674881,"in_reply_to_status_id_str":"819456716823674881","in_reply_to_user_id":3214022933,"in_reply_to_user_id_str":"3214022933","in_reply_to_screen_name":"guitarwing_D","user":{"id":2598384211,"id_str":"2598384211","name":"\u90c1\u5b9f\u2606","screen_name":"IMoriya329","location":"","description":"BGU \u8efd\u97f3\/Bandrop\/\u97f3\u697d\u3068\u732b\u304c\u597d\u304d\u3067\u3059 \u3084\u308b\u6c17\u306e\u306a\u3044\u5927\u5b662\u5e74","url":null,"entities":{"description":{"urls":[]}},"protected":false,"followers_count":245,"friends_count":231,"listed_count":2,"created_at":"Tue Jul 01 18:17:34 +0000 2014","favourites_count":909,"utc_offset":null,"time_zone":null,"geo_enabled":true,"verified":false,"statuses_count":1809,"lang":"ja","contributors_enabled":false,"is_translator":false,"is_translation_enabled":false,"profile_background_color":"C0DEED","profile_background_image_url":"http:\/\/abs.twimg.com\/images\/themes\/theme1\/bg.png","profile_background_image_url_https":"https:\/\/abs.twimg.com\/images\/themes\/theme1\/bg.png","profile_background_tile":false,"profile_image_url":"http:\/\/pbs.twimg.com\/profile_images\/651871736497991680\/BKTvfzrH_normal.jpg","profile_image_url_https":"https:\/\/pbs.twimg.com\/profile_images\/651871736497991680\/BKTvfzrH_normal.jpg","profile_banner_url":"https:\/\/pbs.twimg.com\/profile_banners\/2598384211\/1465739116","profile_link_color":"1DA1F2","profile_sidebar_border_color":"C0DEED","profile_sidebar_fill_color":"DDEEF6","profile_text_color":"333333","profile_use_background_image":true,"has_extended_profile":true,"default_profile":true,"default_profile_image":false,"following":false,"follow_request_sent":false,"notifications":false,"translator_type":"none"},"geo":null,"coordinates":null,"place":null,"contributors":null,"is_quote_status":false,"retweet_count":0,"favorite_count":0,"favorited":false,"retweeted":false,"lang":"ja"}
