{"created_at":"Thu Jan 12 08:13:04 +0000 2017","id":819457152653795328,"id_str":"819457152653795328","text":"@BlackCocksOne @neko_4205 @BrandeisxDavina considering you were sat on your xbox today pal and you seem to think it was 6 months ago","truncated":false,"entities":{"hashtags":[],"symbols":[],"user_mentions":[{"screen_name":"BlackCocksOne","name":"zodi","id":757931681579954176,"id_str":"757931681579954176","indices":[0,14]},{"screen_name":"neko_4205","name":"ISHIMARU YASUKE \ud83c\udf80","id":744786390861254657,"id_str":"744786390861254657","indices":[15,25]},{"screen_name":"BrandeisxDavina","name":"Brandeis","id":2946494259,"id_str":"2946494259","indices":[26,42]}],"urls":[]},"source":"\u003ca href=\"http:\/\/twitter.com\/download\/iphone\" rel=\"nofollow\"\u003eTwitter for iPhone\u003c\/a\u003e","in_reply_to_status_id":819456787963203585,"in_reply_to_status_id_str":"819456787963203585","in_reply_to_user_id":757931681579954176,"in_reply_to_user_id_str":"757931681579954176","in_reply_to_screen_name":"BlackCocksOne","user":{"id":3291672253,"id_str":"3291672253","name":"Apolloh","screen_name":"ApoIIoh","location":"Australia","description":"I mod xbox only. Paypal, Steam & CS Skins! @Zerhks @WolfgangCxnt @VisageNozzy @FkBenji @TheMaltzAssault @Ecstasiez","url":"https:\/\/t.co\/mAsvdCkVzJ","entities":{"url":{"urls":[{"url":"https:\/\/t.co\/mAsvdCkVzJ","expanded_url":"http:\/\/pastebin.com\/wiYgaxiU","display_url":"pastebin.com\/wiYgaxiU","indices":[0,23]}]},"description":{"urls":[]}},"protected":false,"followers_count":1837,"friends_count":165,"listed_count":7,"created_at":"Sat Jul 25 02:28:07 +0000 2015","favourites_count":19535,"utc_offset":-28800,"time_zone":"Pacific Time (US & Canada)","geo_enabled":true,"verified":false,"statuses_count":10765,"lang":"en","contributors_enabled":false,"is_translator":false,"is_translation_enabled":false,"profile_background_color":"000000","profile_background_image_url":"http:\/\/abs.twimg.com\/images\/themes\/theme1\/bg.png","profile_background_image_url_https":"https:\/\/abs.twimg.com\/images\/themes\/theme1\/bg.png","profile_background_tile":false,"profile_image_url":"http:\/\/pbs.twimg.com\/profile_images\/817755430726213636\/pH3YYQt-_normal.jpg","profile_image_url_https":"https:\/\/pbs.twimg.com\/profile_images\/817755430726213636\/pH3YYQt-_normal.jpg","profile_banner_url":"https:\/\/pbs.twimg.com\/profile_banners\/3291672253\/1483659455","profile_link_color":"1B95E0","profile_sidebar_border_color":"000000","profile_sidebar_fill_color":"000000","profile_text_color":"000000","profile_use_background_image":false,"has_extended_profile":true,"default_profile":false,"default_profile_image":false,"following":false,"follow_request_sent":false,"notifications":false,"translator_type":"none"},"geo":null,"coordinates":null,"place":null,"contributors":null,"is_quote_status":false,"retweet_count":1,"favorite_count":1,"favorited":false,"retweeted":false,"lang":"en"}
