{"created_at":"Thu Jan 12 08:13:03 +0000 2017","id":819457146454568960,"id_str":"819457146454568960","text":"I'm so unbelievably tired that I seriously thought you legitimately meant fart for a solid two minutes before I rea\u2026 https:\/\/t.co\/2rttVkcIPy","truncated":true,"entities":{"hashtags":[],"symbols":[],"user_mentions":[],"urls":[{"url":"https:\/\/t.co\/2rttVkcIPy","expanded_url":"https:\/\/twitter.com\/i\/web\/status\/819457146454568960","display_url":"twitter.com\/i\/web\/status\/8\u2026","indices":[117,140]}]},"source":"\u003ca href=\"http:\/\/twitter.com\/download\/iphone\" rel=\"nofollow\"\u003eTwitter for iPhone\u003c\/a\u003e","in_reply_to_status_id":null,"in_reply_to_status_id_str":null,"in_reply_to_user_id":null,"in_reply_to_user_id_str":null,"in_reply_to_screen_name":null,"user":{"id":4384684152,"id_str":"4384684152","name":"holic","screen_name":"Jaeshhi","location":"With jaebum","description":"jaebum wrote his soundcloud songs about Nora","url":"https:\/\/t.co\/v89wSnjFba","entities":{"url":{"urls":[{"url":"https:\/\/t.co\/v89wSnjFba","expanded_url":"https:\/\/open.spotify.com\/user\/shanya_williams\/playlist\/0jI01XzSsWANR1AoWzkDPY","display_url":"open.spotify.com\/user\/shanya_wi\u2026","indices":[0,23]}]},"description":{"urls":[]}},"protected":false,"followers_count":132,"friends_count":272,"listed_count":2,"created_at":"Sat Nov 28 04:53:06 +0000 2015","favourites_count":801,"utc_offset":null,"time_zone":null,"geo_enabled":true,"verified":false,"statuses_count":1493,"lang":"en","contributors_enabled":false,"is_translator":false,"is_translation_enabled":false,"profile_background_color":"000000","profile_background_image_url":"http:\/\/abs.twimg.com\/images\/themes\/theme1\/bg.png","profile_background_image_url_https":"https:\/\/abs.twimg.com\/images\/themes\/theme1\/bg.png","profile_background_tile":false,"profile_image_url":"http:\/\/pbs.twimg.com\/profile_images\/817280223565623296\/PQactP0E_normal.jpg","profile_image_url_https":"https:\/\/pbs.twimg.com\/profile_images\/817280223565623296\/PQactP0E_normal.jpg","profile_banner_url":"https:\/\/pbs.twimg.com\/profile_banners\/4384684152\/1483432700","profile_link_color":"B8860E","profile_sidebar_border_color":"000000","profile_sidebar_fill_color":"000000","profile_text_color":"000000","profile_use_background_image":false,"has_extended_profile":true,"default_profile":false,"default_profile_image":false,"following":false,"follow_request_sent":false,"notifications":false,"translator_type":"none"},"geo":null,"coordinates":null,"place":null,"contributors":null,"is_quote_status":true,"quoted_status_id":819455871671377920,"quoted_status_id_str":"819455871671377920","quoted_status":{"created_at":"Thu Jan 12 08:07:59 +0000 2017","id":819455871671377920,"id_str":"819455871671377920","text":"plz don't repost my (f)art. ty https:\/\/t.co\/CL8nNM04G7","truncated":false,"entities":{"hashtags":[],"symbols":[],"user_mentions":[],"urls":[],"media":[{"id":819455863043727361,"id_str":"819455863043727361","indices":[31,54],"media_url":"http:\/\/pbs.twimg.com\/media\/C19KxAnVIAEkeOD.jpg","media_url_https":"https:\/\/pbs.twimg.com\/media\/C19KxAnVIAEkeOD.jpg","url":"https:\/\/t.co\/CL8nNM04G7","display_url":"pic.twitter.com\/CL8nNM04G7","expanded_url":"https:\/\/twitter.com\/rarepepi\/status\/819455871671377920\/photo\/1","type":"photo","sizes":{"medium":{"w":639,"h":786,"resize":"fit"},"thumb":{"w":150,"h":150,"resize":"crop"},"small":{"w":553,"h":680,"resize":"fit"},"large":{"w":639,"h":786,"resize":"fit"}}}]},"extended_entities":{"media":[{"id":819455863043727361,"id_str":"819455863043727361","indices":[31,54],"media_url":"http:\/\/pbs.twimg.com\/media\/C19KxAnVIAEkeOD.jpg","media_url_https":"https:\/\/pbs.twimg.com\/media\/C19KxAnVIAEkeOD.jpg","url":"https:\/\/t.co\/CL8nNM04G7","display_url":"pic.twitter.com\/CL8nNM04G7","expanded_url":"https:\/\/twitter.com\/rarepepi\/status\/819455871671377920\/photo\/1","type":"photo","sizes":{"medium":{"w":639,"h":786,"resize":"fit"},"thumb":{"w":150,"h":150,"resize":"crop"},"small":{"w":553,"h":680,"resize":"fit"},"large":{"w":639,"h":786,"resize":"fit"}}}]},"source":"\u003ca href=\"http:\/\/twitter.com\" rel=\"nofollow\"\u003eTwitter Web Client\u003c\/a\u003e","in_reply_to_status_id":null,"in_reply_to_status_id_str":null,"in_reply_to_user_id":null,"in_reply_to_user_id_str":null,"in_reply_to_screen_name":null,"user":{"id":2394454885,"id_str":"2394454885","name":"sausage dog","screen_name":"rarepepi","location":"ahgabopperse","description":"i love jinyoung thats all u need to know...also plz dont repost my art w\/o credit etc...thank u","url":"https:\/\/t.co\/KVAPS4Y8yV","entities":{"url":{"urls":[{"url":"https:\/\/t.co\/KVAPS4Y8yV","expanded_url":"http:\/\/listography.com\/rarepepi","display_url":"listography.com\/rarepepi","indices":[0,23]}]},"description":{"urls":[]}},"protected":false,"followers_count":1981,"friends_count":217,"listed_count":41,"created_at":"Mon Mar 17 14:00:00 +0000 2014","favourites_count":31916,"utc_offset":-28800,"time_zone":"Pacific Time (US & Canada)","geo_enabled":false,"verified":false,"statuses_count":26257,"lang":"en","contributors_enabled":false,"is_translator":false,"is_translation_enabled":false,"profile_background_color":"FFFFFF","profile_background_image_url":"http:\/\/pbs.twimg.com\/profile_background_images\/506706836385329152\/HJrmLI5D.jpeg","profile_background_image_url_https":"https:\/\/pbs.twimg.com\/profile_background_images\/506706836385329152\/HJrmLI5D.jpeg","profile_background_tile":true,"profile_image_url":"http:\/\/pbs.twimg.com\/profile_images\/813308570233995264\/XcD5m7oB_normal.jpg","profile_image_url_https":"https:\/\/pbs.twimg.com\/profile_images\/813308570233995264\/XcD5m7oB_normal.jpg","profile_banner_url":"https:\/\/pbs.twimg.com\/profile_banners\/2394454885\/1483935269","profile_link_color":"000000","profile_sidebar_border_color":"FFFFFF","profile_sidebar_fill_color":"DDEEF6","profile_text_color":"333333","profile_use_background_image":false,"has_extended_profile":false,"default_profile":false,"default_profile_image":false,"following":false,"follow_request_sent":false,"notifications":false,"translator_type":"none"},"geo":null,"coordinates":null,"place":null,"contributors":null,"is_quote_status":false,"retweet_count":0,"favorite_count":7,"favorited":false,"retweeted":false,"possibly_sensitive":false,"possibly_sensitive_appealable":false,"lang":"en"},"retweet_count":0,"favorite_count":1,"favorited":false,"retweeted":false,"possibly_sensitive":false,"possibly_sensitive_appealable":false,"lang":"en"}
