{"created_at":"Thu Jan 12 08:13:02 +0000 2017","id":819457141727588353,"id_str":"819457141727588353","text":"idk how i got in emmalee's discord but wtf is this chat","truncated":false,"entities":{"hashtags":[],"symbols":[],"user_mentions":[],"urls":[]},"source":"\u003ca href=\"https:\/\/about.twitter.com\/products\/tweetdeck\" rel=\"nofollow\"\u003eTweetDeck\u003c\/a\u003e","in_reply_to_status_id":null,"in_reply_to_status_id_str":null,"in_reply_to_user_id":null,"in_reply_to_user_id_str":null,"in_reply_to_screen_name":null,"user":{"id":793146498091323392,"id_str":"793146498091323392","name":"noahfish","screen_name":"yeetfish","location":"Portland, OR","description":"I make apps and websites and stuff. georgiaaaaa","url":null,"entities":{"description":{"urls":[]}},"protected":false,"followers_count":64,"friends_count":64,"listed_count":0,"created_at":"Mon Oct 31 17:43:55 +0000 2016","favourites_count":386,"utc_offset":null,"time_zone":null,"geo_enabled":false,"verified":false,"statuses_count":1707,"lang":"en","contributors_enabled":false,"is_translator":false,"is_translation_enabled":false,"profile_background_color":"F5F8FA","profile_background_image_url":null,"profile_background_image_url_https":null,"profile_background_tile":false,"profile_image_url":"http:\/\/pbs.twimg.com\/profile_images\/815257095154987008\/4AJWJhjX_normal.jpg","profile_image_url_https":"https:\/\/pbs.twimg.com\/profile_images\/815257095154987008\/4AJWJhjX_normal.jpg","profile_banner_url":"https:\/\/pbs.twimg.com\/profile_banners\/793146498091323392\/1482957753","profile_link_color":"1DA1F2","profile_sidebar_border_color":"C0DEED","profile_sidebar_fill_color":"DDEEF6","profile_text_color":"333333","profile_use_background_image":true,"has_extended_profile":true,"default_profile":true,"default_profile_image":false,"following":false,"follow_request_sent":false,"notifications":false,"translator_type":"none"},"geo":null,"coordinates":null,"place":null,"contributors":null,"is_quote_status":false,"retweet_count":0,"favorite_count":0,"favorited":false,"retweeted":false,"lang":"en"}
