{"created_at":"Thu Jan 12 08:13:02 +0000 2017","id":819457145792032769,"id_str":"819457145792032769","text":"I'm so tired that I'm just going to bed in the clothes I wore today. I'm honestly too tired to change into pajamas #college","truncated":false,"entities":{"hashtags":[{"text":"college","indices":[115,123]}],"symbols":[],"user_mentions":[],"urls":[]},"source":"\u003ca href=\"http:\/\/twitter.com\/download\/iphone\" rel=\"nofollow\"\u003eTwitter for iPhone\u003c\/a\u003e","in_reply_to_status_id":null,"in_reply_to_status_id_str":null,"in_reply_to_user_id":null,"in_reply_to_user_id_str":null,"in_reply_to_screen_name":null,"user":{"id":926450521,"id_str":"926450521","name":"Danae","screen_name":"c_dennie","location":"","description":"my sister is basically Derek Shepherd","url":null,"entities":{"description":{"urls":[]}},"protected":false,"followers_count":190,"friends_count":442,"listed_count":3,"created_at":"Sun Nov 04 23:52:44 +0000 2012","favourites_count":10163,"utc_offset":null,"time_zone":null,"geo_enabled":true,"verified":false,"statuses_count":8865,"lang":"en","contributors_enabled":false,"is_translator":false,"is_translation_enabled":false,"profile_background_color":"C0DEED","profile_background_image_url":"http:\/\/pbs.twimg.com\/profile_background_images\/710010585\/f16a641f3c741d7c24b02d5f14e11733.jpeg","profile_background_image_url_https":"https:\/\/pbs.twimg.com\/profile_background_images\/710010585\/f16a641f3c741d7c24b02d5f14e11733.jpeg","profile_background_tile":true,"profile_image_url":"http:\/\/pbs.twimg.com\/profile_images\/809277895554252803\/aXZQ0zn8_normal.jpg","profile_image_url_https":"https:\/\/pbs.twimg.com\/profile_images\/809277895554252803\/aXZQ0zn8_normal.jpg","profile_banner_url":"https:\/\/pbs.twimg.com\/profile_banners\/926450521\/1481998300","profile_link_color":"FA743E","profile_sidebar_border_color":"000000","profile_sidebar_fill_color":"DDEEF6","profile_text_color":"333333","profile_use_background_image":true,"has_extended_profile":false,"default_profile":false,"default_profile_image":false,"following":false,"follow_request_sent":false,"notifications":false,"translator_type":"none"},"geo":null,"coordinates":null,"place":null,"contributors":null,"is_quote_status":false,"retweet_count":0,"favorite_count":8,"favorited":false,"retweeted":false,"lang":"en"}
