{"created_at":"Thu Jan 12 08:13:02 +0000 2017","id":819457142331613184,"id_str":"819457142331613184","text":"@fathermaurer see im tempted to tell you to talk to the friend i know will call me an ass and agree with me.","truncated":false,"entities":{"hashtags":[],"symbols":[],"user_mentions":[{"screen_name":"fathermaurer","name":"Fr. Jacob Maurer","id":809104356226134017,"id_str":"809104356226134017","indices":[0,13]}],"urls":[]},"source":"\u003ca href=\"http:\/\/twitter.com\" rel=\"nofollow\"\u003eTwitter Web Client\u003c\/a\u003e","in_reply_to_status_id":819454873125023744,"in_reply_to_status_id_str":"819454873125023744","in_reply_to_user_id":809104356226134017,"in_reply_to_user_id_str":"809104356226134017","in_reply_to_screen_name":"fathermaurer","user":{"id":32942712,"id_str":"32942712","name":"Raine\u2122","screen_name":"beartier_","location":"Tacoma, WA","description":"I don't know a fucking thing my guy.","url":null,"entities":{"description":{"urls":[]}},"protected":false,"followers_count":18,"friends_count":65,"listed_count":0,"created_at":"Sat Apr 18 17:03:34 +0000 2009","favourites_count":1578,"utc_offset":-28800,"time_zone":"Pacific Time (US & Canada)","geo_enabled":false,"verified":false,"statuses_count":681,"lang":"en","contributors_enabled":false,"is_translator":false,"is_translation_enabled":false,"profile_background_color":"000000","profile_background_image_url":"http:\/\/abs.twimg.com\/images\/themes\/theme9\/bg.gif","profile_background_image_url_https":"https:\/\/abs.twimg.com\/images\/themes\/theme9\/bg.gif","profile_background_tile":false,"profile_image_url":"http:\/\/pbs.twimg.com\/profile_images\/810027153341329408\/QWXyazeK_normal.jpg","profile_image_url_https":"https:\/\/pbs.twimg.com\/profile_images\/810027153341329408\/QWXyazeK_normal.jpg","profile_banner_url":"https:\/\/pbs.twimg.com\/profile_banners\/32942712\/1482830562","profile_link_color":"4A913C","profile_sidebar_border_color":"000000","profile_sidebar_fill_color":"000000","profile_text_color":"000000","profile_use_background_image":false,"has_extended_profile":true,"default_profile":false,"default_profile_image":false,"following":false,"follow_request_sent":false,"notifications":false,"translator_type":"none"},"geo":null,"coordinates":null,"place":null,"contributors":null,"is_quote_status":false,"retweet_count":0,"favorite_count":0,"favorited":false,"retweeted":false,"lang":"en"}
