{"created_at":"Thu Jan 12 08:13:04 +0000 2017","id":819457152930574336,"id_str":"819457152930574336","text":"I am back! https:\/\/t.co\/rI8nU1XQX5","truncated":false,"entities":{"hashtags":[],"symbols":[],"user_mentions":[],"urls":[{"url":"https:\/\/t.co\/rI8nU1XQX5","expanded_url":"http:\/\/yusinurcahyadewi.blogspot.com\/2017\/01\/i-am-back.html","display_url":"yusinurcahyadewi.blogspot.com\/2017\/01\/i-am-b\u2026","indices":[11,34]}]},"source":"\u003ca href=\"http:\/\/twitter.com\" rel=\"nofollow\"\u003eTwitter Web Client\u003c\/a\u003e","in_reply_to_status_id":null,"in_reply_to_status_id_str":null,"in_reply_to_user_id":null,"in_reply_to_user_id_str":null,"in_reply_to_screen_name":null,"user":{"id":47262394,"id_str":"47262394","name":"Yusi","screen_name":"yusinurcahya","location":"","description":"Jawa | Office of International Affairs and Partnerships YSU","url":null,"entities":{"description":{"urls":[]}},"protected":false,"followers_count":466,"friends_count":251,"listed_count":7,"created_at":"Mon Jun 15 04:50:09 +0000 2009","favourites_count":48,"utc_offset":-28800,"time_zone":"Pacific Time (US & Canada)","geo_enabled":true,"verified":false,"statuses_count":17986,"lang":"en","contributors_enabled":false,"is_translator":false,"is_translation_enabled":false,"profile_background_color":"FF6699","profile_background_image_url":"http:\/\/abs.twimg.com\/images\/themes\/theme11\/bg.gif","profile_background_image_url_https":"https:\/\/abs.twimg.com\/images\/themes\/theme11\/bg.gif","profile_background_tile":true,"profile_image_url":"http:\/\/pbs.twimg.com\/profile_images\/649626309715320832\/-E_JT914_normal.jpg","profile_image_url_https":"https:\/\/pbs.twimg.com\/profile_images\/649626309715320832\/-E_JT914_normal.jpg","profile_banner_url":"https:\/\/pbs.twimg.com\/profile_banners\/47262394\/1443717904","profile_link_color":"B40B43","profile_sidebar_border_color":"CC3366","profile_sidebar_fill_color":"E5507E","profile_text_color":"362720","profile_use_background_image":true,"has_extended_profile":false,"default_profile":false,"default_profile_image":false,"following":false,"follow_request_sent":false,"notifications":false,"translator_type":"none"},"geo":null,"coordinates":null,"place":null,"contributors":null,"is_quote_status":false,"retweet_count":0,"favorite_count":0,"favorited":false,"retweeted":false,"possibly_sensitive":false,"possibly_sensitive_appealable":false,"lang":"en"}
