{"created_at":"Thu Jan 12 08:13:06 +0000 2017","id":819457161172373506,"id_str":"819457161172373506","text":"I posted 10 photos on Facebook in the album \"January 8th-10th 2017 Storm\" https:\/\/t.co\/Y0grkCdCc9","truncated":false,"entities":{"hashtags":[],"symbols":[],"user_mentions":[],"urls":[{"url":"https:\/\/t.co\/Y0grkCdCc9","expanded_url":"http:\/\/fb.me\/4lBD32kHS","display_url":"fb.me\/4lBD32kHS","indices":[74,97]}]},"source":"\u003ca href=\"http:\/\/www.facebook.com\/twitter\" rel=\"nofollow\"\u003eFacebook\u003c\/a\u003e","in_reply_to_status_id":null,"in_reply_to_status_id_str":null,"in_reply_to_user_id":null,"in_reply_to_user_id_str":null,"in_reply_to_screen_name":null,"user":{"id":1338323888,"id_str":"1338323888","name":"HWRT","screen_name":"HWRTWoodside","location":"San Mateo County, Ca","description":"HWRT (Hazardous Weather Response Team) is a team made up of trained first responders from various fields that handle hazardous weather related incidents safely.","url":"https:\/\/t.co\/K09YwkL4wP","entities":{"url":{"urls":[{"url":"https:\/\/t.co\/K09YwkL4wP","expanded_url":"http:\/\/www.facebook.com\/hwrtwoodside","display_url":"facebook.com\/hwrtwoodside","indices":[0,23]}]},"description":{"urls":[]}},"protected":false,"followers_count":122,"friends_count":242,"listed_count":4,"created_at":"Tue Apr 09 04:53:06 +0000 2013","favourites_count":51,"utc_offset":-25200,"time_zone":"Arizona","geo_enabled":false,"verified":false,"statuses_count":639,"lang":"en","contributors_enabled":false,"is_translator":false,"is_translation_enabled":false,"profile_background_color":"C0DEED","profile_background_image_url":"http:\/\/abs.twimg.com\/images\/themes\/theme1\/bg.png","profile_background_image_url_https":"https:\/\/abs.twimg.com\/images\/themes\/theme1\/bg.png","profile_background_tile":false,"profile_image_url":"http:\/\/pbs.twimg.com\/profile_images\/666185944177881088\/OY6ZNGtd_normal.jpg","profile_image_url_https":"https:\/\/pbs.twimg.com\/profile_images\/666185944177881088\/OY6ZNGtd_normal.jpg","profile_banner_url":"https:\/\/pbs.twimg.com\/profile_banners\/1338323888\/1482489902","profile_link_color":"0084B4","profile_sidebar_border_color":"FFFFFF","profile_sidebar_fill_color":"DDEEF6","profile_text_color":"333333","profile_use_background_image":true,"has_extended_profile":false,"default_profile":false,"default_profile_image":false,"following":false,"follow_request_sent":false,"notifications":false,"translator_type":"none"},"geo":null,"coordinates":null,"place":null,"contributors":null,"is_quote_status":false,"retweet_count":0,"favorite_count":0,"favorited":false,"retweeted":false,"possibly_sensitive":false,"possibly_sensitive_appealable":false,"lang":"en"}
