{"created_at":"Thu Jan 12 08:13:02 +0000 2017","id":819457144529547264,"id_str":"819457144529547264","text":"I see that lil tat on ya coochie \u2014 OMG \ud83d\ude2d\ud83d\ude2d\ud83d\ude2d\ud83d\ude2d\ud83d\ude48 https:\/\/t.co\/YNT8HksLEt","truncated":false,"entities":{"hashtags":[],"symbols":[],"user_mentions":[],"urls":[{"url":"https:\/\/t.co\/YNT8HksLEt","expanded_url":"https:\/\/curiouscat.me\/2984935889\/post\/76209939?t=1484208782","display_url":"curiouscat.me\/2984935889\/pos\u2026","indices":[45,68]}]},"source":"\u003ca href=\"http:\/\/curiouscat.me\" rel=\"nofollow\"\u003eCurious Cat\u003c\/a\u003e","in_reply_to_status_id":null,"in_reply_to_status_id_str":null,"in_reply_to_user_id":null,"in_reply_to_user_id_str":null,"in_reply_to_screen_name":null,"user":{"id":2984935889,"id_str":"2984935889","name":"Lil MaMa\u2728","screen_name":"jasminedash145","location":"","description":"#FreeFastbreak\u2728 #Ty'zhae\u2764\ufe0f","url":null,"entities":{"description":{"urls":[]}},"protected":false,"followers_count":3590,"friends_count":2657,"listed_count":7,"created_at":"Mon Jan 19 01:20:49 +0000 2015","favourites_count":35038,"utc_offset":null,"time_zone":null,"geo_enabled":true,"verified":false,"statuses_count":57395,"lang":"en","contributors_enabled":false,"is_translator":false,"is_translation_enabled":false,"profile_background_color":"C0DEED","profile_background_image_url":"http:\/\/abs.twimg.com\/images\/themes\/theme1\/bg.png","profile_background_image_url_https":"https:\/\/abs.twimg.com\/images\/themes\/theme1\/bg.png","profile_background_tile":false,"profile_image_url":"http:\/\/pbs.twimg.com\/profile_images\/793576076173803521\/7xIkjxjY_normal.jpg","profile_image_url_https":"https:\/\/pbs.twimg.com\/profile_images\/793576076173803521\/7xIkjxjY_normal.jpg","profile_banner_url":"https:\/\/pbs.twimg.com\/profile_banners\/2984935889\/1484209563","profile_link_color":"1DA1F2","profile_sidebar_border_color":"C0DEED","profile_sidebar_fill_color":"DDEEF6","profile_text_color":"333333","profile_use_background_image":true,"has_extended_profile":false,"default_profile":true,"default_profile_image":false,"following":false,"follow_request_sent":false,"notifications":false,"translator_type":"none"},"geo":null,"coordinates":null,"place":null,"contributors":null,"is_quote_status":false,"retweet_count":0,"favorite_count":0,"favorited":false,"retweeted":false,"possibly_sensitive":false,"possibly_sensitive_appealable":false,"lang":"en"}
