{"created_at":"Thu Jan 12 08:13:03 +0000 2017","id":819457148090454016,"id_str":"819457148090454016","text":"Came out of the house and wondered why the roads were so calm. Took me half a bus ride to realise it's Poya. I Could have worn jeans!  \ud83d\ude20\ud83e\udd21","truncated":false,"entities":{"hashtags":[],"symbols":[],"user_mentions":[],"urls":[]},"source":"\u003ca href=\"http:\/\/twitter.com\" rel=\"nofollow\"\u003eTwitter Web Client\u003c\/a\u003e","in_reply_to_status_id":null,"in_reply_to_status_id_str":null,"in_reply_to_user_id":null,"in_reply_to_user_id_str":null,"in_reply_to_screen_name":null,"user":{"id":886882400,"id_str":"886882400","name":"Kalani Kumarasinghe","screen_name":"CullenieApsara","location":"Second Star to the Right","description":"Journalist by day | Writer by night | Superhero in dreams | Indophile | Bookworm | Motion picture lover above all | Tweets are personal","url":"https:\/\/t.co\/PoSqRbHshb","entities":{"url":{"urls":[{"url":"https:\/\/t.co\/PoSqRbHshb","expanded_url":"https:\/\/jabbernaut.wordpress.com","display_url":"jabbernaut.wordpress.com","indices":[0,23]}]},"description":{"urls":[]}},"protected":false,"followers_count":3695,"friends_count":2454,"listed_count":11,"created_at":"Wed Oct 17 14:00:05 +0000 2012","favourites_count":3299,"utc_offset":19800,"time_zone":"Chennai","geo_enabled":true,"verified":false,"statuses_count":6107,"lang":"en","contributors_enabled":false,"is_translator":false,"is_translation_enabled":false,"profile_background_color":"84E4EB","profile_background_image_url":"http:\/\/pbs.twimg.com\/profile_background_images\/378800000086494516\/8ed750258e6af95b4bcb72e402a9ef19.jpeg","profile_background_image_url_https":"https:\/\/pbs.twimg.com\/profile_background_images\/378800000086494516\/8ed750258e6af95b4bcb72e402a9ef19.jpeg","profile_background_tile":false,"profile_image_url":"http:\/\/pbs.twimg.com\/profile_images\/818433345994428418\/IIbrpXCr_normal.jpg","profile_image_url_https":"https:\/\/pbs.twimg.com\/profile_images\/818433345994428418\/IIbrpXCr_normal.jpg","profile_banner_url":"https:\/\/pbs.twimg.com\/profile_banners\/886882400\/1479530975","profile_link_color":"F58EA8","profile_sidebar_border_color":"FFFFFF","profile_sidebar_fill_color":"DDEEF6","profile_text_color":"333333","profile_use_background_image":true,"has_extended_profile":false,"default_profile":false,"default_profile_image":false,"following":false,"follow_request_sent":false,"notifications":false,"translator_type":"none"},"geo":null,"coordinates":null,"place":null,"contributors":null,"is_quote_status":false,"retweet_count":0,"favorite_count":1,"favorited":false,"retweeted":false,"lang":"en"}
