{"created_at":"Thu Jan 12 08:13:05 +0000 2017","id":819457154813980672,"id_str":"819457154813980672","text":"I think she gon call me in the morning so I should be sleep...","truncated":false,"entities":{"hashtags":[],"symbols":[],"user_mentions":[],"urls":[]},"source":"\u003ca href=\"http:\/\/twitter.com\/download\/iphone\" rel=\"nofollow\"\u003eTwitter for iPhone\u003c\/a\u003e","in_reply_to_status_id":null,"in_reply_to_status_id_str":null,"in_reply_to_user_id":null,"in_reply_to_user_id_str":null,"in_reply_to_screen_name":null,"user":{"id":350097602,"id_str":"350097602","name":"Yogi\ud83d\udc3b","screen_name":"onesinner","location":"Cleveland, OH","description":"sc: diyagi.1 #LongLiveDario #PhilForeva #BoobieWorld","url":null,"entities":{"description":{"urls":[]}},"protected":false,"followers_count":2783,"friends_count":2506,"listed_count":13,"created_at":"Sun Aug 07 06:00:09 +0000 2011","favourites_count":9284,"utc_offset":-18000,"time_zone":"Quito","geo_enabled":true,"verified":false,"statuses_count":192259,"lang":"en","contributors_enabled":false,"is_translator":false,"is_translation_enabled":false,"profile_background_color":"DBE9ED","profile_background_image_url":"http:\/\/pbs.twimg.com\/profile_background_images\/378800000119077682\/94ff7ed04c6d6667696c94cb229ef31a.jpeg","profile_background_image_url_https":"https:\/\/pbs.twimg.com\/profile_background_images\/378800000119077682\/94ff7ed04c6d6667696c94cb229ef31a.jpeg","profile_background_tile":true,"profile_image_url":"http:\/\/pbs.twimg.com\/profile_images\/819445459177635840\/UhwMYGvI_normal.jpg","profile_image_url_https":"https:\/\/pbs.twimg.com\/profile_images\/819445459177635840\/UhwMYGvI_normal.jpg","profile_banner_url":"https:\/\/pbs.twimg.com\/profile_banners\/350097602\/1484052893","profile_link_color":"0F0F0F","profile_sidebar_border_color":"FFFFFF","profile_sidebar_fill_color":"F2F2F2","profile_text_color":"141414","profile_use_background_image":true,"has_extended_profile":true,"default_profile":false,"default_profile_image":false,"following":false,"follow_request_sent":false,"notifications":false,"translator_type":"none"},"geo":null,"coordinates":null,"place":null,"contributors":null,"is_quote_status":false,"retweet_count":0,"favorite_count":0,"favorited":false,"retweeted":false,"lang":"en"}
