{"created_at":"Thu Jan 12 08:13:05 +0000 2017","id":819457155669499904,"id_str":"819457155669499904","text":"Ah man, I gave in and downloaded FB messenger when i refused to for years\ud83d\ude10@_OsmanYusuf, I feel defeated.","truncated":false,"entities":{"hashtags":[],"symbols":[],"user_mentions":[{"screen_name":"_OsmanYusuf","name":"Osman","id":3221809927,"id_str":"3221809927","indices":[74,86]}],"urls":[]},"source":"\u003ca href=\"http:\/\/twitter.com\/download\/iphone\" rel=\"nofollow\"\u003eTwitter for iPhone\u003c\/a\u003e","in_reply_to_status_id":null,"in_reply_to_status_id_str":null,"in_reply_to_user_id":null,"in_reply_to_user_id_str":null,"in_reply_to_screen_name":null,"user":{"id":29941424,"id_str":"29941424","name":"Shadia\ud83d\udc23","screen_name":"lolitsshads","location":"California","description":"Writing about TV over at @talknerdywithus @LieALittleTV @TellTaleTV_. Dreamer. Traveler. Don't be like the rest of 'em darling~ IG: lolitsshads","url":"https:\/\/t.co\/IySsWjC7FH","entities":{"url":{"urls":[{"url":"https:\/\/t.co\/IySsWjC7FH","expanded_url":"https:\/\/creators.co\/@lolitsshads","display_url":"creators.co\/@lolitsshads","indices":[0,23]}]},"description":{"urls":[]}},"protected":false,"followers_count":977,"friends_count":664,"listed_count":46,"created_at":"Thu Apr 09 07:20:26 +0000 2009","favourites_count":22740,"utc_offset":-28800,"time_zone":"Pacific Time (US & Canada)","geo_enabled":true,"verified":false,"statuses_count":33899,"lang":"en","contributors_enabled":false,"is_translator":false,"is_translation_enabled":false,"profile_background_color":"822D8A","profile_background_image_url":"http:\/\/pbs.twimg.com\/profile_background_images\/378800000081538639\/8ed750258e6af95b4bcb72e402a9ef19.jpeg","profile_background_image_url_https":"https:\/\/pbs.twimg.com\/profile_background_images\/378800000081538639\/8ed750258e6af95b4bcb72e402a9ef19.jpeg","profile_background_tile":true,"profile_image_url":"http:\/\/pbs.twimg.com\/profile_images\/816137228103450626\/2JO-VE5c_normal.jpg","profile_image_url_https":"https:\/\/pbs.twimg.com\/profile_images\/816137228103450626\/2JO-VE5c_normal.jpg","profile_banner_url":"https:\/\/pbs.twimg.com\/profile_banners\/29941424\/1483001109","profile_link_color":"1B95E0","profile_sidebar_border_color":"FFFFFF","profile_sidebar_fill_color":"7AC3EE","profile_text_color":"3D1957","profile_use_background_image":true,"has_extended_profile":true,"default_profile":false,"default_profile_image":false,"following":false,"follow_request_sent":false,"notifications":false,"translator_type":"none"},"geo":null,"coordinates":null,"place":null,"contributors":null,"is_quote_status":false,"retweet_count":0,"favorite_count":1,"favorited":false,"retweeted":false,"lang":"en"}
