{"created_at":"Thu Jan 12 08:13:05 +0000 2017","id":819457156089057285,"id_str":"819457156089057285","text":"\u0645\u0644\u062a\u0646\u064a \u062d\u064f\u0628 \u0648\u062d\u0646\u064a\u0647\u2764\ufe0f\u2764\ufe0f\u2764\ufe0f\u2764\ufe0f.","truncated":false,"entities":{"hashtags":[],"symbols":[],"user_mentions":[],"urls":[]},"source":"\u003ca href=\"http:\/\/twitter.com\/download\/iphone\" rel=\"nofollow\"\u003eTwitter for iPhone\u003c\/a\u003e","in_reply_to_status_id":null,"in_reply_to_status_id_str":null,"in_reply_to_user_id":null,"in_reply_to_user_id_str":null,"in_reply_to_screen_name":null,"user":{"id":791592319791267840,"id_str":"791592319791267840","name":"OH.","screen_name":"i__ci","location":"","description":"\u0623\u062a\u062e\u0644\u0635 \u0645\u0646 \u0627\u0644\u0647\u0631\u0627\u0621 \u0628\u0647\u0631\u0627\u0621 \u0645\u062b\u064a\u0644.","url":null,"entities":{"description":{"urls":[]}},"protected":false,"followers_count":26,"friends_count":81,"listed_count":0,"created_at":"Thu Oct 27 10:48:10 +0000 2016","favourites_count":15,"utc_offset":null,"time_zone":null,"geo_enabled":false,"verified":false,"statuses_count":39,"lang":"ar","contributors_enabled":false,"is_translator":false,"is_translation_enabled":false,"profile_background_color":"F5F8FA","profile_background_image_url":null,"profile_background_image_url_https":null,"profile_background_tile":false,"profile_image_url":"http:\/\/pbs.twimg.com\/profile_images\/820029231287701504\/PF43RU_l_normal.jpg","profile_image_url_https":"https:\/\/pbs.twimg.com\/profile_images\/820029231287701504\/PF43RU_l_normal.jpg","profile_banner_url":"https:\/\/pbs.twimg.com\/profile_banners\/791592319791267840\/1484345332","profile_link_color":"1DA1F2","profile_sidebar_border_color":"C0DEED","profile_sidebar_fill_color":"DDEEF6","profile_text_color":"333333","profile_use_background_image":true,"has_extended_profile":false,"default_profile":true,"default_profile_image":false,"following":false,"follow_request_sent":false,"notifications":false,"translator_type":"none"},"geo":null,"coordinates":null,"place":null,"contributors":null,"is_quote_status":false,"retweet_count":0,"favorite_count":0,"favorited":false,"retweeted":false,"lang":"ar"}
