{"created_at":"Thu Jan 12 08:13:02 +0000 2017","id":819457142264578048,"id_str":"819457142264578048","text":"That moment when you write a 153 word email in less than 2 minutes...time to hire me as a PA maybe? I think not haha","truncated":false,"entities":{"hashtags":[],"symbols":[],"user_mentions":[],"urls":[]},"source":"\u003ca href=\"http:\/\/www.facebook.com\/twitter\" rel=\"nofollow\"\u003eFacebook\u003c\/a\u003e","in_reply_to_status_id":null,"in_reply_to_status_id_str":null,"in_reply_to_user_id":null,"in_reply_to_user_id_str":null,"in_reply_to_screen_name":null,"user":{"id":111892426,"id_str":"111892426","name":"Seb Brantigan","screen_name":"Seb_Brantigan","location":"Ipswich, England","description":"Food lover, awful dancer, 'Brit-preneur' always looking to make the world smile a person at a time! \u2198FREE Twitter Lead Gen Training below:","url":"https:\/\/t.co\/FexTXLDQia","entities":{"url":{"urls":[{"url":"https:\/\/t.co\/FexTXLDQia","expanded_url":"http:\/\/SeBrantigan.mysocialmediasecret.com\/","display_url":"SeBrantigan.mysocialmediasecret.com","indices":[0,23]}]},"description":{"urls":[]}},"protected":false,"followers_count":11492,"friends_count":11977,"listed_count":151,"created_at":"Sat Feb 06 14:05:58 +0000 2010","favourites_count":79,"utc_offset":0,"time_zone":"London","geo_enabled":false,"verified":false,"statuses_count":5305,"lang":"en","contributors_enabled":false,"is_translator":false,"is_translation_enabled":false,"profile_background_color":"000000","profile_background_image_url":"http:\/\/abs.twimg.com\/images\/themes\/theme15\/bg.png","profile_background_image_url_https":"https:\/\/abs.twimg.com\/images\/themes\/theme15\/bg.png","profile_background_tile":false,"profile_image_url":"http:\/\/pbs.twimg.com\/profile_images\/817153523003588608\/ZkwQec1v_normal.jpg","profile_image_url_https":"https:\/\/pbs.twimg.com\/profile_images\/817153523003588608\/ZkwQec1v_normal.jpg","profile_banner_url":"https:\/\/pbs.twimg.com\/profile_banners\/111892426\/1464818643","profile_link_color":"981CEB","profile_sidebar_border_color":"000000","profile_sidebar_fill_color":"000000","profile_text_color":"000000","profile_use_background_image":false,"has_extended_profile":true,"default_profile":false,"default_profile_image":false,"following":false,"follow_request_sent":false,"notifications":false,"translator_type":"none"},"geo":null,"coordinates":null,"place":null,"contributors":null,"is_quote_status":false,"retweet_count":0,"favorite_count":0,"favorited":false,"retweeted":false,"lang":"en"}
