{"created_at":"Thu Jan 12 08:13:03 +0000 2017","id":819457146236575744,"id_str":"819457146236575744","text":"Ima Grt It How I Get It , Told My Men We Gon Be Straight. \ud83e\udd18","truncated":false,"entities":{"hashtags":[],"symbols":[],"user_mentions":[],"urls":[]},"source":"\u003ca href=\"http:\/\/twitter.com\/download\/iphone\" rel=\"nofollow\"\u003eTwitter for iPhone\u003c\/a\u003e","in_reply_to_status_id":null,"in_reply_to_status_id_str":null,"in_reply_to_user_id":null,"in_reply_to_user_id_str":null,"in_reply_to_screen_name":null,"user":{"id":241947826,"id_str":"241947826","name":"#FounderWD4L","screen_name":"ItsOnlyOneKASH","location":"20 Years & Counting ","description":"Features & Booking : WeDidItEnt@Gmail.Com . . CWTWU2 #LongLiveDire #LongLiveLaffy #LongLiveLilJames #LongLiveButta - #CapHeights , 12|5|16 \ud83d\udd11 ASIA \ud83d\udc8d","url":"https:\/\/t.co\/yBai6JQb90","entities":{"url":{"urls":[{"url":"https:\/\/t.co\/yBai6JQb90","expanded_url":"http:\/\/spnr.la\/rWDT8BxN","display_url":"spnr.la\/rWDT8BxN","indices":[0,23]}]},"description":{"urls":[]}},"protected":false,"followers_count":2577,"friends_count":2483,"listed_count":7,"created_at":"Sun Jan 23 15:11:01 +0000 2011","favourites_count":11491,"utc_offset":-21600,"time_zone":"Central Time (US & Canada)","geo_enabled":true,"verified":false,"statuses_count":87225,"lang":"en","contributors_enabled":false,"is_translator":false,"is_translation_enabled":false,"profile_background_color":"131516","profile_background_image_url":"http:\/\/pbs.twimg.com\/profile_background_images\/600303983500992512\/Te3mxB9z.jpg","profile_background_image_url_https":"https:\/\/pbs.twimg.com\/profile_background_images\/600303983500992512\/Te3mxB9z.jpg","profile_background_tile":true,"profile_image_url":"http:\/\/pbs.twimg.com\/profile_images\/817521851001933824\/uwwU27pj_normal.jpg","profile_image_url_https":"https:\/\/pbs.twimg.com\/profile_images\/817521851001933824\/uwwU27pj_normal.jpg","profile_banner_url":"https:\/\/pbs.twimg.com\/profile_banners\/241947826\/1483947694","profile_link_color":"009999","profile_sidebar_border_color":"FFFFFF","profile_sidebar_fill_color":"050305","profile_text_color":"333333","profile_use_background_image":true,"has_extended_profile":true,"default_profile":false,"default_profile_image":false,"following":false,"follow_request_sent":false,"notifications":false,"translator_type":"none"},"geo":null,"coordinates":null,"place":null,"contributors":null,"is_quote_status":false,"retweet_count":0,"favorite_count":0,"favorited":false,"retweeted":false,"lang":"en"}
