{"created_at":"Thu Jan 12 08:13:02 +0000 2017","id":819457142805540864,"id_str":"819457142805540864","text":"In that time I graduated with my B.S., moved to Oregon, played in dirt. Got two tattoos. Started an epic relationship with a red beard.","truncated":false,"entities":{"hashtags":[],"symbols":[],"user_mentions":[],"urls":[]},"source":"\u003ca href=\"https:\/\/mobile.twitter.com\" rel=\"nofollow\"\u003eMobile Web (M5)\u003c\/a\u003e","in_reply_to_status_id":null,"in_reply_to_status_id_str":null,"in_reply_to_user_id":null,"in_reply_to_user_id_str":null,"in_reply_to_screen_name":null,"user":{"id":7732942,"id_str":"7732942","name":"SK Gaskell","screen_name":"ninjesama","location":"Eugene, Oregon","description":"I'm just figuring out what will make me happy. #liketheletters","url":"http:\/\/t.co\/836F6KnBoH","entities":{"url":{"urls":[{"url":"http:\/\/t.co\/836F6KnBoH","expanded_url":"http:\/\/mynameissk.tumblr.com","display_url":"mynameissk.tumblr.com","indices":[0,22]}]},"description":{"urls":[]}},"protected":false,"followers_count":57,"friends_count":53,"listed_count":1,"created_at":"Thu Jul 26 09:45:39 +0000 2007","favourites_count":29,"utc_offset":-25200,"time_zone":"Mountain Time (US & Canada)","geo_enabled":true,"verified":false,"statuses_count":430,"lang":"en","contributors_enabled":false,"is_translator":false,"is_translation_enabled":false,"profile_background_color":"266ABD","profile_background_image_url":"http:\/\/pbs.twimg.com\/profile_background_images\/729619124\/a7e062b228d8ae0537aee1e7b6c83d68.png","profile_background_image_url_https":"https:\/\/pbs.twimg.com\/profile_background_images\/729619124\/a7e062b228d8ae0537aee1e7b6c83d68.png","profile_background_tile":true,"profile_image_url":"http:\/\/pbs.twimg.com\/profile_images\/819456355375333378\/IU1ILDOy_normal.jpg","profile_image_url_https":"https:\/\/pbs.twimg.com\/profile_images\/819456355375333378\/IU1ILDOy_normal.jpg","profile_banner_url":"https:\/\/pbs.twimg.com\/profile_banners\/7732942\/1354677208","profile_link_color":"60CDDB","profile_sidebar_border_color":"FFFFFF","profile_sidebar_fill_color":"F6F6F6","profile_text_color":"333333","profile_use_background_image":true,"has_extended_profile":false,"default_profile":false,"default_profile_image":false,"following":false,"follow_request_sent":false,"notifications":false,"translator_type":"none"},"geo":null,"coordinates":null,"place":null,"contributors":null,"is_quote_status":false,"retweet_count":0,"favorite_count":0,"favorited":false,"retweeted":false,"lang":"en"}
