{"created_at":"Thu Jan 12 08:13:05 +0000 2017","id":819457155959033860,"id_str":"819457155959033860","text":"Debattinl\u00e4gg: \u201dEn alldeles f\u00f6r stor del av det k\u00f6tt vi s\u00e4tter i oss produceras med ekologiskt, etiskt och socialt... https:\/\/t.co\/5VL5hM9DUm","truncated":false,"entities":{"hashtags":[],"symbols":[],"user_mentions":[],"urls":[{"url":"https:\/\/t.co\/5VL5hM9DUm","expanded_url":"http:\/\/fb.me\/UBO9hMGY","display_url":"fb.me\/UBO9hMGY","indices":[117,140]}]},"source":"\u003ca href=\"http:\/\/www.facebook.com\/twitter\" rel=\"nofollow\"\u003eFacebook\u003c\/a\u003e","in_reply_to_status_id":null,"in_reply_to_status_id_str":null,"in_reply_to_user_id":null,"in_reply_to_user_id_str":null,"in_reply_to_screen_name":null,"user":{"id":20126988,"id_str":"20126988","name":"Helsingborgs Dagblad","screen_name":"hdhbg","location":"Helsingborg, Sweden","description":"V\u00e4lkommen till Helsingborgs Dagblad p\u00e5 Twitter. Vi skickar ut ett urval av v\u00e5ra nyheter samt fr\u00e5gor och annat. Tipsa oss g\u00e4rna h\u00e4r eller p\u00e5 tipsa@hd.se.","url":"http:\/\/t.co\/WafNW9mvMy","entities":{"url":{"urls":[{"url":"http:\/\/t.co\/WafNW9mvMy","expanded_url":"http:\/\/hd.se","display_url":"hd.se","indices":[0,22]}]},"description":{"urls":[]}},"protected":false,"followers_count":8114,"friends_count":658,"listed_count":179,"created_at":"Thu Feb 05 08:03:07 +0000 2009","favourites_count":68,"utc_offset":3600,"time_zone":"Stockholm","geo_enabled":true,"verified":false,"statuses_count":38000,"lang":"en","contributors_enabled":false,"is_translator":false,"is_translation_enabled":false,"profile_background_color":"C0DEED","profile_background_image_url":"http:\/\/abs.twimg.com\/images\/themes\/theme1\/bg.png","profile_background_image_url_https":"https:\/\/abs.twimg.com\/images\/themes\/theme1\/bg.png","profile_background_tile":false,"profile_image_url":"http:\/\/pbs.twimg.com\/profile_images\/818767159052607488\/7BCRQqPE_normal.jpg","profile_image_url_https":"https:\/\/pbs.twimg.com\/profile_images\/818767159052607488\/7BCRQqPE_normal.jpg","profile_banner_url":"https:\/\/pbs.twimg.com\/profile_banners\/20126988\/1411504601","profile_link_color":"1DA1F2","profile_sidebar_border_color":"C0DEED","profile_sidebar_fill_color":"DDEEF6","profile_text_color":"333333","profile_use_background_image":true,"has_extended_profile":false,"default_profile":true,"default_profile_image":false,"following":false,"follow_request_sent":false,"notifications":false,"translator_type":"none"},"geo":null,"coordinates":null,"place":null,"contributors":null,"is_quote_status":false,"retweet_count":0,"favorite_count":0,"favorited":false,"retweeted":false,"possibly_sensitive":false,"possibly_sensitive_appealable":false,"lang":"sv"}
