{"created_at":"Thu Jan 12 08:13:03 +0000 2017","id":819457146798489601,"id_str":"819457146798489601","text":"Shit I left my glasses in the dorm. \ud83d\ude35","truncated":false,"entities":{"hashtags":[],"symbols":[],"user_mentions":[],"urls":[]},"source":"\u003ca href=\"http:\/\/twitter.com\/download\/iphone\" rel=\"nofollow\"\u003eTwitter for iPhone\u003c\/a\u003e","in_reply_to_status_id":null,"in_reply_to_status_id_str":null,"in_reply_to_user_id":null,"in_reply_to_user_id_str":null,"in_reply_to_screen_name":null,"user":{"id":3227090858,"id_str":"3227090858","name":"Rico Magpoc","screen_name":"mmmagpoc","location":"Bustos, Bulacan","description":"Shy type","url":"https:\/\/t.co\/Uu4X16oAUq","entities":{"url":{"urls":[{"url":"https:\/\/t.co\/Uu4X16oAUq","expanded_url":"http:\/\/ricomagpoc.tumblr.com","display_url":"ricomagpoc.tumblr.com","indices":[0,23]}]},"description":{"urls":[]}},"protected":false,"followers_count":315,"friends_count":368,"listed_count":1,"created_at":"Tue May 26 12:22:49 +0000 2015","favourites_count":6545,"utc_offset":null,"time_zone":null,"geo_enabled":true,"verified":false,"statuses_count":7777,"lang":"en","contributors_enabled":false,"is_translator":false,"is_translation_enabled":false,"profile_background_color":"010439","profile_background_image_url":"http:\/\/abs.twimg.com\/images\/themes\/theme1\/bg.png","profile_background_image_url_https":"https:\/\/abs.twimg.com\/images\/themes\/theme1\/bg.png","profile_background_tile":false,"profile_image_url":"http:\/\/pbs.twimg.com\/profile_images\/813347244141182977\/TNeFlYx8_normal.jpg","profile_image_url_https":"https:\/\/pbs.twimg.com\/profile_images\/813347244141182977\/TNeFlYx8_normal.jpg","profile_banner_url":"https:\/\/pbs.twimg.com\/profile_banners\/3227090858\/1482752116","profile_link_color":"595959","profile_sidebar_border_color":"000000","profile_sidebar_fill_color":"000000","profile_text_color":"000000","profile_use_background_image":false,"has_extended_profile":true,"default_profile":false,"default_profile_image":false,"following":false,"follow_request_sent":false,"notifications":false,"translator_type":"none"},"geo":null,"coordinates":null,"place":null,"contributors":null,"is_quote_status":false,"retweet_count":0,"favorite_count":0,"favorited":false,"retweeted":false,"lang":"en"}
