{"created_at":"Thu Jan 12 08:13:04 +0000 2017","id":819457151961853956,"id_str":"819457151961853956","text":"I liked a @YouTube video from @slayedbyblade https:\/\/t.co\/A93DtubxIF Sore?!","truncated":false,"entities":{"hashtags":[],"symbols":[],"user_mentions":[{"screen_name":"YouTube","name":"YouTube","id":10228272,"id_str":"10228272","indices":[10,18]},{"screen_name":"SlayedByBlade","name":"Slayed","id":335066278,"id_str":"335066278","indices":[30,44]}],"urls":[{"url":"https:\/\/t.co\/A93DtubxIF","expanded_url":"http:\/\/youtu.be\/1JYmzv3crEI?a","display_url":"youtu.be\/1JYmzv3crEI?a","indices":[45,68]}]},"source":"\u003ca href=\"http:\/\/www.google.com\/\" rel=\"nofollow\"\u003eGoogle\u003c\/a\u003e","in_reply_to_status_id":null,"in_reply_to_status_id_str":null,"in_reply_to_user_id":null,"in_reply_to_user_id_str":null,"in_reply_to_screen_name":null,"user":{"id":3182980311,"id_str":"3182980311","name":"Josh | Jbar","screen_name":"zJbar","location":"Scotland","description":"Hello, I'm Jbar :)","url":"https:\/\/t.co\/yfH5l5oemO","entities":{"url":{"urls":[{"url":"https:\/\/t.co\/yfH5l5oemO","expanded_url":"https:\/\/www.youtube.com\/channel\/UCsdTZJ4YpRjlVLiuoB6JmYA","display_url":"youtube.com\/channel\/UCsdTZ\u2026","indices":[0,23]}]},"description":{"urls":[]}},"protected":false,"followers_count":926,"friends_count":495,"listed_count":8,"created_at":"Sun Apr 19 12:59:33 +0000 2015","favourites_count":26164,"utc_offset":0,"time_zone":"London","geo_enabled":true,"verified":false,"statuses_count":10871,"lang":"en","contributors_enabled":false,"is_translator":false,"is_translation_enabled":false,"profile_background_color":"000000","profile_background_image_url":"http:\/\/abs.twimg.com\/images\/themes\/theme1\/bg.png","profile_background_image_url_https":"https:\/\/abs.twimg.com\/images\/themes\/theme1\/bg.png","profile_background_tile":false,"profile_image_url":"http:\/\/pbs.twimg.com\/profile_images\/816731622385078272\/IiY0gvNe_normal.jpg","profile_image_url_https":"https:\/\/pbs.twimg.com\/profile_images\/816731622385078272\/IiY0gvNe_normal.jpg","profile_banner_url":"https:\/\/pbs.twimg.com\/profile_banners\/3182980311\/1483562644","profile_link_color":"DD2E44","profile_sidebar_border_color":"000000","profile_sidebar_fill_color":"000000","profile_text_color":"000000","profile_use_background_image":false,"has_extended_profile":true,"default_profile":false,"default_profile_image":false,"following":false,"follow_request_sent":false,"notifications":false,"translator_type":"none"},"geo":null,"coordinates":null,"place":null,"contributors":null,"is_quote_status":false,"retweet_count":0,"favorite_count":0,"favorited":false,"retweeted":false,"possibly_sensitive":false,"possibly_sensitive_appealable":false,"lang":"en"}
