{"created_at":"Thu Jan 12 08:13:02 +0000 2017","id":819457145259311104,"id_str":"819457145259311104","text":"@Munkey8486 correction, I'm 9 minutes in and this is the most batshit show of the season. Gonna be hard to beat. It's fucking great.","truncated":false,"entities":{"hashtags":[],"symbols":[],"user_mentions":[{"screen_name":"Munkey8486","name":"David Murphy","id":3347865749,"id_str":"3347865749","indices":[0,11]}],"urls":[]},"source":"\u003ca href=\"http:\/\/twitter.com\/download\/iphone\" rel=\"nofollow\"\u003eTwitter for iPhone\u003c\/a\u003e","in_reply_to_status_id":819454709362753537,"in_reply_to_status_id_str":"819454709362753537","in_reply_to_user_id":3347865749,"in_reply_to_user_id_str":"3347865749","in_reply_to_screen_name":"Munkey8486","user":{"id":3347865749,"id_str":"3347865749","name":"David Murphy","screen_name":"Munkey8486","location":"","description":"Gamer, dungeon master, bard, PC master race, enjoyer of anime","url":null,"entities":{"description":{"urls":[]}},"protected":false,"followers_count":6,"friends_count":58,"listed_count":0,"created_at":"Sat Jun 27 19:14:22 +0000 2015","favourites_count":67,"utc_offset":null,"time_zone":null,"geo_enabled":false,"verified":false,"statuses_count":238,"lang":"en","contributors_enabled":false,"is_translator":false,"is_translation_enabled":false,"profile_background_color":"C0DEED","profile_background_image_url":"http:\/\/abs.twimg.com\/images\/themes\/theme1\/bg.png","profile_background_image_url_https":"https:\/\/abs.twimg.com\/images\/themes\/theme1\/bg.png","profile_background_tile":false,"profile_image_url":"http:\/\/pbs.twimg.com\/profile_images\/614875308773277696\/l0Z1y7J7_normal.jpg","profile_image_url_https":"https:\/\/pbs.twimg.com\/profile_images\/614875308773277696\/l0Z1y7J7_normal.jpg","profile_link_color":"1DA1F2","profile_sidebar_border_color":"C0DEED","profile_sidebar_fill_color":"DDEEF6","profile_text_color":"333333","profile_use_background_image":true,"has_extended_profile":false,"default_profile":true,"default_profile_image":false,"following":false,"follow_request_sent":false,"notifications":false,"translator_type":"none"},"geo":null,"coordinates":null,"place":null,"contributors":null,"is_quote_status":false,"retweet_count":0,"favorite_count":0,"favorited":false,"retweeted":false,"lang":"en"}
