{"created_at":"Thu Jan 12 08:13:03 +0000 2017","id":819457147578806272,"id_str":"819457147578806272","text":"@MsBonolo_M I even have fomo to be one of the girls \ud83d\ude29. congrats bheyps \ud83d\ude01\ud83d\ude01\ud83d\udc83\ud83c\udffe","truncated":false,"entities":{"hashtags":[],"symbols":[],"user_mentions":[{"screen_name":"MsBonolo_M","name":"Bonolo Molefe","id":53338758,"id_str":"53338758","indices":[0,11]}],"urls":[]},"source":"\u003ca href=\"http:\/\/twitter.com\/download\/iphone\" rel=\"nofollow\"\u003eTwitter for iPhone\u003c\/a\u003e","in_reply_to_status_id":819216393304416256,"in_reply_to_status_id_str":"819216393304416256","in_reply_to_user_id":53338758,"in_reply_to_user_id_str":"53338758","in_reply_to_screen_name":"MsBonolo_M","user":{"id":1322379024,"id_str":"1322379024","name":"Mothoagae.","screen_name":"Monomi_M","location":"Johannesburg","description":"","url":null,"entities":{"description":{"urls":[]}},"protected":false,"followers_count":5526,"friends_count":961,"listed_count":23,"created_at":"Tue Apr 02 12:34:23 +0000 2013","favourites_count":189,"utc_offset":7200,"time_zone":"Athens","geo_enabled":true,"verified":false,"statuses_count":77557,"lang":"en","contributors_enabled":false,"is_translator":false,"is_translation_enabled":false,"profile_background_color":"C0DEED","profile_background_image_url":"http:\/\/abs.twimg.com\/images\/themes\/theme1\/bg.png","profile_background_image_url_https":"https:\/\/abs.twimg.com\/images\/themes\/theme1\/bg.png","profile_background_tile":false,"profile_image_url":"http:\/\/pbs.twimg.com\/profile_images\/820294469912330240\/4gyusV2B_normal.jpg","profile_image_url_https":"https:\/\/pbs.twimg.com\/profile_images\/820294469912330240\/4gyusV2B_normal.jpg","profile_link_color":"1DA1F2","profile_sidebar_border_color":"C0DEED","profile_sidebar_fill_color":"DDEEF6","profile_text_color":"333333","profile_use_background_image":true,"has_extended_profile":true,"default_profile":true,"default_profile_image":false,"following":false,"follow_request_sent":false,"notifications":false,"translator_type":"none"},"geo":null,"coordinates":null,"place":null,"contributors":null,"is_quote_status":false,"retweet_count":0,"favorite_count":0,"favorited":false,"retweeted":false,"lang":"en"}
