{"created_at":"Thu Jan 12 08:13:03 +0000 2017","id":819457146756550656,"id_str":"819457146756550656","text":"My newest painting. I'm in love \ud83d\ude0d\ud83d\udc9b #painting #art #artist #crafty #craft #paint #elephant\u2026 https:\/\/t.co\/upZrP0jVou","truncated":false,"entities":{"hashtags":[{"text":"painting","indices":[35,44]},{"text":"art","indices":[45,49]},{"text":"artist","indices":[50,57]},{"text":"crafty","indices":[58,65]},{"text":"craft","indices":[66,72]},{"text":"paint","indices":[73,79]},{"text":"elephant","indices":[80,89]}],"symbols":[],"user_mentions":[],"urls":[{"url":"https:\/\/t.co\/upZrP0jVou","expanded_url":"https:\/\/www.instagram.com\/p\/BPKD1C8BFOj\/","display_url":"instagram.com\/p\/BPKD1C8BFOj\/","indices":[91,114]}]},"source":"\u003ca href=\"http:\/\/instagram.com\" rel=\"nofollow\"\u003eInstagram\u003c\/a\u003e","in_reply_to_status_id":null,"in_reply_to_status_id_str":null,"in_reply_to_user_id":null,"in_reply_to_user_id_str":null,"in_reply_to_screen_name":null,"user":{"id":1057200343,"id_str":"1057200343","name":"Katie","screen_name":"Katie__Cooley","location":"Jacksonville, NC","description":"Happily Married\u276410\u26617\u26612013 | Art is my life | Photographer  | PCOS Fighter  |","url":"https:\/\/t.co\/XtrlNlC2Ey","entities":{"url":{"urls":[{"url":"https:\/\/t.co\/XtrlNlC2Ey","expanded_url":"https:\/\/www.facebook.com\/KapturedMphotography","display_url":"facebook.com\/KapturedMphoto\u2026","indices":[0,23]}]},"description":{"urls":[]}},"protected":false,"followers_count":236,"friends_count":603,"listed_count":13,"created_at":"Thu Jan 03 08:04:50 +0000 2013","favourites_count":4051,"utc_offset":-14400,"time_zone":"Atlantic Time (Canada)","geo_enabled":true,"verified":false,"statuses_count":8020,"lang":"en","contributors_enabled":false,"is_translator":false,"is_translation_enabled":false,"profile_background_color":"C0DEED","profile_background_image_url":"http:\/\/abs.twimg.com\/images\/themes\/theme1\/bg.png","profile_background_image_url_https":"https:\/\/abs.twimg.com\/images\/themes\/theme1\/bg.png","profile_background_tile":false,"profile_image_url":"http:\/\/pbs.twimg.com\/profile_images\/816926692308557824\/glv-uOw9_normal.jpg","profile_image_url_https":"https:\/\/pbs.twimg.com\/profile_images\/816926692308557824\/glv-uOw9_normal.jpg","profile_banner_url":"https:\/\/pbs.twimg.com\/profile_banners\/1057200343\/1483605541","profile_link_color":"1DA1F2","profile_sidebar_border_color":"C0DEED","profile_sidebar_fill_color":"DDEEF6","profile_text_color":"333333","profile_use_background_image":true,"has_extended_profile":true,"default_profile":true,"default_profile_image":false,"following":false,"follow_request_sent":false,"notifications":false,"translator_type":"none"},"geo":null,"coordinates":null,"place":null,"contributors":null,"is_quote_status":false,"retweet_count":0,"favorite_count":0,"favorited":false,"retweeted":false,"possibly_sensitive":false,"possibly_sensitive_appealable":false,"lang":"en"}
