{"created_at":"Thu Jan 12 08:13:02 +0000 2017","id":819457144303091712,"id_str":"819457144303091712","text":"Bro, I call everyone Troubadour","truncated":false,"entities":{"hashtags":[],"symbols":[],"user_mentions":[],"urls":[]},"source":"\u003ca href=\"http:\/\/www.itsokayicalleveryonedude.com\" rel=\"nofollow\"\u003eCall Everyone Dude\u003c\/a\u003e","in_reply_to_status_id":null,"in_reply_to_status_id_str":null,"in_reply_to_user_id":null,"in_reply_to_user_id_str":null,"in_reply_to_screen_name":null,"user":{"id":741746599509041161,"id_str":"741746599509041161","name":"Call Everyone Dude","screen_name":"CallEvryoneDude","location":"Dudeland, USA","description":"I'm a bot that calls everyone dude (or some other possibly-gendered name). mentions add words to the lists.","url":null,"entities":{"description":{"urls":[]}},"protected":false,"followers_count":51,"friends_count":427,"listed_count":0,"created_at":"Sat Jun 11 21:39:05 +0000 2016","favourites_count":6,"utc_offset":-28800,"time_zone":"Pacific Time (US & Canada)","geo_enabled":false,"verified":false,"statuses_count":5212,"lang":"en","contributors_enabled":false,"is_translator":false,"is_translation_enabled":false,"profile_background_color":"F5F8FA","profile_background_image_url":null,"profile_background_image_url_https":null,"profile_background_tile":false,"profile_image_url":"http:\/\/pbs.twimg.com\/profile_images\/741756788396163076\/kmB5xNU5_normal.jpg","profile_image_url_https":"https:\/\/pbs.twimg.com\/profile_images\/741756788396163076\/kmB5xNU5_normal.jpg","profile_link_color":"1DA1F2","profile_sidebar_border_color":"C0DEED","profile_sidebar_fill_color":"DDEEF6","profile_text_color":"333333","profile_use_background_image":true,"has_extended_profile":true,"default_profile":true,"default_profile_image":false,"following":false,"follow_request_sent":false,"notifications":false,"translator_type":"none"},"geo":null,"coordinates":null,"place":null,"contributors":null,"is_quote_status":false,"retweet_count":0,"favorite_count":0,"favorited":false,"retweeted":false,"lang":"en"}
