{"created_at":"Thu Jan 12 08:13:05 +0000 2017","id":819457158097956870,"id_str":"819457158097956870","text":"\u4e16\u754c\u6700\u8efd\u91cf\u306e12\u578b2in1 PC\u300c\u30ec\u30c3\u30c4\u30ce\u30fc\u30c8 XZ6\u300d\u767b\u5834\uff01 \u672c\u65e5\u3088\u308a\u4e88\u7d04\u958b\u59cb https:\/\/t.co\/Gg9yT0NjkO #\u30ec\u30c3\u30c4\u30ce\u30fc\u30c8 #Panasonic","truncated":false,"entities":{"hashtags":[{"text":"\u30ec\u30c3\u30c4\u30ce\u30fc\u30c8","indices":[65,72]},{"text":"Panasonic","indices":[73,83]}],"symbols":[],"user_mentions":[],"urls":[{"url":"https:\/\/t.co\/Gg9yT0NjkO","expanded_url":"http:\/\/ascii.jp\/elem\/000\/001\/415\/1415936\/","display_url":"ascii.jp\/elem\/000\/001\/4\u2026","indices":[41,64]}]},"source":"\u003ca href=\"http:\/\/twitter.com\" rel=\"nofollow\"\u003eTwitter Web Client\u003c\/a\u003e","in_reply_to_status_id":null,"in_reply_to_status_id_str":null,"in_reply_to_user_id":null,"in_reply_to_user_id_str":null,"in_reply_to_screen_name":null,"user":{"id":11758452,"id_str":"11758452","name":"(\u25cb\u00b4\u03c9\uff40\u25cb)\u309e","screen_name":"ToshIYk","location":"MZ-2000","description":"\u3084\u3063\u3071\u308a\u30ef\u30a4\u30e4\u30fc\u30d5\u30ec\u30fc\u30e0\u304c\u597d\u304d","url":"https:\/\/t.co\/dCQ6BvBX84","entities":{"url":{"urls":[{"url":"https:\/\/t.co\/dCQ6BvBX84","expanded_url":"http:\/\/d.hatena.ne.jp\/toshiyk\/","display_url":"d.hatena.ne.jp\/toshiyk\/","indices":[0,23]}]},"description":{"urls":[]}},"protected":false,"followers_count":149,"friends_count":226,"listed_count":92,"created_at":"Wed Jan 02 15:35:06 +0000 2008","favourites_count":80668,"utc_offset":32400,"time_zone":"Tokyo","geo_enabled":false,"verified":false,"statuses_count":304306,"lang":"ja","contributors_enabled":false,"is_translator":false,"is_translation_enabled":false,"profile_background_color":"9AE4E8","profile_background_image_url":"http:\/\/pbs.twimg.com\/profile_background_images\/533999041927868417\/RQ7Iqy9h.jpeg","profile_background_image_url_https":"https:\/\/pbs.twimg.com\/profile_background_images\/533999041927868417\/RQ7Iqy9h.jpeg","profile_background_tile":true,"profile_image_url":"http:\/\/pbs.twimg.com\/profile_images\/809342096880508928\/KCFTdi4j_normal.jpg","profile_image_url_https":"https:\/\/pbs.twimg.com\/profile_images\/809342096880508928\/KCFTdi4j_normal.jpg","profile_banner_url":"https:\/\/pbs.twimg.com\/profile_banners\/11758452\/1481800645","profile_link_color":"0084B4","profile_sidebar_border_color":"FFFFFF","profile_sidebar_fill_color":"DDFFCC","profile_text_color":"333333","profile_use_background_image":true,"has_extended_profile":false,"default_profile":false,"default_profile_image":false,"following":false,"follow_request_sent":false,"notifications":false,"translator_type":"none"},"geo":null,"coordinates":null,"place":null,"contributors":null,"is_quote_status":false,"retweet_count":1,"favorite_count":1,"favorited":false,"retweeted":false,"possibly_sensitive":false,"possibly_sensitive_appealable":false,"lang":"ja"}
