{"created_at":"Thu Jan 12 08:13:04 +0000 2017","id":819457151076888577,"id_str":"819457151076888577","text":"I'll put you in mind, I think you'll make a great artiste, like me https:\/\/t.co\/j7QpabdyTb","truncated":false,"entities":{"hashtags":[],"symbols":[],"user_mentions":[],"urls":[{"url":"https:\/\/t.co\/j7QpabdyTb","expanded_url":"https:\/\/twitter.com\/thinman__\/status\/819454982726569985","display_url":"twitter.com\/thinman__\/stat\u2026","indices":[67,90]}]},"source":"\u003ca href=\"http:\/\/twitter.com\/download\/iphone\" rel=\"nofollow\"\u003eTwitter for iPhone\u003c\/a\u003e","in_reply_to_status_id":null,"in_reply_to_status_id_str":null,"in_reply_to_user_id":null,"in_reply_to_user_id_str":null,"in_reply_to_screen_name":null,"user":{"id":162944094,"id_str":"162944094","name":"Mr. Jack Robinson","screen_name":"jackdre02","location":"With God ","description":"Absolute truths relevant to ME: Jesus is alive, the grave has been defeated, and chocolate tastes better if it looks like an egg. #GEMINI#CCC#BlueArmy","url":null,"entities":{"description":{"urls":[]}},"protected":false,"followers_count":13513,"friends_count":3351,"listed_count":101,"created_at":"Mon Jul 05 03:47:43 +0000 2010","favourites_count":552,"utc_offset":null,"time_zone":null,"geo_enabled":true,"verified":false,"statuses_count":482003,"lang":"en","contributors_enabled":false,"is_translator":false,"is_translation_enabled":false,"profile_background_color":"C0DEED","profile_background_image_url":"http:\/\/abs.twimg.com\/images\/themes\/theme1\/bg.png","profile_background_image_url_https":"https:\/\/abs.twimg.com\/images\/themes\/theme1\/bg.png","profile_background_tile":false,"profile_image_url":"http:\/\/pbs.twimg.com\/profile_images\/820007442943791104\/msiMoSzo_normal.jpg","profile_image_url_https":"https:\/\/pbs.twimg.com\/profile_images\/820007442943791104\/msiMoSzo_normal.jpg","profile_banner_url":"https:\/\/pbs.twimg.com\/profile_banners\/162944094\/1480963981","profile_link_color":"1DA1F2","profile_sidebar_border_color":"C0DEED","profile_sidebar_fill_color":"DDEEF6","profile_text_color":"333333","profile_use_background_image":true,"has_extended_profile":true,"default_profile":true,"default_profile_image":false,"following":false,"follow_request_sent":false,"notifications":false,"translator_type":"none"},"geo":null,"coordinates":null,"place":null,"contributors":null,"is_quote_status":true,"quoted_status_id":819454982726569985,"quoted_status_id_str":"819454982726569985","quoted_status":{"created_at":"Thu Jan 12 08:04:27 +0000 2017","id":819454982726569985,"id_str":"819454982726569985","text":"Rabbi! When will you open a school.. want to enrol \"@jackdre02: Yes, check my arts https:\/\/t.co\/leFjqZfpOm\"","truncated":false,"entities":{"hashtags":[],"symbols":[],"user_mentions":[{"screen_name":"jackdre02","name":"Mr. Jack Robinson","id":162944094,"id_str":"162944094","indices":[52,62]}],"urls":[{"url":"https:\/\/t.co\/leFjqZfpOm","expanded_url":"https:\/\/twitter.com\/thinman__\/status\/819453923236966400","display_url":"twitter.com\/thinman__\/stat\u2026","indices":[83,106]}]},"source":"\u003ca href=\"http:\/\/www.twitter.com\" rel=\"nofollow\"\u003eTwitter for BlackBerry\u003c\/a\u003e","in_reply_to_status_id":null,"in_reply_to_status_id_str":null,"in_reply_to_user_id":null,"in_reply_to_user_id_str":null,"in_reply_to_screen_name":null,"user":{"id":133122347,"id_str":"133122347","name":"Floating pullenachio","screen_name":"Thinman__","location":"...","description":"My best friend was born in a manger","url":"https:\/\/t.co\/N9dfANfaIP","entities":{"url":{"urls":[{"url":"https:\/\/t.co\/N9dfANfaIP","expanded_url":"http:\/\/manutd.com","display_url":"manutd.com","indices":[0,23]}]},"description":{"urls":[]}},"protected":false,"followers_count":4222,"friends_count":2165,"listed_count":56,"created_at":"Thu Apr 15 02:25:20 +0000 2010","favourites_count":288,"utc_offset":null,"time_zone":null,"geo_enabled":true,"verified":false,"statuses_count":224096,"lang":"en","contributors_enabled":false,"is_translator":false,"is_translation_enabled":false,"profile_background_color":"C0DEED","profile_background_image_url":"http:\/\/abs.twimg.com\/images\/themes\/theme1\/bg.png","profile_background_image_url_https":"https:\/\/abs.twimg.com\/images\/themes\/theme1\/bg.png","profile_background_tile":false,"profile_image_url":"http:\/\/pbs.twimg.com\/profile_images\/817771608337158144\/aUFg130c_normal.jpg","profile_image_url_https":"https:\/\/pbs.twimg.com\/profile_images\/817771608337158144\/aUFg130c_normal.jpg","profile_banner_url":"https:\/\/pbs.twimg.com\/profile_banners\/133122347\/1474629832","profile_link_color":"1DA1F2","profile_sidebar_border_color":"C0DEED","profile_sidebar_fill_color":"DDEEF6","profile_text_color":"333333","profile_use_background_image":true,"has_extended_profile":true,"default_profile":true,"default_profile_image":false,"following":false,"follow_request_sent":false,"notifications":false,"translator_type":"none"},"geo":null,"coordinates":null,"place":null,"contributors":null,"is_quote_status":true,"quoted_status_id":819453923236966400,"quoted_status_id_str":"819453923236966400","retweet_count":0,"favorite_count":0,"favorited":false,"retweeted":false,"possibly_sensitive":false,"possibly_sensitive_appealable":false,"lang":"en"},"retweet_count":0,"favorite_count":0,"favorited":false,"retweeted":false,"possibly_sensitive":false,"possibly_sensitive_appealable":false,"lang":"en"}
