{"created_at":"Thu Jan 12 08:13:01 +0000 2017","id":819457139886329856,"id_str":"819457139886329856","text":"\u3042\u3063\u304f\u3093\u306e\u9054\u78e8\u843d\u3068\u3057\u898b\u5b88\u308b\u3058\u3085\u3093\u305f\u304f\u3093( ; _ ; )\/~~","truncated":false,"entities":{"hashtags":[],"symbols":[],"user_mentions":[],"urls":[]},"source":"\u003ca href=\"http:\/\/twitter.com\/download\/iphone\" rel=\"nofollow\"\u003eTwitter for iPhone\u003c\/a\u003e","in_reply_to_status_id":null,"in_reply_to_status_id_str":null,"in_reply_to_user_id":null,"in_reply_to_user_id_str":null,"in_reply_to_screen_name":null,"user":{"id":817214343867576322,"id_str":"817214343867576322","name":"\u4f86\u5df4","screen_name":"Honey_IO2I","location":"","description":"\u80a1\u4e0b88cm\u3067\u3001\u305f\u307e\u306b\u9577\u3055\u304c\u8db3\u308a\u306a\u3044\u3053\u3068\u3042\u308b\u3088\u3002","url":null,"entities":{"description":{"urls":[]}},"protected":false,"followers_count":19,"friends_count":16,"listed_count":0,"created_at":"Fri Jan 06 03:40:57 +0000 2017","favourites_count":125,"utc_offset":null,"time_zone":null,"geo_enabled":false,"verified":false,"statuses_count":234,"lang":"ja","contributors_enabled":false,"is_translator":false,"is_translation_enabled":false,"profile_background_color":"F5F8FA","profile_background_image_url":null,"profile_background_image_url_https":null,"profile_background_tile":false,"profile_image_url":"http:\/\/pbs.twimg.com\/profile_images\/817649380245184513\/hLX-dM7A_normal.jpg","profile_image_url_https":"https:\/\/pbs.twimg.com\/profile_images\/817649380245184513\/hLX-dM7A_normal.jpg","profile_banner_url":"https:\/\/pbs.twimg.com\/profile_banners\/817214343867576322\/1483955348","profile_link_color":"1DA1F2","profile_sidebar_border_color":"C0DEED","profile_sidebar_fill_color":"DDEEF6","profile_text_color":"333333","profile_use_background_image":true,"has_extended_profile":false,"default_profile":true,"default_profile_image":false,"following":false,"follow_request_sent":false,"notifications":false,"translator_type":"none"},"geo":null,"coordinates":null,"place":null,"contributors":null,"is_quote_status":false,"retweet_count":0,"favorite_count":0,"favorited":false,"retweeted":false,"lang":"ja"}
