{"created_at":"Thu Jan 12 08:13:06 +0000 2017","id":819457159930880000,"id_str":"819457159930880000","text":"@FoxNews that's where I left that....","truncated":false,"entities":{"hashtags":[],"symbols":[],"user_mentions":[{"screen_name":"FoxNews","name":"Fox News","id":1367531,"id_str":"1367531","indices":[0,8]}],"urls":[]},"source":"\u003ca href=\"http:\/\/twitter.com\/download\/android\" rel=\"nofollow\"\u003eTwitter for Android\u003c\/a\u003e","in_reply_to_status_id":819448832262082561,"in_reply_to_status_id_str":"819448832262082561","in_reply_to_user_id":1367531,"in_reply_to_user_id_str":"1367531","in_reply_to_screen_name":"FoxNews","user":{"id":86963075,"id_str":"86963075","name":"Serenity","screen_name":"orangechicken42","location":"Southern California","description":"Surely you can't be serious.\nI am serious. And don't call me Shirley.","url":null,"entities":{"description":{"urls":[]}},"protected":false,"followers_count":330,"friends_count":327,"listed_count":33,"created_at":"Mon Nov 02 15:25:53 +0000 2009","favourites_count":22070,"utc_offset":-32400,"time_zone":"Alaska","geo_enabled":false,"verified":false,"statuses_count":10974,"lang":"en","contributors_enabled":false,"is_translator":false,"is_translation_enabled":false,"profile_background_color":"C0DEED","profile_background_image_url":"http:\/\/abs.twimg.com\/images\/themes\/theme1\/bg.png","profile_background_image_url_https":"https:\/\/abs.twimg.com\/images\/themes\/theme1\/bg.png","profile_background_tile":false,"profile_image_url":"http:\/\/pbs.twimg.com\/profile_images\/710381395764338688\/9pyVra0S_normal.jpg","profile_image_url_https":"https:\/\/pbs.twimg.com\/profile_images\/710381395764338688\/9pyVra0S_normal.jpg","profile_banner_url":"https:\/\/pbs.twimg.com\/profile_banners\/86963075\/1438931761","profile_link_color":"1DA1F2","profile_sidebar_border_color":"C0DEED","profile_sidebar_fill_color":"DDEEF6","profile_text_color":"333333","profile_use_background_image":true,"has_extended_profile":false,"default_profile":true,"default_profile_image":false,"following":false,"follow_request_sent":false,"notifications":false,"translator_type":"none"},"geo":null,"coordinates":null,"place":null,"contributors":null,"is_quote_status":false,"retweet_count":0,"favorite_count":0,"favorited":false,"retweeted":false,"lang":"en"}
