{"created_at":"Thu Jan 12 08:13:03 +0000 2017","id":819457149482967040,"id_str":"819457149482967040","text":"A pesar de todo te sigo amando y estoy orgullosa de todo lo que lograste,happy birthday 24yn I love you\u2026 https:\/\/t.co\/rVKz5Cr7dv","truncated":true,"entities":{"hashtags":[],"symbols":[],"user_mentions":[],"urls":[{"url":"https:\/\/t.co\/rVKz5Cr7dv","expanded_url":"https:\/\/twitter.com\/i\/web\/status\/819457149482967040","display_url":"twitter.com\/i\/web\/status\/8\u2026","indices":[105,128]}]},"source":"\u003ca href=\"http:\/\/twitter.com\/download\/android\" rel=\"nofollow\"\u003eTwitter for Android\u003c\/a\u003e","in_reply_to_status_id":null,"in_reply_to_status_id_str":null,"in_reply_to_user_id":null,"in_reply_to_user_id_str":null,"in_reply_to_screen_name":null,"user":{"id":4839438274,"id_str":"4839438274","name":"\u2661Sofi1D\ud83c\udf53\u2661","screen_name":"sofiiiArredondo","location":"","description":"ZAYN \ud83d\udc96\n\ud83d\udc98\ud83d\udc8bDIRECTIONER\ud83d\udc8b\ud83d\udc98\n\ud83c\udf53SERRANISTA\ud83c\udf53\nLarry shipper\ud83d\udc85\ud83d\ude1a","url":null,"entities":{"description":{"urls":[]}},"protected":false,"followers_count":66,"friends_count":161,"listed_count":0,"created_at":"Sat Jan 23 18:39:27 +0000 2016","favourites_count":3977,"utc_offset":null,"time_zone":null,"geo_enabled":false,"verified":false,"statuses_count":1364,"lang":"es","contributors_enabled":false,"is_translator":false,"is_translation_enabled":false,"profile_background_color":"F5F8FA","profile_background_image_url":null,"profile_background_image_url_https":null,"profile_background_tile":false,"profile_image_url":"http:\/\/pbs.twimg.com\/profile_images\/815655819203215361\/urV66huK_normal.jpg","profile_image_url_https":"https:\/\/pbs.twimg.com\/profile_images\/815655819203215361\/urV66huK_normal.jpg","profile_banner_url":"https:\/\/pbs.twimg.com\/profile_banners\/4839438274\/1475895656","profile_link_color":"1DA1F2","profile_sidebar_border_color":"C0DEED","profile_sidebar_fill_color":"DDEEF6","profile_text_color":"333333","profile_use_background_image":true,"has_extended_profile":false,"default_profile":true,"default_profile_image":false,"following":false,"follow_request_sent":false,"notifications":false,"translator_type":"none"},"geo":null,"coordinates":null,"place":null,"contributors":null,"is_quote_status":false,"retweet_count":1,"favorite_count":1,"favorited":false,"retweeted":false,"possibly_sensitive":false,"possibly_sensitive_appealable":false,"lang":"es"}
