{"created_at":"Thu Jan 12 08:13:03 +0000 2017","id":819457147700269056,"id_str":"819457147700269056","text":"@Keiure im lowkey salt bcus i wanted either sousuke sr or yukiho sr but dw i had fun www ill play harder next duel gig","truncated":false,"entities":{"hashtags":[],"symbols":[],"user_mentions":[{"screen_name":"Keiure","name":"\ud83d\udcaeHibatsuna month\ud83d\udcae","id":68146930,"id_str":"68146930","indices":[0,7]}],"urls":[]},"source":"\u003ca href=\"http:\/\/twitter.com\/download\/android\" rel=\"nofollow\"\u003eTwitter for Android\u003c\/a\u003e","in_reply_to_status_id":819456814047580161,"in_reply_to_status_id_str":"819456814047580161","in_reply_to_user_id":68146930,"in_reply_to_user_id_str":"68146930","in_reply_to_screen_name":"Keiure","user":{"id":729631754726703104,"id_str":"729631754726703104","name":"Ayame \ud83c\udf38","screen_name":"wonderpalette","location":"Bangkok, Thailand","description":"Read listo for info! ~ [EN\/TH] Hello, I'm Ayame, and it's nice to meet you! I love making friends, so don't be afraid to talk to me! \u2606","url":"https:\/\/t.co\/9PUUqf1RBP","entities":{"url":{"urls":[{"url":"https:\/\/t.co\/9PUUqf1RBP","expanded_url":"https:\/\/listography.com\/ayabanya","display_url":"listography.com\/ayabanya","indices":[0,23]}]},"description":{"urls":[]}},"protected":false,"followers_count":298,"friends_count":435,"listed_count":9,"created_at":"Mon May 09 11:19:01 +0000 2016","favourites_count":1312,"utc_offset":25200,"time_zone":"Hanoi","geo_enabled":false,"verified":false,"statuses_count":24685,"lang":"en","contributors_enabled":false,"is_translator":false,"is_translation_enabled":false,"profile_background_color":"000000","profile_background_image_url":"http:\/\/abs.twimg.com\/images\/themes\/theme1\/bg.png","profile_background_image_url_https":"https:\/\/abs.twimg.com\/images\/themes\/theme1\/bg.png","profile_background_tile":false,"profile_image_url":"http:\/\/pbs.twimg.com\/profile_images\/817615411298504704\/N8I9GZ3y_normal.jpg","profile_image_url_https":"https:\/\/pbs.twimg.com\/profile_images\/817615411298504704\/N8I9GZ3y_normal.jpg","profile_banner_url":"https:\/\/pbs.twimg.com\/profile_banners\/729631754726703104\/1483031614","profile_link_color":"F58EA8","profile_sidebar_border_color":"000000","profile_sidebar_fill_color":"000000","profile_text_color":"000000","profile_use_background_image":false,"has_extended_profile":true,"default_profile":false,"default_profile_image":false,"following":false,"follow_request_sent":false,"notifications":false,"translator_type":"none"},"geo":null,"coordinates":null,"place":null,"contributors":null,"is_quote_status":false,"retweet_count":0,"favorite_count":0,"favorited":false,"retweeted":false,"lang":"en"}
