{"created_at":"Thu Jan 12 08:13:05 +0000 2017","id":819457156516904960,"id_str":"819457156516904960","text":"@alohaPF TY I love it  @Miachihu","truncated":false,"entities":{"hashtags":[],"symbols":[],"user_mentions":[{"screen_name":"alohaPF","name":"AlohaPF","id":88100833,"id_str":"88100833","indices":[0,8]}],"urls":[]},"source":"\u003ca href=\"http:\/\/twitter.com\/download\/iphone\" rel=\"nofollow\"\u003eTwitter for iPhone\u003c\/a\u003e","in_reply_to_status_id":819457009426669568,"in_reply_to_status_id_str":"819457009426669568","in_reply_to_user_id":88100833,"in_reply_to_user_id_str":"88100833","in_reply_to_screen_name":"alohaPF","user":{"id":53750935,"id_str":"53750935","name":"MD Kayak","screen_name":"mdkayak","location":"","description":"Follower of eclectic subjects, Adam Lambert, Queen, music & topics that feed the soul. Here for mini vacations from the real world.....","url":null,"entities":{"description":{"urls":[]}},"protected":false,"followers_count":536,"friends_count":599,"listed_count":5,"created_at":"Sat Jul 04 20:16:26 +0000 2009","favourites_count":18709,"utc_offset":-18000,"time_zone":"Eastern Time (US & Canada)","geo_enabled":false,"verified":false,"statuses_count":20792,"lang":"en","contributors_enabled":false,"is_translator":false,"is_translation_enabled":false,"profile_background_color":"642D8B","profile_background_image_url":"http:\/\/abs.twimg.com\/images\/themes\/theme10\/bg.gif","profile_background_image_url_https":"https:\/\/abs.twimg.com\/images\/themes\/theme10\/bg.gif","profile_background_tile":true,"profile_image_url":"http:\/\/pbs.twimg.com\/profile_images\/818988872801644548\/FkqOMjMM_normal.jpg","profile_image_url_https":"https:\/\/pbs.twimg.com\/profile_images\/818988872801644548\/FkqOMjMM_normal.jpg","profile_banner_url":"https:\/\/pbs.twimg.com\/profile_banners\/53750935\/1484264838","profile_link_color":"FF0000","profile_sidebar_border_color":"65B0DA","profile_sidebar_fill_color":"7AC3EE","profile_text_color":"3D1957","profile_use_background_image":true,"has_extended_profile":false,"default_profile":false,"default_profile_image":false,"following":false,"follow_request_sent":false,"notifications":false,"translator_type":"none"},"geo":null,"coordinates":null,"place":null,"contributors":null,"is_quote_status":false,"retweet_count":0,"favorite_count":0,"favorited":false,"retweeted":false,"lang":"en"}
