{"created_at":"Thu Jan 12 08:13:04 +0000 2017","id":819457152347754496,"id_str":"819457152347754496","text":"#blackish I can only imagine, we can't even look at a black without thinking they think how racsist we are, Obama messed things up.","truncated":false,"entities":{"hashtags":[{"text":"blackish","indices":[0,9]}],"symbols":[],"user_mentions":[],"urls":[]},"source":"\u003ca href=\"http:\/\/twitter.com\" rel=\"nofollow\"\u003eTwitter Web Client\u003c\/a\u003e","in_reply_to_status_id":null,"in_reply_to_status_id_str":null,"in_reply_to_user_id":null,"in_reply_to_user_id_str":null,"in_reply_to_screen_name":null,"user":{"id":3145848027,"id_str":"3145848027","name":"Skaarj","screen_name":"Skaarj_Elite","location":"PlanetDude","description":"Dude","url":null,"entities":{"description":{"urls":[]}},"protected":false,"followers_count":141,"friends_count":76,"listed_count":14,"created_at":"Tue Apr 07 23:54:06 +0000 2015","favourites_count":4525,"utc_offset":-18000,"time_zone":"Eastern Time (US & Canada)","geo_enabled":false,"verified":false,"statuses_count":24819,"lang":"en","contributors_enabled":false,"is_translator":false,"is_translation_enabled":false,"profile_background_color":"C0DEED","profile_background_image_url":"http:\/\/abs.twimg.com\/images\/themes\/theme1\/bg.png","profile_background_image_url_https":"https:\/\/abs.twimg.com\/images\/themes\/theme1\/bg.png","profile_background_tile":false,"profile_image_url":"http:\/\/pbs.twimg.com\/profile_images\/585597214812151808\/cCVmbnJV_normal.jpg","profile_image_url_https":"https:\/\/pbs.twimg.com\/profile_images\/585597214812151808\/cCVmbnJV_normal.jpg","profile_banner_url":"https:\/\/pbs.twimg.com\/profile_banners\/3145848027\/1434178693","profile_link_color":"1DA1F2","profile_sidebar_border_color":"C0DEED","profile_sidebar_fill_color":"DDEEF6","profile_text_color":"333333","profile_use_background_image":true,"has_extended_profile":false,"default_profile":true,"default_profile_image":false,"following":false,"follow_request_sent":false,"notifications":false,"translator_type":"none"},"geo":null,"coordinates":null,"place":null,"contributors":null,"is_quote_status":false,"retweet_count":0,"favorite_count":1,"favorited":false,"retweeted":false,"lang":"en"}
