{"created_at":"Thu Jan 12 08:13:03 +0000 2017","id":819457146291159040,"id_str":"819457146291159040","text":"All I'm sure about in life is I want you by my side for a long long time","truncated":false,"entities":{"hashtags":[],"symbols":[],"user_mentions":[],"urls":[]},"source":"\u003ca href=\"http:\/\/twitter.com\/download\/android\" rel=\"nofollow\"\u003eTwitter for Android\u003c\/a\u003e","in_reply_to_status_id":null,"in_reply_to_status_id_str":null,"in_reply_to_user_id":null,"in_reply_to_user_id_str":null,"in_reply_to_screen_name":null,"user":{"id":1141050841,"id_str":"1141050841","name":"Meg","screen_name":"Megzzz_13","location":"hisbed","description":"https:\/\/t.co\/WowWAUkQNZ idc it's alcohol [Pen&Nibs]\n    He's got it \u27a1\u2764","url":null,"entities":{"description":{"urls":[{"url":"https:\/\/t.co\/WowWAUkQNZ","expanded_url":"http:\/\/wine.tequila.vodka","display_url":"wine.tequila.vodka","indices":[0,23]}]}},"protected":false,"followers_count":279,"friends_count":137,"listed_count":1,"created_at":"Sat Feb 02 00:06:54 +0000 2013","favourites_count":4471,"utc_offset":null,"time_zone":null,"geo_enabled":false,"verified":false,"statuses_count":14742,"lang":"en","contributors_enabled":false,"is_translator":false,"is_translation_enabled":false,"profile_background_color":"C0DEED","profile_background_image_url":"http:\/\/abs.twimg.com\/images\/themes\/theme1\/bg.png","profile_background_image_url_https":"https:\/\/abs.twimg.com\/images\/themes\/theme1\/bg.png","profile_background_tile":false,"profile_image_url":"http:\/\/pbs.twimg.com\/profile_images\/817248178680393728\/ZlO20XBm_normal.jpg","profile_image_url_https":"https:\/\/pbs.twimg.com\/profile_images\/817248178680393728\/ZlO20XBm_normal.jpg","profile_banner_url":"https:\/\/pbs.twimg.com\/profile_banners\/1141050841\/1483682031","profile_link_color":"1DA1F2","profile_sidebar_border_color":"C0DEED","profile_sidebar_fill_color":"DDEEF6","profile_text_color":"333333","profile_use_background_image":true,"has_extended_profile":true,"default_profile":true,"default_profile_image":false,"following":false,"follow_request_sent":false,"notifications":false,"translator_type":"none"},"geo":null,"coordinates":null,"place":null,"contributors":null,"is_quote_status":false,"retweet_count":0,"favorite_count":1,"favorited":false,"retweeted":false,"lang":"en"}
