{"created_at":"Thu Jan 12 08:13:02 +0000 2017","id":819457143984320512,"id_str":"819457143984320512","text":"@httpernella @piero_barone I know I am in love with his blue glasses more than life","truncated":false,"entities":{"hashtags":[],"symbols":[],"user_mentions":[{"screen_name":"httpernella","name":"Pernella || Piero","id":2840398899,"id_str":"2840398899","indices":[0,12]},{"screen_name":"piero_barone","name":"Piero Barone Il Volo","id":465908990,"id_str":"465908990","indices":[13,26]}],"urls":[]},"source":"\u003ca href=\"http:\/\/twitter.com\/download\/android\" rel=\"nofollow\"\u003eTwitter for Android\u003c\/a\u003e","in_reply_to_status_id":819455907314671618,"in_reply_to_status_id_str":"819455907314671618","in_reply_to_user_id":2840398899,"in_reply_to_user_id_str":"2840398899","in_reply_to_screen_name":"httpernella","user":{"id":3146620417,"id_str":"3146620417","name":"Baronessa di Verona","screen_name":"ShakedAmram","location":"Israel","description":"XIX \u00b7\u00a0Don't bring around a cloud to rain on my parade!!","url":null,"entities":{"description":{"urls":[]}},"protected":false,"followers_count":214,"friends_count":193,"listed_count":12,"created_at":"Thu Apr 09 20:40:08 +0000 2015","favourites_count":13974,"utc_offset":-28800,"time_zone":"Pacific Time (US & Canada)","geo_enabled":true,"verified":false,"statuses_count":4623,"lang":"en","contributors_enabled":false,"is_translator":false,"is_translation_enabled":false,"profile_background_color":"F5ABB5","profile_background_image_url":"http:\/\/pbs.twimg.com\/profile_background_images\/622666523262345216\/UxxoJFwH.jpg","profile_background_image_url_https":"https:\/\/pbs.twimg.com\/profile_background_images\/622666523262345216\/UxxoJFwH.jpg","profile_background_tile":true,"profile_image_url":"http:\/\/pbs.twimg.com\/profile_images\/816894157298008064\/Scn8CXbF_normal.jpg","profile_image_url_https":"https:\/\/pbs.twimg.com\/profile_images\/816894157298008064\/Scn8CXbF_normal.jpg","profile_banner_url":"https:\/\/pbs.twimg.com\/profile_banners\/3146620417\/1483597852","profile_link_color":"DD2E44","profile_sidebar_border_color":"C0DEED","profile_sidebar_fill_color":"DDEEF6","profile_text_color":"333333","profile_use_background_image":true,"has_extended_profile":true,"default_profile":false,"default_profile_image":false,"following":false,"follow_request_sent":false,"notifications":false,"translator_type":"none"},"geo":null,"coordinates":null,"place":null,"contributors":null,"is_quote_status":false,"retweet_count":0,"favorite_count":1,"favorited":false,"retweeted":false,"lang":"en"}
