{"created_at":"Thu Jan 12 08:13:03 +0000 2017","id":819457146572128256,"id_str":"819457146572128256","text":"G\u00f6r den h\u00e4r bonusen till 875 kr i vinst riskfritt, oavsett matchresultat eller oms\u00e4ttningskrav! L\u00e4r dig\u2026 https:\/\/t.co\/Ots8l7UZgO","truncated":true,"entities":{"hashtags":[],"symbols":[],"user_mentions":[],"urls":[{"url":"https:\/\/t.co\/Ots8l7UZgO","expanded_url":"https:\/\/twitter.com\/i\/web\/status\/819457146572128256","display_url":"twitter.com\/i\/web\/status\/8\u2026","indices":[105,128]}]},"source":"\u003ca href=\"http:\/\/www.crowdfireapp.com\" rel=\"nofollow\"\u003eCrowdfire App\u003c\/a\u003e","in_reply_to_status_id":null,"in_reply_to_status_id_str":null,"in_reply_to_user_id":null,"in_reply_to_user_id_str":null,"in_reply_to_screen_name":null,"user":{"id":771317541713084417,"id_str":"771317541713084417","name":"Bonustrading Sverige","screen_name":"varforjobba","location":"Stockholm, Sweden","description":"Heltids daytrader med https:\/\/t.co\/sptiGx0XHT samt matched bettare med https:\/\/t.co\/ScsB7eUtUW","url":"https:\/\/t.co\/59ITRDMpEo","entities":{"url":{"urls":[{"url":"https:\/\/t.co\/59ITRDMpEo","expanded_url":"http:\/\/www.profitclub.se\/","display_url":"profitclub.se","indices":[0,23]}]},"description":{"urls":[{"url":"https:\/\/t.co\/sptiGx0XHT","expanded_url":"http:\/\/www.topsteptrader.com","display_url":"topsteptrader.com","indices":[22,45]},{"url":"https:\/\/t.co\/ScsB7eUtUW","expanded_url":"http:\/\/www.profitclub.se","display_url":"profitclub.se","indices":[71,94]}]}},"protected":false,"followers_count":934,"friends_count":1606,"listed_count":2,"created_at":"Thu Sep 01 12:03:27 +0000 2016","favourites_count":4216,"utc_offset":3600,"time_zone":"Stockholm","geo_enabled":false,"verified":false,"statuses_count":219,"lang":"en-gb","contributors_enabled":false,"is_translator":false,"is_translation_enabled":false,"profile_background_color":"F5F8FA","profile_background_image_url":null,"profile_background_image_url_https":null,"profile_background_tile":false,"profile_image_url":"http:\/\/pbs.twimg.com\/profile_images\/812078936209391618\/hwaarCfC_normal.jpg","profile_image_url_https":"https:\/\/pbs.twimg.com\/profile_images\/812078936209391618\/hwaarCfC_normal.jpg","profile_banner_url":"https:\/\/pbs.twimg.com\/profile_banners\/771317541713084417\/1482449691","profile_link_color":"1DA1F2","profile_sidebar_border_color":"C0DEED","profile_sidebar_fill_color":"DDEEF6","profile_text_color":"333333","profile_use_background_image":true,"has_extended_profile":false,"default_profile":true,"default_profile_image":false,"following":false,"follow_request_sent":false,"notifications":false,"translator_type":"none"},"geo":null,"coordinates":null,"place":null,"contributors":null,"is_quote_status":false,"retweet_count":0,"favorite_count":0,"favorited":false,"retweeted":false,"possibly_sensitive":false,"possibly_sensitive_appealable":false,"lang":"sv"}
