{"created_at":"Thu Jan 12 08:13:06 +0000 2017","id":819457160052637697,"id_str":"819457160052637697","text":"I'm Aurora. Discover which #Disney princess you are! \ud83d\udc51\n\nSTART QUIZ: https:\/\/t.co\/3pATqtzwZR https:\/\/t.co\/AmiDeZlYJs","truncated":false,"entities":{"hashtags":[{"text":"Disney","indices":[27,34]}],"symbols":[],"user_mentions":[],"urls":[{"url":"https:\/\/t.co\/3pATqtzwZR","expanded_url":"http:\/\/hyperurl.co\/ef70lj?BGfi","display_url":"hyperurl.co\/ef70lj?BGfi","indices":[68,91]}],"media":[{"id":798490271923183616,"id_str":"798490271923183616","indices":[92,115],"media_url":"http:\/\/pbs.twimg.com\/media\/CxTOq_aWIAAkGAs.jpg","media_url_https":"https:\/\/pbs.twimg.com\/media\/CxTOq_aWIAAkGAs.jpg","url":"https:\/\/t.co\/AmiDeZlYJs","display_url":"pic.twitter.com\/AmiDeZlYJs","expanded_url":"https:\/\/twitter.com\/twittapps10\/status\/798490279904968704\/photo\/1","type":"photo","sizes":{"large":{"w":600,"h":600,"resize":"fit"},"medium":{"w":600,"h":600,"resize":"fit"},"thumb":{"w":150,"h":150,"resize":"crop"},"small":{"w":600,"h":600,"resize":"fit"}},"source_status_id":798490279904968704,"source_status_id_str":"798490279904968704","source_user_id":796537188515282944,"source_user_id_str":"796537188515282944"}]},"extended_entities":{"media":[{"id":798490271923183616,"id_str":"798490271923183616","indices":[92,115],"media_url":"http:\/\/pbs.twimg.com\/media\/CxTOq_aWIAAkGAs.jpg","media_url_https":"https:\/\/pbs.twimg.com\/media\/CxTOq_aWIAAkGAs.jpg","url":"https:\/\/t.co\/AmiDeZlYJs","display_url":"pic.twitter.com\/AmiDeZlYJs","expanded_url":"https:\/\/twitter.com\/twittapps10\/status\/798490279904968704\/photo\/1","type":"photo","sizes":{"large":{"w":600,"h":600,"resize":"fit"},"medium":{"w":600,"h":600,"resize":"fit"},"thumb":{"w":150,"h":150,"resize":"crop"},"small":{"w":600,"h":600,"resize":"fit"}},"source_status_id":798490279904968704,"source_status_id_str":"798490279904968704","source_user_id":796537188515282944,"source_user_id_str":"796537188515282944"}]},"source":"\u003ca href=\"https:\/\/twitter.com\" rel=\"nofollow\"\u003e'Princess MYS'\u003c\/a\u003e","in_reply_to_status_id":null,"in_reply_to_status_id_str":null,"in_reply_to_user_id":null,"in_reply_to_user_id_str":null,"in_reply_to_screen_name":null,"user":{"id":879784418,"id_str":"879784418","name":"AmiraLaseh","screen_name":"NurulAmira_HTS","location":"Sawarak","description":"kind but rude too. it's depend on u.","url":null,"entities":{"description":{"urls":[]}},"protected":false,"followers_count":264,"friends_count":202,"listed_count":0,"created_at":"Sun Oct 14 10:03:34 +0000 2012","favourites_count":8185,"utc_offset":null,"time_zone":null,"geo_enabled":true,"verified":false,"statuses_count":5739,"lang":"en","contributors_enabled":false,"is_translator":false,"is_translation_enabled":false,"profile_background_color":"67D915","profile_background_image_url":"http:\/\/pbs.twimg.com\/profile_background_images\/471531450924167168\/ZM00Eiy0.jpeg","profile_background_image_url_https":"https:\/\/pbs.twimg.com\/profile_background_images\/471531450924167168\/ZM00Eiy0.jpeg","profile_background_tile":true,"profile_image_url":"http:\/\/pbs.twimg.com\/profile_images\/820229084248612866\/NvaVkEln_normal.jpg","profile_image_url_https":"https:\/\/pbs.twimg.com\/profile_images\/820229084248612866\/NvaVkEln_normal.jpg","profile_banner_url":"https:\/\/pbs.twimg.com\/profile_banners\/879784418\/1482753199","profile_link_color":"E620E6","profile_sidebar_border_color":"FFFFFF","profile_sidebar_fill_color":"E5507E","profile_text_color":"362720","profile_use_background_image":true,"has_extended_profile":false,"default_profile":false,"default_profile_image":false,"following":false,"follow_request_sent":false,"notifications":false,"translator_type":"none"},"geo":null,"coordinates":null,"place":null,"contributors":null,"is_quote_status":false,"retweet_count":0,"favorite_count":0,"favorited":false,"retweeted":false,"possibly_sensitive":false,"possibly_sensitive_appealable":false,"lang":"en"}
