{"created_at":"Thu Jan 12 08:13:04 +0000 2017","id":819457152267919360,"id_str":"819457152267919360","text":"Hey mr. police dude can you turn up the music. I need music playing while I'm in the car.","truncated":false,"entities":{"hashtags":[],"symbols":[],"user_mentions":[],"urls":[]},"source":"\u003ca href=\"http:\/\/twittbot.net\/\" rel=\"nofollow\"\u003etwittbot.net\u003c\/a\u003e","in_reply_to_status_id":null,"in_reply_to_status_id_str":null,"in_reply_to_user_id":null,"in_reply_to_user_id_str":null,"in_reply_to_screen_name":null,"user":{"id":762339354027196420,"id_str":"762339354027196420","name":"yaoi the fanime","screen_name":"yaoifanimebot","location":"Wyoming, USA","description":"bot with REAL quotes from yaoi the fanime. posts every 30 min. fanmade, no association w the creator","url":"https:\/\/t.co\/TW2qImTpgW","entities":{"url":{"urls":[{"url":"https:\/\/t.co\/TW2qImTpgW","expanded_url":"https:\/\/www.youtube.com\/channel\/UCHvgdW_FwQNi8Xk-_YhmGXQ","display_url":"youtube.com\/channel\/UCHvgd\u2026","indices":[0,23]}]},"description":{"urls":[]}},"protected":false,"followers_count":294,"friends_count":0,"listed_count":2,"created_at":"Sun Aug 07 17:27:20 +0000 2016","favourites_count":0,"utc_offset":null,"time_zone":null,"geo_enabled":false,"verified":false,"statuses_count":6352,"lang":"en","contributors_enabled":false,"is_translator":false,"is_translation_enabled":false,"profile_background_color":"F5F8FA","profile_background_image_url":null,"profile_background_image_url_https":null,"profile_background_tile":false,"profile_image_url":"http:\/\/pbs.twimg.com\/profile_images\/762434707040501760\/Yh0isxSi_normal.jpg","profile_image_url_https":"https:\/\/pbs.twimg.com\/profile_images\/762434707040501760\/Yh0isxSi_normal.jpg","profile_banner_url":"https:\/\/pbs.twimg.com\/profile_banners\/762339354027196420\/1470591931","profile_link_color":"1DA1F2","profile_sidebar_border_color":"C0DEED","profile_sidebar_fill_color":"DDEEF6","profile_text_color":"333333","profile_use_background_image":true,"has_extended_profile":false,"default_profile":true,"default_profile_image":false,"following":false,"follow_request_sent":false,"notifications":false,"translator_type":"none"},"geo":null,"coordinates":null,"place":null,"contributors":null,"is_quote_status":false,"retweet_count":2,"favorite_count":0,"favorited":false,"retweeted":false,"lang":"en"}
