{"created_at":"Thu Jan 12 08:13:04 +0000 2017","id":819457153220153344,"id_str":"819457153220153344","text":"@cody_zepeda text me tomorrowwwww and I shall explain","truncated":false,"entities":{"hashtags":[],"symbols":[],"user_mentions":[{"screen_name":"cody_zepeda","name":"Cody \ud83c\uddfa\ud83c\uddf8","id":432650929,"id_str":"432650929","indices":[0,12]}],"urls":[]},"source":"\u003ca href=\"http:\/\/twitter.com\/download\/iphone\" rel=\"nofollow\"\u003eTwitter for iPhone\u003c\/a\u003e","in_reply_to_status_id":819397264338780160,"in_reply_to_status_id_str":"819397264338780160","in_reply_to_user_id":432650929,"in_reply_to_user_id_str":"432650929","in_reply_to_screen_name":"cody_zepeda","user":{"id":385107102,"id_str":"385107102","name":"Lindsey Reed","screen_name":"linddssss","location":"","description":"shes a wild one runnin free \u2764\ufe0f","url":null,"entities":{"description":{"urls":[]}},"protected":false,"followers_count":401,"friends_count":267,"listed_count":1,"created_at":"Tue Oct 04 21:55:31 +0000 2011","favourites_count":662,"utc_offset":-36000,"time_zone":"Hawaii","geo_enabled":true,"verified":false,"statuses_count":9475,"lang":"en","contributors_enabled":false,"is_translator":false,"is_translation_enabled":false,"profile_background_color":"C0DEED","profile_background_image_url":"http:\/\/pbs.twimg.com\/profile_background_images\/453437946\/heart.jpg","profile_background_image_url_https":"https:\/\/pbs.twimg.com\/profile_background_images\/453437946\/heart.jpg","profile_background_tile":true,"profile_image_url":"http:\/\/pbs.twimg.com\/profile_images\/810627128534454272\/B0OxDa92_normal.jpg","profile_image_url_https":"https:\/\/pbs.twimg.com\/profile_images\/810627128534454272\/B0OxDa92_normal.jpg","profile_banner_url":"https:\/\/pbs.twimg.com\/profile_banners\/385107102\/1478616465","profile_link_color":"0084B4","profile_sidebar_border_color":"C0DEED","profile_sidebar_fill_color":"DDEEF6","profile_text_color":"333333","profile_use_background_image":true,"has_extended_profile":false,"default_profile":false,"default_profile_image":false,"following":false,"follow_request_sent":false,"notifications":false,"translator_type":"none"},"geo":null,"coordinates":null,"place":null,"contributors":null,"is_quote_status":false,"retweet_count":1,"favorite_count":1,"favorited":false,"retweeted":false,"lang":"en"}
