{"created_at":"Thu Jan 12 08:13:05 +0000 2017","id":819457156118245376,"id_str":"819457156118245376","text":"@LindaCurley37 Oooh. Indian. Now I might do that for take out tomorrow! \ud83d\udc4d\ud83e\udd17","truncated":false,"entities":{"hashtags":[],"symbols":[],"user_mentions":[{"screen_name":"LindaCurley37","name":"Linda Curley","id":736489807,"id_str":"736489807","indices":[0,14]}],"urls":[]},"source":"\u003ca href=\"http:\/\/twitter.com\/#!\/download\/ipad\" rel=\"nofollow\"\u003eTwitter for iPad\u003c\/a\u003e","in_reply_to_status_id":819456723970887680,"in_reply_to_status_id_str":"819456723970887680","in_reply_to_user_id":736489807,"in_reply_to_user_id_str":"736489807","in_reply_to_screen_name":"LindaCurley37","user":{"id":894149342,"id_str":"894149342","name":"Linda","screen_name":"B_Tru_2_You","location":"Los Angeles, CA","description":"Work hard. Have fun. Live life. Be kind. Be true. Be you. :)","url":null,"entities":{"description":{"urls":[]}},"protected":false,"followers_count":44,"friends_count":69,"listed_count":5,"created_at":"Sat Oct 20 22:21:18 +0000 2012","favourites_count":2228,"utc_offset":-28800,"time_zone":"Pacific Time (US & Canada)","geo_enabled":false,"verified":false,"statuses_count":5923,"lang":"en","contributors_enabled":false,"is_translator":false,"is_translation_enabled":false,"profile_background_color":"0099B9","profile_background_image_url":"http:\/\/abs.twimg.com\/images\/themes\/theme4\/bg.gif","profile_background_image_url_https":"https:\/\/abs.twimg.com\/images\/themes\/theme4\/bg.gif","profile_background_tile":false,"profile_image_url":"http:\/\/pbs.twimg.com\/profile_images\/778447411144306688\/50346F0u_normal.jpg","profile_image_url_https":"https:\/\/pbs.twimg.com\/profile_images\/778447411144306688\/50346F0u_normal.jpg","profile_banner_url":"https:\/\/pbs.twimg.com\/profile_banners\/894149342\/1474431414","profile_link_color":"0099B9","profile_sidebar_border_color":"5ED4DC","profile_sidebar_fill_color":"95E8EC","profile_text_color":"3C3940","profile_use_background_image":true,"has_extended_profile":false,"default_profile":false,"default_profile_image":false,"following":false,"follow_request_sent":false,"notifications":false,"translator_type":"none"},"geo":null,"coordinates":null,"place":null,"contributors":null,"is_quote_status":false,"retweet_count":0,"favorite_count":1,"favorited":false,"retweeted":false,"lang":"en"}
