{"created_at":"Thu Jan 12 08:13:04 +0000 2017","id":819457150153945089,"id_str":"819457150153945089","text":"@Three_King359 \u826f\u3044\u5b50\u3067\u5f85\u3063\u3066\u308b\u30fc\uff01","truncated":false,"entities":{"hashtags":[],"symbols":[],"user_mentions":[{"screen_name":"Three_King359","name":"\u3086\u3044\u304b","id":4707299894,"id_str":"4707299894","indices":[0,14]}],"urls":[]},"source":"\u003ca href=\"http:\/\/twitter.com\/download\/iphone\" rel=\"nofollow\"\u003eTwitter for iPhone\u003c\/a\u003e","in_reply_to_status_id":819456287947649024,"in_reply_to_status_id_str":"819456287947649024","in_reply_to_user_id":4707299894,"in_reply_to_user_id_str":"4707299894","in_reply_to_screen_name":"Three_King359","user":{"id":749385818351865856,"id_str":"749385818351865856","name":"\u306f\u306a\u307f\u305a\u304d","screen_name":"i2i_hazuki","location":" \u3068\u3046\u307e\u3061\u3083\u3093\u306e\u96a3","description":"\u672c\u57a2\u517c\u96d1\u591a\u57a2 \u30c4\u30a4\u30d7\u30ed\u5fc5\u8aad","url":"https:\/\/t.co\/YyuFijgA4F","entities":{"url":{"urls":[{"url":"https:\/\/t.co\/YyuFijgA4F","expanded_url":"http:\/\/twpf.jp\/i2i_hazuki","display_url":"twpf.jp\/i2i_hazuki","indices":[0,23]}]},"description":{"urls":[]}},"protected":false,"followers_count":168,"friends_count":336,"listed_count":21,"created_at":"Sat Jul 02 23:34:37 +0000 2016","favourites_count":26281,"utc_offset":null,"time_zone":null,"geo_enabled":false,"verified":false,"statuses_count":2622,"lang":"en","contributors_enabled":false,"is_translator":false,"is_translation_enabled":false,"profile_background_color":"F5F8FA","profile_background_image_url":null,"profile_background_image_url_https":null,"profile_background_tile":false,"profile_image_url":"http:\/\/pbs.twimg.com\/profile_images\/793376989910401025\/01tJ845e_normal.jpg","profile_image_url_https":"https:\/\/pbs.twimg.com\/profile_images\/793376989910401025\/01tJ845e_normal.jpg","profile_banner_url":"https:\/\/pbs.twimg.com\/profile_banners\/749385818351865856\/1476586885","profile_link_color":"1DA1F2","profile_sidebar_border_color":"C0DEED","profile_sidebar_fill_color":"DDEEF6","profile_text_color":"333333","profile_use_background_image":true,"has_extended_profile":false,"default_profile":true,"default_profile_image":false,"following":false,"follow_request_sent":false,"notifications":false,"translator_type":"none"},"geo":null,"coordinates":null,"place":null,"contributors":null,"is_quote_status":false,"retweet_count":0,"favorite_count":0,"favorited":false,"retweeted":false,"lang":"ja"}
