{"created_at":"Thu Jan 12 08:13:02 +0000 2017","id":819457143220895744,"id_str":"819457143220895744","text":"@Cindtvds benvenuta","truncated":false,"entities":{"hashtags":[],"symbols":[],"user_mentions":[{"screen_name":"Cindtvds","name":"Cindy","id":819287470726594561,"id_str":"819287470726594561","indices":[0,9]}],"urls":[]},"source":"\u003ca href=\"http:\/\/twitter.com\/download\/iphone\" rel=\"nofollow\"\u003eTwitter for iPhone\u003c\/a\u003e","in_reply_to_status_id":null,"in_reply_to_status_id_str":null,"in_reply_to_user_id":819287470726594561,"in_reply_to_user_id_str":"819287470726594561","in_reply_to_screen_name":"Cindtvds","user":{"id":808700722795712513,"id_str":"808700722795712513","name":"I'm the Queen \ud83d\udc51","screen_name":"katherine_tvds","location":"","description":"'L'oscurit\u00e0 non nasce, viene creata dalla privazione della luce'\u2764 El\u2764;;Lily\u2764;;molgol Cal\u2764;;","url":null,"entities":{"description":{"urls":[]}},"protected":false,"followers_count":126,"friends_count":115,"listed_count":0,"created_at":"Tue Dec 13 15:50:52 +0000 2016","favourites_count":164,"utc_offset":null,"time_zone":null,"geo_enabled":false,"verified":false,"statuses_count":682,"lang":"it","contributors_enabled":false,"is_translator":false,"is_translation_enabled":false,"profile_background_color":"F5F8FA","profile_background_image_url":null,"profile_background_image_url_https":null,"profile_background_tile":false,"profile_image_url":"http:\/\/pbs.twimg.com\/profile_images\/820338720117325824\/Nlyvb2pp_normal.jpg","profile_image_url_https":"https:\/\/pbs.twimg.com\/profile_images\/820338720117325824\/Nlyvb2pp_normal.jpg","profile_banner_url":"https:\/\/pbs.twimg.com\/profile_banners\/808700722795712513\/1483988268","profile_link_color":"1DA1F2","profile_sidebar_border_color":"C0DEED","profile_sidebar_fill_color":"DDEEF6","profile_text_color":"333333","profile_use_background_image":true,"has_extended_profile":false,"default_profile":true,"default_profile_image":false,"following":false,"follow_request_sent":false,"notifications":false,"translator_type":"none"},"geo":null,"coordinates":null,"place":null,"contributors":null,"is_quote_status":false,"retweet_count":0,"favorite_count":0,"favorited":false,"retweeted":false,"lang":"it"}
