{"created_at":"Thu Jan 12 08:13:03 +0000 2017","id":819457149856321536,"id_str":"819457149856321536","text":"Co to??????? https:\/\/t.co\/qTjgYMPk25","truncated":false,"entities":{"hashtags":[],"symbols":[],"user_mentions":[],"urls":[{"url":"https:\/\/t.co\/qTjgYMPk25","expanded_url":"https:\/\/twitter.com\/weedsformalik\/status\/819292678995251201","display_url":"twitter.com\/weedsformalik\/\u2026","indices":[13,36]}]},"source":"\u003ca href=\"http:\/\/twitter.com\/download\/android\" rel=\"nofollow\"\u003eTwitter for Android\u003c\/a\u003e","in_reply_to_status_id":null,"in_reply_to_status_id_str":null,"in_reply_to_user_id":null,"in_reply_to_user_id_str":null,"in_reply_to_screen_name":null,"user":{"id":2877150064,"id_str":"2877150064","name":"I SAW MY JUSTIN","screen_name":"bbla_bla","location":"","description":"","url":null,"entities":{"description":{"urls":[]}},"protected":false,"followers_count":413,"friends_count":478,"listed_count":3,"created_at":"Fri Nov 14 22:27:28 +0000 2014","favourites_count":3255,"utc_offset":3600,"time_zone":"Ljubljana","geo_enabled":true,"verified":false,"statuses_count":25025,"lang":"pl","contributors_enabled":false,"is_translator":false,"is_translation_enabled":true,"profile_background_color":"FFFFFF","profile_background_image_url":"http:\/\/pbs.twimg.com\/profile_background_images\/626872433686003712\/xHvLODgE.jpg","profile_background_image_url_https":"https:\/\/pbs.twimg.com\/profile_background_images\/626872433686003712\/xHvLODgE.jpg","profile_background_tile":false,"profile_image_url":"http:\/\/pbs.twimg.com\/profile_images\/797791601644937216\/m8S0LFjv_normal.jpg","profile_image_url_https":"https:\/\/pbs.twimg.com\/profile_images\/797791601644937216\/m8S0LFjv_normal.jpg","profile_banner_url":"https:\/\/pbs.twimg.com\/profile_banners\/2877150064\/1476440550","profile_link_color":"8D8D8D","profile_sidebar_border_color":"000000","profile_sidebar_fill_color":"000000","profile_text_color":"000000","profile_use_background_image":true,"has_extended_profile":false,"default_profile":false,"default_profile_image":false,"following":false,"follow_request_sent":false,"notifications":false,"translator_type":"none"},"geo":null,"coordinates":null,"place":null,"contributors":null,"is_quote_status":true,"retweet_count":0,"favorite_count":0,"favorited":false,"retweeted":false,"possibly_sensitive":false,"possibly_sensitive_appealable":false,"lang":"es"}
