{"created_at":"Thu Jan 12 08:13:04 +0000 2017","id":819457150523179008,"id_str":"819457150523179008","text":"Think I've travelled back in time: both boys are sewing at the dinner table!!?! Strange but true \ud83d\ude02","truncated":false,"entities":{"hashtags":[],"symbols":[],"user_mentions":[],"urls":[]},"source":"\u003ca href=\"http:\/\/twitter.com\/download\/iphone\" rel=\"nofollow\"\u003eTwitter for iPhone\u003c\/a\u003e","in_reply_to_status_id":null,"in_reply_to_status_id_str":null,"in_reply_to_user_id":null,"in_reply_to_user_id_str":null,"in_reply_to_screen_name":null,"user":{"id":4858457867,"id_str":"4858457867","name":"Blogfox14","screen_name":"adoptionblogfox","location":"","description":"Birth mum to Big Bear, adoptive mum to Little Bear who has #devlangdis ,speech and language therapist, blogger.","url":"https:\/\/t.co\/uZ2ov3h3rP","entities":{"url":{"urls":[{"url":"https:\/\/t.co\/uZ2ov3h3rP","expanded_url":"http:\/\/Www.adoptionthebearfacts.wordpress.com","display_url":"adoptionthebearfacts.wordpress.com","indices":[0,23]}]},"description":{"urls":[]}},"protected":false,"followers_count":563,"friends_count":863,"listed_count":18,"created_at":"Thu Jan 28 20:39:58 +0000 2016","favourites_count":1076,"utc_offset":null,"time_zone":null,"geo_enabled":false,"verified":false,"statuses_count":1699,"lang":"en-gb","contributors_enabled":false,"is_translator":false,"is_translation_enabled":false,"profile_background_color":"F5F8FA","profile_background_image_url":null,"profile_background_image_url_https":null,"profile_background_tile":false,"profile_image_url":"http:\/\/pbs.twimg.com\/profile_images\/786857999646101505\/UiD70oEw_normal.jpg","profile_image_url_https":"https:\/\/pbs.twimg.com\/profile_images\/786857999646101505\/UiD70oEw_normal.jpg","profile_link_color":"1DA1F2","profile_sidebar_border_color":"C0DEED","profile_sidebar_fill_color":"DDEEF6","profile_text_color":"333333","profile_use_background_image":true,"has_extended_profile":false,"default_profile":true,"default_profile_image":false,"following":false,"follow_request_sent":false,"notifications":false,"translator_type":"none"},"geo":null,"coordinates":null,"place":null,"contributors":null,"is_quote_status":false,"retweet_count":0,"favorite_count":16,"favorited":false,"retweeted":false,"lang":"en"}
