{"created_at":"Thu Jan 12 08:13:06 +0000 2017","id":819457161327767552,"id_str":"819457161327767552","text":"@Enif1FR2 enif u r my idol!!! its working omgggg now i need to pracrice \ud83d\udcaa\u2764","truncated":false,"entities":{"hashtags":[],"symbols":[],"user_mentions":[{"screen_name":"Enif1FR2","name":"EnifHoe#1","id":776362912096976896,"id_str":"776362912096976896","indices":[0,9]}],"urls":[]},"source":"\u003ca href=\"http:\/\/twitter.com\/download\/android\" rel=\"nofollow\"\u003eTwitter for Android\u003c\/a\u003e","in_reply_to_status_id":819296250281410560,"in_reply_to_status_id_str":"819296250281410560","in_reply_to_user_id":776362912096976896,"in_reply_to_user_id_str":"776362912096976896","in_reply_to_screen_name":"Enif1FR2","user":{"id":743792201633792000,"id_str":"743792201633792000","name":"ISR.ckk","screen_name":"morancokk","location":"\u05d9\u05e9\u05e8\u05d0\u05dc","description":"","url":null,"entities":{"description":{"urls":[]}},"protected":false,"followers_count":115,"friends_count":87,"listed_count":1,"created_at":"Fri Jun 17 13:07:34 +0000 2016","favourites_count":1520,"utc_offset":null,"time_zone":null,"geo_enabled":false,"verified":false,"statuses_count":1297,"lang":"he","contributors_enabled":false,"is_translator":false,"is_translation_enabled":false,"profile_background_color":"F5F8FA","profile_background_image_url":null,"profile_background_image_url_https":null,"profile_background_tile":false,"profile_image_url":"http:\/\/pbs.twimg.com\/profile_images\/817157133183713280\/VK-qz2_F_normal.jpg","profile_image_url_https":"https:\/\/pbs.twimg.com\/profile_images\/817157133183713280\/VK-qz2_F_normal.jpg","profile_banner_url":"https:\/\/pbs.twimg.com\/profile_banners\/743792201633792000\/1484152009","profile_link_color":"1DA1F2","profile_sidebar_border_color":"C0DEED","profile_sidebar_fill_color":"DDEEF6","profile_text_color":"333333","profile_use_background_image":true,"has_extended_profile":true,"default_profile":true,"default_profile_image":false,"following":false,"follow_request_sent":false,"notifications":false,"translator_type":"none"},"geo":null,"coordinates":null,"place":null,"contributors":null,"is_quote_status":false,"retweet_count":2,"favorite_count":9,"favorited":false,"retweeted":false,"lang":"en"}
