{"created_at":"Thu Jan 12 08:13:06 +0000 2017","id":819457160530849792,"id_str":"819457160530849792","text":"i hope you'll realize how much you're hurting me someday ?","truncated":false,"entities":{"hashtags":[],"symbols":[],"user_mentions":[],"urls":[]},"source":"\u003ca href=\"http:\/\/twitter.com\/download\/iphone\" rel=\"nofollow\"\u003eTwitter for iPhone\u003c\/a\u003e","in_reply_to_status_id":null,"in_reply_to_status_id_str":null,"in_reply_to_user_id":null,"in_reply_to_user_id_str":null,"in_reply_to_screen_name":null,"user":{"id":802484038883770368,"id_str":"802484038883770368","name":"Nouf AlShaikh","screen_name":"Nouffalshaikh","location":"","description":"a mess of unfinished thoughts","url":"https:\/\/t.co\/6Vik4Lutm1","entities":{"url":{"urls":[{"url":"https:\/\/t.co\/6Vik4Lutm1","expanded_url":"http:\/\/ask.fm\/Noufalshaikhx","display_url":"ask.fm\/Noufalshaikhx","indices":[0,23]}]},"description":{"urls":[]}},"protected":false,"followers_count":454,"friends_count":151,"listed_count":0,"created_at":"Sat Nov 26 12:07:59 +0000 2016","favourites_count":699,"utc_offset":null,"time_zone":null,"geo_enabled":true,"verified":false,"statuses_count":5618,"lang":"en","contributors_enabled":false,"is_translator":false,"is_translation_enabled":false,"profile_background_color":"F5F8FA","profile_background_image_url":null,"profile_background_image_url_https":null,"profile_background_tile":false,"profile_image_url":"http:\/\/pbs.twimg.com\/profile_images\/816844106811015168\/smimgLxS_normal.jpg","profile_image_url_https":"https:\/\/pbs.twimg.com\/profile_images\/816844106811015168\/smimgLxS_normal.jpg","profile_banner_url":"https:\/\/pbs.twimg.com\/profile_banners\/802484038883770368\/1483069538","profile_link_color":"1DA1F2","profile_sidebar_border_color":"C0DEED","profile_sidebar_fill_color":"DDEEF6","profile_text_color":"333333","profile_use_background_image":true,"has_extended_profile":true,"default_profile":true,"default_profile_image":false,"following":false,"follow_request_sent":false,"notifications":false,"translator_type":"none"},"geo":null,"coordinates":null,"place":null,"contributors":null,"is_quote_status":false,"retweet_count":0,"favorite_count":0,"favorited":false,"retweeted":false,"lang":"en"}
