{"created_at":"Thu Jan 12 08:13:05 +0000 2017","id":819457156168589312,"id_str":"819457156168589312","text":"@smoljoohyuk IF I CAN BIH\ud83d\ude2d SPOILER R EVERWHERE SMH","truncated":false,"entities":{"hashtags":[],"symbols":[],"user_mentions":[{"screen_name":"smoljoohyuk","name":"nadia","id":813404824192438272,"id_str":"813404824192438272","indices":[0,12]}],"urls":[]},"source":"\u003ca href=\"http:\/\/twitter.com\/#!\/download\/ipad\" rel=\"nofollow\"\u003eTwitter for iPad\u003c\/a\u003e","in_reply_to_status_id":819456741771386880,"in_reply_to_status_id_str":"819456741771386880","in_reply_to_user_id":813404824192438272,"in_reply_to_user_id_str":"813404824192438272","in_reply_to_screen_name":"smoljoohyuk","user":{"id":3192848683,"id_str":"3192848683","name":"\uadf8\uc758 !i \ud83c\udf63","screen_name":"koryasus","location":"","description":"","url":"https:\/\/t.co\/m7WWMuWMCo","entities":{"url":{"urls":[{"url":"https:\/\/t.co\/m7WWMuWMCo","expanded_url":"https:\/\/twitter.com\/koryasus\/status\/802062943584014336","display_url":"twitter.com\/koryasus\/statu\u2026","indices":[0,23]}]},"description":{"urls":[]}},"protected":false,"followers_count":1454,"friends_count":106,"listed_count":6,"created_at":"Tue May 12 04:50:37 +0000 2015","favourites_count":993,"utc_offset":-28800,"time_zone":"Pacific Time (US & Canada)","geo_enabled":true,"verified":false,"statuses_count":2388,"lang":"en","contributors_enabled":false,"is_translator":false,"is_translation_enabled":false,"profile_background_color":"000000","profile_background_image_url":"http:\/\/abs.twimg.com\/images\/themes\/theme1\/bg.png","profile_background_image_url_https":"https:\/\/abs.twimg.com\/images\/themes\/theme1\/bg.png","profile_background_tile":false,"profile_image_url":"http:\/\/pbs.twimg.com\/profile_images\/819181754359525376\/_hAFGp69_normal.jpg","profile_image_url_https":"https:\/\/pbs.twimg.com\/profile_images\/819181754359525376\/_hAFGp69_normal.jpg","profile_banner_url":"https:\/\/pbs.twimg.com\/profile_banners\/3192848683\/1484234170","profile_link_color":"7FDBB6","profile_sidebar_border_color":"000000","profile_sidebar_fill_color":"000000","profile_text_color":"000000","profile_use_background_image":false,"has_extended_profile":false,"default_profile":false,"default_profile_image":false,"following":false,"follow_request_sent":false,"notifications":false,"translator_type":"none"},"geo":null,"coordinates":null,"place":null,"contributors":null,"is_quote_status":false,"retweet_count":0,"favorite_count":0,"favorited":false,"retweeted":false,"lang":"en"}
