{"created_at":"Thu Jan 12 08:13:03 +0000 2017","id":819457147838857221,"id_str":"819457147838857221","text":"@wesakadirkjr plot twist: I'm getting married.                                                           April fools. But you already knew","truncated":false,"entities":{"hashtags":[],"symbols":[],"user_mentions":[{"screen_name":"wesakadirkjr","name":"Kid Wesley","id":347286412,"id_str":"347286412","indices":[0,13]}],"urls":[]},"source":"\u003ca href=\"http:\/\/twitter.com\/download\/iphone\" rel=\"nofollow\"\u003eTwitter for iPhone\u003c\/a\u003e","in_reply_to_status_id":819245842100088833,"in_reply_to_status_id_str":"819245842100088833","in_reply_to_user_id":347286412,"in_reply_to_user_id_str":"347286412","in_reply_to_screen_name":"wesakadirkjr","user":{"id":347286412,"id_str":"347286412","name":"Kid Wesley","screen_name":"wesakadirkjr","location":"Dallas, Texas","description":"UARK19| Rec and Sports Mgmt| Future Young Life Leader| MFFL| PatsNation| Never Ever Quit| I'm a daydreamer and a night thinker. |-\/ TOP","url":null,"entities":{"description":{"urls":[]}},"protected":false,"followers_count":369,"friends_count":411,"listed_count":17,"created_at":"Tue Aug 02 15:22:18 +0000 2011","favourites_count":4429,"utc_offset":null,"time_zone":null,"geo_enabled":true,"verified":false,"statuses_count":21661,"lang":"en","contributors_enabled":false,"is_translator":false,"is_translation_enabled":false,"profile_background_color":"C0DEED","profile_background_image_url":"http:\/\/abs.twimg.com\/images\/themes\/theme1\/bg.png","profile_background_image_url_https":"https:\/\/abs.twimg.com\/images\/themes\/theme1\/bg.png","profile_background_tile":false,"profile_image_url":"http:\/\/pbs.twimg.com\/profile_images\/741481327304704001\/fWwOswQO_normal.jpg","profile_image_url_https":"https:\/\/pbs.twimg.com\/profile_images\/741481327304704001\/fWwOswQO_normal.jpg","profile_banner_url":"https:\/\/pbs.twimg.com\/profile_banners\/347286412\/1476897206","profile_link_color":"1DA1F2","profile_sidebar_border_color":"C0DEED","profile_sidebar_fill_color":"DDEEF6","profile_text_color":"333333","profile_use_background_image":true,"has_extended_profile":true,"default_profile":true,"default_profile_image":false,"following":false,"follow_request_sent":false,"notifications":false,"translator_type":"none"},"geo":null,"coordinates":null,"place":null,"contributors":null,"is_quote_status":false,"retweet_count":0,"favorite_count":2,"favorited":false,"retweeted":false,"lang":"en"}
