{"created_at":"Thu Jan 12 08:13:02 +0000 2017","id":819457145716379648,"id_str":"819457145716379648","text":"Guess who's going to be really pissed off if we miss this snow #brecon i must go https:\/\/t.co\/mn65Yz89WJ","truncated":false,"entities":{"hashtags":[{"text":"brecon","indices":[63,70]}],"symbols":[],"user_mentions":[],"urls":[],"media":[{"id":819457124799549440,"id_str":"819457124799549440","indices":[81,104],"media_url":"http:\/\/pbs.twimg.com\/media\/C19L6dBXEAAoAzz.jpg","media_url_https":"https:\/\/pbs.twimg.com\/media\/C19L6dBXEAAoAzz.jpg","url":"https:\/\/t.co\/mn65Yz89WJ","display_url":"pic.twitter.com\/mn65Yz89WJ","expanded_url":"https:\/\/twitter.com\/pissedbear\/status\/819457145716379648\/photo\/1","type":"photo","sizes":{"large":{"w":1536,"h":2048,"resize":"fit"},"medium":{"w":900,"h":1200,"resize":"fit"},"small":{"w":510,"h":680,"resize":"fit"},"thumb":{"w":150,"h":150,"resize":"crop"}}}]},"extended_entities":{"media":[{"id":819457124799549440,"id_str":"819457124799549440","indices":[81,104],"media_url":"http:\/\/pbs.twimg.com\/media\/C19L6dBXEAAoAzz.jpg","media_url_https":"https:\/\/pbs.twimg.com\/media\/C19L6dBXEAAoAzz.jpg","url":"https:\/\/t.co\/mn65Yz89WJ","display_url":"pic.twitter.com\/mn65Yz89WJ","expanded_url":"https:\/\/twitter.com\/pissedbear\/status\/819457145716379648\/photo\/1","type":"photo","sizes":{"large":{"w":1536,"h":2048,"resize":"fit"},"medium":{"w":900,"h":1200,"resize":"fit"},"small":{"w":510,"h":680,"resize":"fit"},"thumb":{"w":150,"h":150,"resize":"crop"}}}]},"source":"\u003ca href=\"http:\/\/twitter.com\/download\/android\" rel=\"nofollow\"\u003eTwitter for Android\u003c\/a\u003e","in_reply_to_status_id":null,"in_reply_to_status_id_str":null,"in_reply_to_user_id":null,"in_reply_to_user_id_str":null,"in_reply_to_screen_name":null,"user":{"id":733807362176221185,"id_str":"733807362176221185","name":"\ud83c\udf7a\ud83c\udf79Edward \ud83c\udf7a\ud83c\udf7b\ud83c\udf79","screen_name":"pissedbear","location":"A bear with No rules ","description":"Im A teddy bear hard working usually pissed","url":null,"entities":{"description":{"urls":[]}},"protected":false,"followers_count":319,"friends_count":288,"listed_count":38,"created_at":"Fri May 20 23:51:23 +0000 2016","favourites_count":5791,"utc_offset":null,"time_zone":null,"geo_enabled":true,"verified":false,"statuses_count":2994,"lang":"en","contributors_enabled":false,"is_translator":false,"is_translation_enabled":false,"profile_background_color":"F5F8FA","profile_background_image_url":null,"profile_background_image_url_https":null,"profile_background_tile":false,"profile_image_url":"http:\/\/pbs.twimg.com\/profile_images\/817915468161945600\/2aFF3oAG_normal.jpg","profile_image_url_https":"https:\/\/pbs.twimg.com\/profile_images\/817915468161945600\/2aFF3oAG_normal.jpg","profile_banner_url":"https:\/\/pbs.twimg.com\/profile_banners\/733807362176221185\/1483841218","profile_link_color":"1DA1F2","profile_sidebar_border_color":"C0DEED","profile_sidebar_fill_color":"DDEEF6","profile_text_color":"333333","profile_use_background_image":true,"has_extended_profile":false,"default_profile":true,"default_profile_image":false,"following":false,"follow_request_sent":false,"notifications":false,"translator_type":"none"},"geo":null,"coordinates":null,"place":null,"contributors":null,"is_quote_status":false,"retweet_count":1,"favorite_count":4,"favorited":false,"retweeted":false,"possibly_sensitive":false,"possibly_sensitive_appealable":false,"lang":"en"}
