{"created_at":"Thu Jan 12 08:13:02 +0000 2017","id":819457143040569344,"id_str":"819457143040569344","text":"@lulwonn I'll giving out L's","truncated":false,"entities":{"hashtags":[],"symbols":[],"user_mentions":[{"screen_name":"lulwonn","name":"Jaz","id":716134101137375232,"id_str":"716134101137375232","indices":[0,8]}],"urls":[]},"source":"\u003ca href=\"http:\/\/twitter.com\/download\/iphone\" rel=\"nofollow\"\u003eTwitter for iPhone\u003c\/a\u003e","in_reply_to_status_id":819456613589327872,"in_reply_to_status_id_str":"819456613589327872","in_reply_to_user_id":716134101137375232,"in_reply_to_user_id_str":"716134101137375232","in_reply_to_screen_name":"lulwonn","user":{"id":854762384,"id_str":"854762384","name":"CINCO\u270b\ud83c\udffd","screen_name":"wuan_5","location":"","description":"BSU18\ud83d\udc36| GoodVibesOnly| Follow My Path To Success","url":"https:\/\/t.co\/Q3SGYGlHMm","entities":{"url":{"urls":[{"url":"https:\/\/t.co\/Q3SGYGlHMm","expanded_url":"http:\/\/www.hudl.com\/athlete\/1824418\/jawuan-brown","display_url":"hudl.com\/athlete\/182441\u2026","indices":[0,23]}]},"description":{"urls":[]}},"protected":false,"followers_count":1059,"friends_count":1428,"listed_count":0,"created_at":"Sun Sep 30 14:01:12 +0000 2012","favourites_count":1870,"utc_offset":-18000,"time_zone":"Eastern Time (US & Canada)","geo_enabled":true,"verified":false,"statuses_count":14389,"lang":"en","contributors_enabled":false,"is_translator":false,"is_translation_enabled":false,"profile_background_color":"C0DEED","profile_background_image_url":"http:\/\/pbs.twimg.com\/profile_background_images\/378800000108618091\/618306ddd75d9d5e512010fe40283aba.jpeg","profile_background_image_url_https":"https:\/\/pbs.twimg.com\/profile_background_images\/378800000108618091\/618306ddd75d9d5e512010fe40283aba.jpeg","profile_background_tile":true,"profile_image_url":"http:\/\/pbs.twimg.com\/profile_images\/807745312450342912\/4f2TMZBB_normal.jpg","profile_image_url_https":"https:\/\/pbs.twimg.com\/profile_images\/807745312450342912\/4f2TMZBB_normal.jpg","profile_banner_url":"https:\/\/pbs.twimg.com\/profile_banners\/854762384\/1456008509","profile_link_color":"0084B4","profile_sidebar_border_color":"FFFFFF","profile_sidebar_fill_color":"DDEEF6","profile_text_color":"333333","profile_use_background_image":true,"has_extended_profile":false,"default_profile":false,"default_profile_image":false,"following":false,"follow_request_sent":false,"notifications":false,"translator_type":"none"},"geo":null,"coordinates":null,"place":null,"contributors":null,"is_quote_status":false,"retweet_count":0,"favorite_count":0,"favorited":false,"retweeted":false,"lang":"en"}
