{"created_at":"Thu Jan 12 08:13:01 +0000 2017","id":819457141564145665,"id_str":"819457141564145665","text":"I liked a @YouTube video https:\/\/t.co\/0Znx6G065G Scalebound Devs on Cancellation, Upcoming Projects - IGN Daily Fix","truncated":false,"entities":{"hashtags":[],"symbols":[],"user_mentions":[{"screen_name":"YouTube","name":"YouTube","id":10228272,"id_str":"10228272","indices":[10,18]}],"urls":[{"url":"https:\/\/t.co\/0Znx6G065G","expanded_url":"http:\/\/youtu.be\/yo0SsXVguFU?a","display_url":"youtu.be\/yo0SsXVguFU?a","indices":[25,48]}]},"source":"\u003ca href=\"http:\/\/www.google.com\/\" rel=\"nofollow\"\u003eGoogle\u003c\/a\u003e","in_reply_to_status_id":null,"in_reply_to_status_id_str":null,"in_reply_to_user_id":null,"in_reply_to_user_id_str":null,"in_reply_to_screen_name":null,"user":{"id":1947119736,"id_str":"1947119736","name":"Finicky","screen_name":"FinickyArts","location":"Melbourne, Victoria","description":"Finicky since 2011. Graphic Designer (quit) and Massive Bioware fan","url":"https:\/\/t.co\/2FGMrSrOG8","entities":{"url":{"urls":[{"url":"https:\/\/t.co\/2FGMrSrOG8","expanded_url":"http:\/\/www.youtube.com\/uhhFinickyy","display_url":"youtube.com\/uhhFinickyy","indices":[0,23]}]},"description":{"urls":[]}},"protected":false,"followers_count":290,"friends_count":274,"listed_count":1,"created_at":"Tue Oct 08 15:04:35 +0000 2013","favourites_count":4622,"utc_offset":39600,"time_zone":"Melbourne","geo_enabled":false,"verified":false,"statuses_count":4465,"lang":"en","contributors_enabled":false,"is_translator":false,"is_translation_enabled":false,"profile_background_color":"000000","profile_background_image_url":"http:\/\/pbs.twimg.com\/profile_background_images\/565814218742444032\/THi_Y6FW.jpeg","profile_background_image_url_https":"https:\/\/pbs.twimg.com\/profile_background_images\/565814218742444032\/THi_Y6FW.jpeg","profile_background_tile":true,"profile_image_url":"http:\/\/pbs.twimg.com\/profile_images\/807803667185184768\/wO-6sXTW_normal.jpg","profile_image_url_https":"https:\/\/pbs.twimg.com\/profile_images\/807803667185184768\/wO-6sXTW_normal.jpg","profile_banner_url":"https:\/\/pbs.twimg.com\/profile_banners\/1947119736\/1481674132","profile_link_color":"3B94D9","profile_sidebar_border_color":"000000","profile_sidebar_fill_color":"000000","profile_text_color":"000000","profile_use_background_image":true,"has_extended_profile":true,"default_profile":false,"default_profile_image":false,"following":false,"follow_request_sent":false,"notifications":false,"translator_type":"none"},"geo":null,"coordinates":null,"place":null,"contributors":null,"is_quote_status":false,"retweet_count":0,"favorite_count":0,"favorited":false,"retweeted":false,"possibly_sensitive":false,"possibly_sensitive_appealable":false,"lang":"en"}
