{"created_at":"Thu Jan 12 08:13:04 +0000 2017","id":819457152251265024,"id_str":"819457152251265024","text":"girl i'm ready if your ready","truncated":false,"entities":{"hashtags":[],"symbols":[],"user_mentions":[],"urls":[]},"source":"\u003ca href=\"http:\/\/twitter.com\/download\/iphone\" rel=\"nofollow\"\u003eTwitter for iPhone\u003c\/a\u003e","in_reply_to_status_id":819457006729887744,"in_reply_to_status_id_str":"819457006729887744","in_reply_to_user_id":793717176842813440,"in_reply_to_user_id_str":"793717176842813440","in_reply_to_screen_name":"avonbizzl","user":{"id":793717176842813440,"id_str":"793717176842813440","name":"JUSTIN FOLLOWS\u265b","screen_name":"avonbizzl","location":"saw justin 24\/10\/16 ","description":"2009 he came into MY WORLD. 2012 he made me BELIEVE. 2013 he shared his JOURNALS. 2015 he gave me PURPOSE. @justinbieber \u2661justin followed 22\/12\/16 at 10:59pm","url":"https:\/\/t.co\/9kXfrBGaZ1","entities":{"url":{"urls":[{"url":"https:\/\/t.co\/9kXfrBGaZ1","expanded_url":"http:\/\/www.justinbiebermusic.com","display_url":"justinbiebermusic.com","indices":[0,23]}]},"description":{"urls":[]}},"protected":false,"followers_count":267,"friends_count":107,"listed_count":2,"created_at":"Wed Nov 02 07:31:36 +0000 2016","favourites_count":1168,"utc_offset":null,"time_zone":null,"geo_enabled":false,"verified":false,"statuses_count":2174,"lang":"en","contributors_enabled":false,"is_translator":false,"is_translation_enabled":false,"profile_background_color":"F5F8FA","profile_background_image_url":null,"profile_background_image_url_https":null,"profile_background_tile":false,"profile_image_url":"http:\/\/pbs.twimg.com\/profile_images\/819444231525769216\/xGJcV9bl_normal.jpg","profile_image_url_https":"https:\/\/pbs.twimg.com\/profile_images\/819444231525769216\/xGJcV9bl_normal.jpg","profile_banner_url":"https:\/\/pbs.twimg.com\/profile_banners\/793717176842813440\/1484205705","profile_link_color":"1DA1F2","profile_sidebar_border_color":"C0DEED","profile_sidebar_fill_color":"DDEEF6","profile_text_color":"333333","profile_use_background_image":true,"has_extended_profile":false,"default_profile":true,"default_profile_image":false,"following":false,"follow_request_sent":false,"notifications":false,"translator_type":"none"},"geo":null,"coordinates":null,"place":null,"contributors":null,"is_quote_status":false,"retweet_count":0,"favorite_count":0,"favorited":false,"retweeted":false,"lang":"en"}
