{"created_at":"Thu Jan 12 08:13:04 +0000 2017","id":819457153991933952,"id_str":"819457153991933952","text":"2 dagar p\u00e5 en mellanstadieskola i Sthlm. Vilket kaos det var. Men \u00e4nd\u00e5 ett jobb liksom. Skulle ha jobbat resten av veckan egentligen, men","truncated":false,"entities":{"hashtags":[],"symbols":[],"user_mentions":[],"urls":[]},"source":"\u003ca href=\"http:\/\/twitter.com\/download\/iphone\" rel=\"nofollow\"\u003eTwitter for iPhone\u003c\/a\u003e","in_reply_to_status_id":null,"in_reply_to_status_id_str":null,"in_reply_to_user_id":null,"in_reply_to_user_id_str":null,"in_reply_to_screen_name":null,"user":{"id":192878816,"id_str":"192878816","name":"Robin Holmberg","screen_name":"robin_holmberg","location":"Stockholm","description":"Ledamot i @pushsverige:s nationella styrelse | Stats- och milj\u00f6vetarstudent | Haft uppdrag i @faltbiologerna @MDStudentkar | Roddar @vegonorm | #l\u00e5tkoletligga","url":"https:\/\/t.co\/UYHlMr31VP","entities":{"url":{"urls":[{"url":"https:\/\/t.co\/UYHlMr31VP","expanded_url":"https:\/\/se.linkedin.com\/in\/robin-holmberg-97257a26","display_url":"se.linkedin.com\/in\/robin-holmb\u2026","indices":[0,23]}]},"description":{"urls":[]}},"protected":false,"followers_count":1171,"friends_count":1989,"listed_count":29,"created_at":"Mon Sep 20 12:07:33 +0000 2010","favourites_count":4150,"utc_offset":3600,"time_zone":"Stockholm","geo_enabled":true,"verified":false,"statuses_count":18473,"lang":"en","contributors_enabled":false,"is_translator":false,"is_translation_enabled":false,"profile_background_color":"030103","profile_background_image_url":"http:\/\/pbs.twimg.com\/profile_background_images\/581324491\/x1a71984b9e8cd58f12cb48e6b2a0238.jpg","profile_background_image_url_https":"https:\/\/pbs.twimg.com\/profile_background_images\/581324491\/x1a71984b9e8cd58f12cb48e6b2a0238.jpg","profile_background_tile":false,"profile_image_url":"http:\/\/pbs.twimg.com\/profile_images\/784113033685544960\/wYqz50Bf_normal.jpg","profile_image_url_https":"https:\/\/pbs.twimg.com\/profile_images\/784113033685544960\/wYqz50Bf_normal.jpg","profile_banner_url":"https:\/\/pbs.twimg.com\/profile_banners\/192878816\/1418131840","profile_link_color":"4A913C","profile_sidebar_border_color":"ADF1FC","profile_sidebar_fill_color":"000000","profile_text_color":"FA8459","profile_use_background_image":true,"has_extended_profile":false,"default_profile":false,"default_profile_image":false,"following":false,"follow_request_sent":false,"notifications":false,"translator_type":"none"},"geo":null,"coordinates":null,"place":null,"contributors":null,"is_quote_status":false,"retweet_count":0,"favorite_count":0,"favorited":false,"retweeted":false,"lang":"sv"}
