{"created_at":"Thu Jan 12 08:13:05 +0000 2017","id":819457158051930112,"id_str":"819457158051930112","text":"|| because i took a nap today and my sleep is fucked up so for the next 17 minutes im here","truncated":false,"entities":{"hashtags":[],"symbols":[],"user_mentions":[],"urls":[]},"source":"\u003ca href=\"http:\/\/twitter.com\/download\/iphone\" rel=\"nofollow\"\u003eTwitter for iPhone\u003c\/a\u003e","in_reply_to_status_id":null,"in_reply_to_status_id_str":null,"in_reply_to_user_id":null,"in_reply_to_user_id_str":null,"in_reply_to_screen_name":null,"user":{"id":810988735668125696,"id_str":"810988735668125696","name":"Noctis Caelum","screen_name":"ByTheLucii","location":"The Spirit Realm \/ Insomnia","description":"Let the Insomniac Prince rest forevermore, and be separated from @MoonlightOracle nevermore. [Kindred Spirits AU]","url":"https:\/\/t.co\/ckYljJZEzA","entities":{"url":{"urls":[{"url":"https:\/\/t.co\/ckYljJZEzA","expanded_url":"http:\/\/tl.gd\/n_1spf9n9","display_url":"tl.gd\/n_1spf9n9","indices":[0,23]}]},"description":{"urls":[]}},"protected":false,"followers_count":236,"friends_count":168,"listed_count":4,"created_at":"Mon Dec 19 23:22:36 +0000 2016","favourites_count":1337,"utc_offset":null,"time_zone":null,"geo_enabled":false,"verified":false,"statuses_count":4464,"lang":"en","contributors_enabled":false,"is_translator":false,"is_translation_enabled":false,"profile_background_color":"F5F8FA","profile_background_image_url":null,"profile_background_image_url_https":null,"profile_background_tile":false,"profile_image_url":"http:\/\/pbs.twimg.com\/profile_images\/820409054317133825\/lNNajrSV_normal.jpg","profile_image_url_https":"https:\/\/pbs.twimg.com\/profile_images\/820409054317133825\/lNNajrSV_normal.jpg","profile_banner_url":"https:\/\/pbs.twimg.com\/profile_banners\/810988735668125696\/1483688081","profile_link_color":"1DA1F2","profile_sidebar_border_color":"C0DEED","profile_sidebar_fill_color":"DDEEF6","profile_text_color":"333333","profile_use_background_image":true,"has_extended_profile":true,"default_profile":true,"default_profile_image":false,"following":false,"follow_request_sent":false,"notifications":false,"translator_type":"none"},"geo":null,"coordinates":null,"place":null,"contributors":null,"is_quote_status":false,"retweet_count":0,"favorite_count":1,"favorited":false,"retweeted":false,"lang":"en"}
