{"created_at":"Thu Jan 12 08:13:05 +0000 2017","id":819457157917790208,"id_str":"819457157917790208","text":"@SolizJenell9 I think I'm fine\ud83d\ude02","truncated":false,"entities":{"hashtags":[],"symbols":[],"user_mentions":[{"screen_name":"SolizJenell9","name":"jen","id":1310929902,"id_str":"1310929902","indices":[0,13]}],"urls":[]},"source":"\u003ca href=\"http:\/\/twitter.com\/download\/iphone\" rel=\"nofollow\"\u003eTwitter for iPhone\u003c\/a\u003e","in_reply_to_status_id":819456668232777728,"in_reply_to_status_id_str":"819456668232777728","in_reply_to_user_id":1310929902,"in_reply_to_user_id_str":"1310929902","in_reply_to_screen_name":"SolizJenell9","user":{"id":1425576241,"id_str":"1425576241","name":"G Bell","screen_name":"theoriginalG_B","location":"214\u27a1\ufe0f361","description":"TAMUCC Baseball \u26be\ufe0f Philippians 4:13 is the motto","url":"https:\/\/t.co\/doYTkE0H4X","entities":{"url":{"urls":[{"url":"https:\/\/t.co\/doYTkE0H4X","expanded_url":"http:\/\/instagram.com\/theoriginalg_b","display_url":"instagram.com\/theoriginalg_b","indices":[0,23]}]},"description":{"urls":[]}},"protected":false,"followers_count":664,"friends_count":443,"listed_count":1,"created_at":"Mon May 13 13:54:12 +0000 2013","favourites_count":6854,"utc_offset":-21600,"time_zone":"Central Time (US & Canada)","geo_enabled":true,"verified":false,"statuses_count":11208,"lang":"en","contributors_enabled":false,"is_translator":false,"is_translation_enabled":false,"profile_background_color":"C0DEED","profile_background_image_url":"http:\/\/abs.twimg.com\/images\/themes\/theme1\/bg.png","profile_background_image_url_https":"https:\/\/abs.twimg.com\/images\/themes\/theme1\/bg.png","profile_background_tile":false,"profile_image_url":"http:\/\/pbs.twimg.com\/profile_images\/802427231922483200\/3tdaoKbW_normal.jpg","profile_image_url_https":"https:\/\/pbs.twimg.com\/profile_images\/802427231922483200\/3tdaoKbW_normal.jpg","profile_banner_url":"https:\/\/pbs.twimg.com\/profile_banners\/1425576241\/1475017998","profile_link_color":"1B95E0","profile_sidebar_border_color":"C0DEED","profile_sidebar_fill_color":"DDEEF6","profile_text_color":"333333","profile_use_background_image":true,"has_extended_profile":true,"default_profile":false,"default_profile_image":false,"following":false,"follow_request_sent":false,"notifications":false,"translator_type":"none"},"geo":null,"coordinates":null,"place":null,"contributors":null,"is_quote_status":false,"retweet_count":0,"favorite_count":1,"favorited":false,"retweeted":false,"lang":"en"}
