{"created_at":"Thu Jan 12 08:13:04 +0000 2017","id":819457154012893184,"id_str":"819457154012893184","text":"@BenefitUK I'm staying as fabulous as I've always been #beyourownhero","truncated":false,"entities":{"hashtags":[{"text":"beyourownhero","indices":[55,69]}],"symbols":[],"user_mentions":[{"screen_name":"BenefitUK","name":"Benefit Cosmetics UK","id":289275675,"id_str":"289275675","indices":[0,10]}],"urls":[]},"source":"\u003ca href=\"http:\/\/twitter.com\/download\/iphone\" rel=\"nofollow\"\u003eTwitter for iPhone\u003c\/a\u003e","in_reply_to_status_id":819445085297344512,"in_reply_to_status_id_str":"819445085297344512","in_reply_to_user_id":289275675,"in_reply_to_user_id_str":"289275675","in_reply_to_screen_name":"BenefitUK","user":{"id":22384403,"id_str":"22384403","name":"Eleanor Lloyd","screen_name":"ellielloyd92","location":"","description":"You will always find me somewhere where there is free food.","url":null,"entities":{"description":{"urls":[]}},"protected":false,"followers_count":95,"friends_count":178,"listed_count":0,"created_at":"Sun Mar 01 17:42:58 +0000 2009","favourites_count":529,"utc_offset":3600,"time_zone":"Amsterdam","geo_enabled":true,"verified":false,"statuses_count":2245,"lang":"en","contributors_enabled":false,"is_translator":false,"is_translation_enabled":false,"profile_background_color":"6CCB7B","profile_background_image_url":"http:\/\/pbs.twimg.com\/profile_background_images\/638012171\/gthh59lf2bfcg813za44.jpeg","profile_background_image_url_https":"https:\/\/pbs.twimg.com\/profile_background_images\/638012171\/gthh59lf2bfcg813za44.jpeg","profile_background_tile":true,"profile_image_url":"http:\/\/pbs.twimg.com\/profile_images\/1985884134\/Photo_on_11-11-2011_at_13.39_normal.jpg","profile_image_url_https":"https:\/\/pbs.twimg.com\/profile_images\/1985884134\/Photo_on_11-11-2011_at_13.39_normal.jpg","profile_banner_url":"https:\/\/pbs.twimg.com\/profile_banners\/22384403\/1354979619","profile_link_color":"A731FC","profile_sidebar_border_color":"FFFFFF","profile_sidebar_fill_color":"BDFFAD","profile_text_color":"000000","profile_use_background_image":true,"has_extended_profile":false,"default_profile":false,"default_profile_image":false,"following":false,"follow_request_sent":false,"notifications":false,"translator_type":"none"},"geo":null,"coordinates":null,"place":null,"contributors":null,"is_quote_status":false,"retweet_count":0,"favorite_count":0,"favorited":false,"retweeted":false,"lang":"en"}
