{"created_at":"Thu Jan 12 08:13:05 +0000 2017","id":819457156315484160,"id_str":"819457156315484160","text":"@drick___ I mean it's straight .. It's just ion be up there like I used to &amp; shit . But when I pop up .. That's it \ud83d\ude43","truncated":false,"entities":{"hashtags":[],"symbols":[],"user_mentions":[{"screen_name":"drick___","name":"drick la flare","id":3051864329,"id_str":"3051864329","indices":[0,9]}],"urls":[]},"source":"\u003ca href=\"http:\/\/twitter.com\/download\/iphone\" rel=\"nofollow\"\u003eTwitter for iPhone\u003c\/a\u003e","in_reply_to_status_id":819456873011314690,"in_reply_to_status_id_str":"819456873011314690","in_reply_to_user_id":3051864329,"in_reply_to_user_id_str":"3051864329","in_reply_to_screen_name":"drick___","user":{"id":2720425655,"id_str":"2720425655","name":"GoldenGerman\u00a9\ud83c\udde9\ud83c\uddea \u2728","screen_name":"JazmenMilan","location":"","description":"IG & Snap: JazmenMilan","url":null,"entities":{"description":{"urls":[]}},"protected":false,"followers_count":3922,"friends_count":3979,"listed_count":7,"created_at":"Tue Jul 22 04:40:03 +0000 2014","favourites_count":4028,"utc_offset":null,"time_zone":null,"geo_enabled":true,"verified":false,"statuses_count":32247,"lang":"en","contributors_enabled":false,"is_translator":false,"is_translation_enabled":false,"profile_background_color":"C0DEED","profile_background_image_url":"http:\/\/abs.twimg.com\/images\/themes\/theme1\/bg.png","profile_background_image_url_https":"https:\/\/abs.twimg.com\/images\/themes\/theme1\/bg.png","profile_background_tile":false,"profile_image_url":"http:\/\/pbs.twimg.com\/profile_images\/819450962079350785\/zjLMQeUu_normal.jpg","profile_image_url_https":"https:\/\/pbs.twimg.com\/profile_images\/819450962079350785\/zjLMQeUu_normal.jpg","profile_banner_url":"https:\/\/pbs.twimg.com\/profile_banners\/2720425655\/1483387025","profile_link_color":"1DA1F2","profile_sidebar_border_color":"C0DEED","profile_sidebar_fill_color":"DDEEF6","profile_text_color":"333333","profile_use_background_image":true,"has_extended_profile":true,"default_profile":true,"default_profile_image":false,"following":false,"follow_request_sent":false,"notifications":false,"translator_type":"none"},"geo":null,"coordinates":null,"place":null,"contributors":null,"is_quote_status":false,"retweet_count":0,"favorite_count":0,"favorited":false,"retweeted":false,"lang":"en"}
