{"created_at":"Thu Jan 12 08:13:03 +0000 2017","id":819457146882359296,"id_str":"819457146882359296","text":"I like not only to be loved, but to be told that I am loved; the realm of silence is large enough beyond the grave.\n\n-\u3000George Eliot\u3000\uff08\u30b8\u30e7\u30fc\u30b8","truncated":false,"entities":{"hashtags":[],"symbols":[],"user_mentions":[],"urls":[]},"source":"\u003ca href=\"http:\/\/autotweety.net\" rel=\"nofollow\"\u003eautotweety.net\u003c\/a\u003e","in_reply_to_status_id":null,"in_reply_to_status_id_str":null,"in_reply_to_user_id":null,"in_reply_to_user_id_str":null,"in_reply_to_screen_name":null,"user":{"id":2991033786,"id_str":"2991033786","name":"\u540d\u8a00\u96c6\uff20Quotations","screen_name":"z7ss51","location":"","description":"\u540d\u8a00\u767a\u4fe1\u3057\u3066\u3044\u304d\u307e\u3059\u3002\n\n\u76f8\u4e92\u30d5\u30a9\u30ed\u30fc\u52df\u96c6\u4e2d!(^^)!#sougofollow followme followall followback refollow #autefollow \u76f8\u4e92\u30d5\u30a9\u30ed\u30fc","url":null,"entities":{"description":{"urls":[]}},"protected":false,"followers_count":474,"friends_count":270,"listed_count":3,"created_at":"Tue Jan 20 11:29:07 +0000 2015","favourites_count":0,"utc_offset":null,"time_zone":null,"geo_enabled":false,"verified":false,"statuses_count":17000,"lang":"ja","contributors_enabled":false,"is_translator":false,"is_translation_enabled":false,"profile_background_color":"C0DEED","profile_background_image_url":"http:\/\/abs.twimg.com\/images\/themes\/theme1\/bg.png","profile_background_image_url_https":"https:\/\/abs.twimg.com\/images\/themes\/theme1\/bg.png","profile_background_tile":false,"profile_image_url":"http:\/\/pbs.twimg.com\/profile_images\/557500570399830019\/TqBLlcCb_normal.jpeg","profile_image_url_https":"https:\/\/pbs.twimg.com\/profile_images\/557500570399830019\/TqBLlcCb_normal.jpeg","profile_banner_url":"https:\/\/pbs.twimg.com\/profile_banners\/2991033786\/1421753516","profile_link_color":"1DA1F2","profile_sidebar_border_color":"C0DEED","profile_sidebar_fill_color":"DDEEF6","profile_text_color":"333333","profile_use_background_image":true,"has_extended_profile":false,"default_profile":true,"default_profile_image":false,"following":false,"follow_request_sent":false,"notifications":false,"translator_type":"none"},"geo":null,"coordinates":null,"place":null,"contributors":null,"is_quote_status":false,"retweet_count":0,"favorite_count":0,"favorited":false,"retweeted":false,"lang":"ja"}
