{"created_at":"Thu Jan 12 08:13:06 +0000 2017","id":819457159733747712,"id_str":"819457159733747712","text":"@iselamora13 @CuriousCatMe I'm kinda upset rn","truncated":false,"entities":{"hashtags":[],"symbols":[],"user_mentions":[{"screen_name":"iselamora13","name":"i$ela.","id":859121395,"id_str":"859121395","indices":[0,12]},{"screen_name":"CuriousCatMe","name":"Curious Cat","id":2440783396,"id_str":"2440783396","indices":[13,26]}],"urls":[]},"source":"\u003ca href=\"http:\/\/twitter.com\/download\/iphone\" rel=\"nofollow\"\u003eTwitter for iPhone\u003c\/a\u003e","in_reply_to_status_id":819456875645177856,"in_reply_to_status_id_str":"819456875645177856","in_reply_to_user_id":859121395,"in_reply_to_user_id_str":"859121395","in_reply_to_screen_name":"iselamora13","user":{"id":2888093274,"id_str":"2888093274","name":"Jay","screen_name":"JayRivera559","location":"","description":"Fuck dads they're overrated","url":null,"entities":{"description":{"urls":[]}},"protected":false,"followers_count":330,"friends_count":334,"listed_count":1,"created_at":"Mon Nov 03 05:05:09 +0000 2014","favourites_count":13054,"utc_offset":-28800,"time_zone":"Pacific Time (US & Canada)","geo_enabled":true,"verified":false,"statuses_count":9324,"lang":"en","contributors_enabled":false,"is_translator":false,"is_translation_enabled":false,"profile_background_color":"000000","profile_background_image_url":"http:\/\/abs.twimg.com\/images\/themes\/theme1\/bg.png","profile_background_image_url_https":"https:\/\/abs.twimg.com\/images\/themes\/theme1\/bg.png","profile_background_tile":false,"profile_image_url":"http:\/\/pbs.twimg.com\/profile_images\/820469801088753664\/bpP0K0tl_normal.jpg","profile_image_url_https":"https:\/\/pbs.twimg.com\/profile_images\/820469801088753664\/bpP0K0tl_normal.jpg","profile_banner_url":"https:\/\/pbs.twimg.com\/profile_banners\/2888093274\/1483848702","profile_link_color":"123873","profile_sidebar_border_color":"000000","profile_sidebar_fill_color":"000000","profile_text_color":"000000","profile_use_background_image":false,"has_extended_profile":true,"default_profile":false,"default_profile_image":false,"following":false,"follow_request_sent":false,"notifications":false,"translator_type":"none"},"geo":null,"coordinates":null,"place":null,"contributors":null,"is_quote_status":false,"retweet_count":0,"favorite_count":0,"favorited":false,"retweeted":false,"lang":"en"}
