{"created_at":"Thu Jan 12 08:13:06 +0000 2017","id":819457159830196224,"id_str":"819457159830196224","text":"I just can't take pictures, my phone is messing up with me again \ud83d\ude12\ud83d\ude0f","truncated":false,"entities":{"hashtags":[],"symbols":[],"user_mentions":[],"urls":[]},"source":"\u003ca href=\"http:\/\/twitter.com\/download\/android\" rel=\"nofollow\"\u003eTwitter for Android\u003c\/a\u003e","in_reply_to_status_id":null,"in_reply_to_status_id_str":null,"in_reply_to_user_id":null,"in_reply_to_user_id_str":null,"in_reply_to_screen_name":null,"user":{"id":702581713965219840,"id_str":"702581713965219840","name":"Melgie. \ud83c\udf0c","screen_name":"gsnlbm","location":"Lagao, Soccsksargen","description":"private acc. \u27a1 @lopezmelgie","url":"https:\/\/t.co\/1wEHZSDH8s","entities":{"url":{"urls":[{"url":"https:\/\/t.co\/1wEHZSDH8s","expanded_url":"http:\/\/telegram.com\/Kiorri","display_url":"telegram.com\/Kiorri","indices":[0,23]}]},"description":{"urls":[]}},"protected":false,"followers_count":402,"friends_count":320,"listed_count":1,"created_at":"Wed Feb 24 19:51:48 +0000 2016","favourites_count":4155,"utc_offset":null,"time_zone":null,"geo_enabled":true,"verified":false,"statuses_count":7886,"lang":"en","contributors_enabled":false,"is_translator":false,"is_translation_enabled":false,"profile_background_color":"F5F8FA","profile_background_image_url":null,"profile_background_image_url_https":null,"profile_background_tile":false,"profile_image_url":"http:\/\/pbs.twimg.com\/profile_images\/818741023488688128\/3oWSvpN6_normal.jpg","profile_image_url_https":"https:\/\/pbs.twimg.com\/profile_images\/818741023488688128\/3oWSvpN6_normal.jpg","profile_banner_url":"https:\/\/pbs.twimg.com\/profile_banners\/702581713965219840\/1484239580","profile_link_color":"1DA1F2","profile_sidebar_border_color":"C0DEED","profile_sidebar_fill_color":"DDEEF6","profile_text_color":"333333","profile_use_background_image":true,"has_extended_profile":false,"default_profile":true,"default_profile_image":false,"following":false,"follow_request_sent":false,"notifications":false,"translator_type":"none"},"geo":null,"coordinates":null,"place":null,"contributors":null,"is_quote_status":false,"retweet_count":0,"favorite_count":0,"favorited":false,"retweeted":false,"lang":"en"}
