{"created_at":"Thu Jan 12 08:13:05 +0000 2017","id":819457155388604419,"id_str":"819457155388604419","text":"I do love how honest our manager is. Now its up to him to kick arse, inspire, coach and make a visible difference.\u2026 https:\/\/t.co\/nV1wLGpZbO","truncated":true,"entities":{"hashtags":[],"symbols":[],"user_mentions":[],"urls":[{"url":"https:\/\/t.co\/nV1wLGpZbO","expanded_url":"https:\/\/twitter.com\/i\/web\/status\/819457155388604419","display_url":"twitter.com\/i\/web\/status\/8\u2026","indices":[116,139]}]},"source":"\u003ca href=\"http:\/\/twitter.com\/download\/android\" rel=\"nofollow\"\u003eTwitter for Android\u003c\/a\u003e","in_reply_to_status_id":null,"in_reply_to_status_id_str":null,"in_reply_to_user_id":null,"in_reply_to_user_id_str":null,"in_reply_to_screen_name":null,"user":{"id":239874758,"id_str":"239874758","name":"Aubrey Reynolds","screen_name":"ooube","location":"Liverpool, UK","description":"Not that bright. Not that dumb. Scouser living and working in London. Would love to direct a feature film one day. Will settle for a Sofa sales commercial.","url":null,"entities":{"description":{"urls":[]}},"protected":false,"followers_count":1391,"friends_count":1718,"listed_count":24,"created_at":"Tue Jan 18 16:45:22 +0000 2011","favourites_count":4698,"utc_offset":39600,"time_zone":"Sydney","geo_enabled":true,"verified":false,"statuses_count":4961,"lang":"en","contributors_enabled":false,"is_translator":false,"is_translation_enabled":false,"profile_background_color":"022330","profile_background_image_url":"http:\/\/abs.twimg.com\/images\/themes\/theme15\/bg.png","profile_background_image_url_https":"https:\/\/abs.twimg.com\/images\/themes\/theme15\/bg.png","profile_background_tile":false,"profile_image_url":"http:\/\/pbs.twimg.com\/profile_images\/539530140812713984\/L_j-BXdo_normal.jpeg","profile_image_url_https":"https:\/\/pbs.twimg.com\/profile_images\/539530140812713984\/L_j-BXdo_normal.jpeg","profile_banner_url":"https:\/\/pbs.twimg.com\/profile_banners\/239874758\/1417469028","profile_link_color":"0084B4","profile_sidebar_border_color":"A8C7F7","profile_sidebar_fill_color":"C0DFEC","profile_text_color":"333333","profile_use_background_image":true,"has_extended_profile":false,"default_profile":false,"default_profile_image":false,"following":false,"follow_request_sent":false,"notifications":false,"translator_type":"none"},"geo":null,"coordinates":null,"place":null,"contributors":null,"is_quote_status":true,"quoted_status_id":819455588732125184,"quoted_status_id_str":"819455588732125184","quoted_status":{"created_at":"Thu Jan 12 08:06:51 +0000 2017","id":819455588732125184,"id_str":"819455588732125184","text":"\"I can't remember a clear chance for us\"\n\nJurgen Klopp says Liverpool could and should have lost by more.\u2026 https:\/\/t.co\/42CCIB6Lnq","truncated":true,"entities":{"hashtags":[],"symbols":[],"user_mentions":[],"urls":[{"url":"https:\/\/t.co\/42CCIB6Lnq","expanded_url":"https:\/\/twitter.com\/i\/web\/status\/819455588732125184","display_url":"twitter.com\/i\/web\/status\/8\u2026","indices":[107,130]}]},"source":"\u003ca href=\"https:\/\/about.twitter.com\/products\/tweetdeck\" rel=\"nofollow\"\u003eTweetDeck\u003c\/a\u003e","in_reply_to_status_id":null,"in_reply_to_status_id_str":null,"in_reply_to_user_id":null,"in_reply_to_user_id_str":null,"in_reply_to_screen_name":null,"user":{"id":265902729,"id_str":"265902729","name":"BBC Sport","screen_name":"BBCSport","location":"MediaCityUK, Salford","description":"Official https:\/\/t.co\/XsBH2P4slh account. Also from @bbc - @bbcmotd @bbcf1 @bbctms @bbctennis @bbcrugbyunion & @bbcgetinspired","url":"https:\/\/t.co\/nGZXuvg6cY","entities":{"url":{"urls":[{"url":"https:\/\/t.co\/nGZXuvg6cY","expanded_url":"http:\/\/www.bbc.co.uk\/sport\/0\/","display_url":"bbc.co.uk\/sport\/0\/","indices":[0,23]}]},"description":{"urls":[{"url":"https:\/\/t.co\/XsBH2P4slh","expanded_url":"http:\/\/www.bbc.co.uk\/sport","display_url":"bbc.co.uk\/sport","indices":[9,32]}]}},"protected":false,"followers_count":6443612,"friends_count":262,"listed_count":17406,"created_at":"Mon Mar 14 09:44:40 +0000 2011","favourites_count":141,"utc_offset":-36000,"time_zone":"Hawaii","geo_enabled":true,"verified":true,"statuses_count":248410,"lang":"en","contributors_enabled":false,"is_translator":false,"is_translation_enabled":true,"profile_background_color":"C0DEED","profile_background_image_url":"http:\/\/pbs.twimg.com\/profile_background_images\/240463705\/BBCSportTwitter_backing11.jpg","profile_background_image_url_https":"https:\/\/pbs.twimg.com\/profile_background_images\/240463705\/BBCSportTwitter_backing11.jpg","profile_background_tile":false,"profile_image_url":"http:\/\/pbs.twimg.com\/profile_images\/803606866974609412\/Ymsnopmj_normal.jpg","profile_image_url_https":"https:\/\/pbs.twimg.com\/profile_images\/803606866974609412\/Ymsnopmj_normal.jpg","profile_banner_url":"https:\/\/pbs.twimg.com\/profile_banners\/265902729\/1482171752","profile_link_color":"0084B4","profile_sidebar_border_color":"C0DEED","profile_sidebar_fill_color":"DDEEF6","profile_text_color":"333333","profile_use_background_image":true,"has_extended_profile":false,"default_profile":false,"default_profile_image":false,"following":false,"follow_request_sent":false,"notifications":false,"translator_type":"none"},"geo":null,"coordinates":null,"place":null,"contributors":null,"is_quote_status":false,"retweet_count":34,"favorite_count":95,"favorited":false,"retweeted":false,"possibly_sensitive":false,"possibly_sensitive_appealable":false,"lang":"en"},"retweet_count":1,"favorite_count":6,"favorited":false,"retweeted":false,"possibly_sensitive":false,"possibly_sensitive_appealable":false,"lang":"en"}
