{"created_at":"Thu Jan 12 08:13:05 +0000 2017","id":819457156957270016,"id_str":"819457156957270016","text":"@ee is there something wrong with the website? it looks different to normal and i can't view my upgrade options or live chat with anyone!","truncated":false,"entities":{"hashtags":[],"symbols":[],"user_mentions":[{"screen_name":"EE","name":"EE","id":7117212,"id_str":"7117212","indices":[0,3]}],"urls":[]},"source":"\u003ca href=\"http:\/\/twitter.com\" rel=\"nofollow\"\u003eTwitter Web Client\u003c\/a\u003e","in_reply_to_status_id":null,"in_reply_to_status_id_str":null,"in_reply_to_user_id":7117212,"in_reply_to_user_id_str":"7117212","in_reply_to_screen_name":"EE","user":{"id":4838620739,"id_str":"4838620739","name":"Kimberley","screen_name":"kimmy_w5","location":"","description":"A scientist who loves travel and photography! #travel #blogger #photography #scicomm","url":"https:\/\/t.co\/IYsTGl6fjG","entities":{"url":{"urls":[{"url":"https:\/\/t.co\/IYsTGl6fjG","expanded_url":"https:\/\/hellowanderlustblog.wordpress.com","display_url":"hellowanderlustblog.wordpress.com","indices":[0,23]}]},"description":{"urls":[]}},"protected":false,"followers_count":90,"friends_count":148,"listed_count":32,"created_at":"Sat Jan 23 14:12:24 +0000 2016","favourites_count":65,"utc_offset":null,"time_zone":null,"geo_enabled":false,"verified":false,"statuses_count":188,"lang":"en","contributors_enabled":false,"is_translator":false,"is_translation_enabled":false,"profile_background_color":"000000","profile_background_image_url":"http:\/\/abs.twimg.com\/images\/themes\/theme1\/bg.png","profile_background_image_url_https":"https:\/\/abs.twimg.com\/images\/themes\/theme1\/bg.png","profile_background_tile":false,"profile_image_url":"http:\/\/pbs.twimg.com\/profile_images\/782574074220384256\/2GSSN6Tu_normal.jpg","profile_image_url_https":"https:\/\/pbs.twimg.com\/profile_images\/782574074220384256\/2GSSN6Tu_normal.jpg","profile_banner_url":"https:\/\/pbs.twimg.com\/profile_banners\/4838620739\/1475000458","profile_link_color":"981CEB","profile_sidebar_border_color":"000000","profile_sidebar_fill_color":"000000","profile_text_color":"000000","profile_use_background_image":false,"has_extended_profile":false,"default_profile":false,"default_profile_image":false,"following":false,"follow_request_sent":false,"notifications":false,"translator_type":"none"},"geo":null,"coordinates":null,"place":null,"contributors":null,"is_quote_status":false,"retweet_count":0,"favorite_count":0,"favorited":false,"retweeted":false,"lang":"en"}
