{"created_at":"Thu Jan 12 08:13:06 +0000 2017","id":819457161382203392,"id_str":"819457161382203392","text":"why can't i be a normal persoN AND GO TO BED AT A DECENT TIME???\/$\/?:!","truncated":false,"entities":{"hashtags":[],"symbols":[],"user_mentions":[],"urls":[]},"source":"\u003ca href=\"http:\/\/twitter.com\/download\/iphone\" rel=\"nofollow\"\u003eTwitter for iPhone\u003c\/a\u003e","in_reply_to_status_id":null,"in_reply_to_status_id_str":null,"in_reply_to_user_id":null,"in_reply_to_user_id_str":null,"in_reply_to_screen_name":null,"user":{"id":2961732793,"id_str":"2961732793","name":"carolina","screen_name":"_linaa12","location":"Pickerington, OH","description":"jordan \ud83d\udc9b","url":null,"entities":{"description":{"urls":[]}},"protected":false,"followers_count":1075,"friends_count":698,"listed_count":1,"created_at":"Wed Jan 07 00:35:13 +0000 2015","favourites_count":9715,"utc_offset":null,"time_zone":null,"geo_enabled":true,"verified":false,"statuses_count":8678,"lang":"en","contributors_enabled":false,"is_translator":false,"is_translation_enabled":false,"profile_background_color":"000000","profile_background_image_url":"http:\/\/abs.twimg.com\/images\/themes\/theme1\/bg.png","profile_background_image_url_https":"https:\/\/abs.twimg.com\/images\/themes\/theme1\/bg.png","profile_background_tile":false,"profile_image_url":"http:\/\/pbs.twimg.com\/profile_images\/806340360800796672\/8c2nHGUJ_normal.jpg","profile_image_url_https":"https:\/\/pbs.twimg.com\/profile_images\/806340360800796672\/8c2nHGUJ_normal.jpg","profile_banner_url":"https:\/\/pbs.twimg.com\/profile_banners\/2961732793\/1484153906","profile_link_color":"000077","profile_sidebar_border_color":"000000","profile_sidebar_fill_color":"000000","profile_text_color":"000000","profile_use_background_image":false,"has_extended_profile":true,"default_profile":false,"default_profile_image":false,"following":false,"follow_request_sent":false,"notifications":false,"translator_type":"none"},"geo":null,"coordinates":null,"place":null,"contributors":null,"is_quote_status":false,"retweet_count":0,"favorite_count":1,"favorited":false,"retweeted":false,"lang":"en"}
