{"created_at":"Thu Jan 12 08:13:06 +0000 2017","id":819457158597267460,"id_str":"819457158597267460","text":"my teacher caught me using google for answers &amp; now i have to redo my paper BITCH THOT","truncated":false,"entities":{"hashtags":[],"symbols":[],"user_mentions":[],"urls":[]},"source":"\u003ca href=\"http:\/\/twitter.com\/download\/iphone\" rel=\"nofollow\"\u003eTwitter for iPhone\u003c\/a\u003e","in_reply_to_status_id":null,"in_reply_to_status_id_str":null,"in_reply_to_user_id":null,"in_reply_to_user_id_str":null,"in_reply_to_screen_name":null,"user":{"id":3409020874,"id_str":"3409020874","name":"lena","screen_name":"quccnlena","location":"L. | 5.03","description":"luke's babygirl","url":"https:\/\/t.co\/G0NG6quNYv","entities":{"url":{"urls":[{"url":"https:\/\/t.co\/G0NG6quNYv","expanded_url":"http:\/\/bonnie.marie.com","display_url":"bonnie.marie.com","indices":[0,23]}]},"description":{"urls":[]}},"protected":false,"followers_count":1337,"friends_count":73,"listed_count":16,"created_at":"Sat Aug 08 18:22:42 +0000 2015","favourites_count":9968,"utc_offset":-28800,"time_zone":"Pacific Time (US & Canada)","geo_enabled":false,"verified":false,"statuses_count":20230,"lang":"en","contributors_enabled":false,"is_translator":false,"is_translation_enabled":false,"profile_background_color":"000000","profile_background_image_url":"http:\/\/abs.twimg.com\/images\/themes\/theme1\/bg.png","profile_background_image_url_https":"https:\/\/abs.twimg.com\/images\/themes\/theme1\/bg.png","profile_background_tile":false,"profile_image_url":"http:\/\/pbs.twimg.com\/profile_images\/819737944793681924\/P3iqbn1I_normal.jpg","profile_image_url_https":"https:\/\/pbs.twimg.com\/profile_images\/819737944793681924\/P3iqbn1I_normal.jpg","profile_banner_url":"https:\/\/pbs.twimg.com\/profile_banners\/3409020874\/1484279980","profile_link_color":"994455","profile_sidebar_border_color":"000000","profile_sidebar_fill_color":"000000","profile_text_color":"000000","profile_use_background_image":false,"has_extended_profile":false,"default_profile":false,"default_profile_image":false,"following":false,"follow_request_sent":false,"notifications":false,"translator_type":"none"},"geo":null,"coordinates":null,"place":null,"contributors":null,"is_quote_status":false,"retweet_count":0,"favorite_count":1,"favorited":false,"retweeted":false,"lang":"en"}
