{"created_at":"Thu Jan 12 08:13:05 +0000 2017","id":819457156273541121,"id_str":"819457156273541121","text":"\"I am Nature's Curse\" by Carnival Slaughter - https:\/\/t.co\/f0xbkooQxu SLAM #metal","truncated":false,"entities":{"hashtags":[{"text":"metal","indices":[75,81]}],"symbols":[],"user_mentions":[],"urls":[{"url":"https:\/\/t.co\/f0xbkooQxu","expanded_url":"https:\/\/www.reverbnation.com\/carnivalslaughter\/song\/15244962-i-am-natures-curse?0","display_url":"reverbnation.com\/carnivalslaugh\u2026","indices":[46,69]}]},"source":"\u003ca href=\"http:\/\/twitter.com\" rel=\"nofollow\"\u003eTwitter Web Client\u003c\/a\u003e","in_reply_to_status_id":null,"in_reply_to_status_id_str":null,"in_reply_to_user_id":null,"in_reply_to_user_id_str":null,"in_reply_to_screen_name":null,"user":{"id":1268995298,"id_str":"1268995298","name":"AXE2THEFACE","screen_name":"faceaxe","location":"Colorado Springs","description":"We're a #Metal band from Colorado Springs, check out our upcoming shows, and TONS of other bands we like around the world... https:\/\/t.co\/1XECJ3ibAw","url":"http:\/\/t.co\/K0U5dSgipC","entities":{"url":{"urls":[{"url":"http:\/\/t.co\/K0U5dSgipC","expanded_url":"http:\/\/reverbnation.com\/axe2thefaceband","display_url":"reverbnation.com\/axe2thefaceband","indices":[0,22]}]},"description":{"urls":[{"url":"https:\/\/t.co\/1XECJ3ibAw","expanded_url":"http:\/\/facebook.com\/axe2theface","display_url":"facebook.com\/axe2theface","indices":[125,148]}]}},"protected":false,"followers_count":2445,"friends_count":2400,"listed_count":40,"created_at":"Fri Mar 15 06:41:56 +0000 2013","favourites_count":863,"utc_offset":-25200,"time_zone":"Mountain Time (US & Canada)","geo_enabled":false,"verified":false,"statuses_count":17617,"lang":"en","contributors_enabled":false,"is_translator":false,"is_translation_enabled":false,"profile_background_color":"131516","profile_background_image_url":"http:\/\/pbs.twimg.com\/profile_background_images\/378800000061302771\/c84345eba782f338e316dd475ef8f05b.jpeg","profile_background_image_url_https":"https:\/\/pbs.twimg.com\/profile_background_images\/378800000061302771\/c84345eba782f338e316dd475ef8f05b.jpeg","profile_background_tile":true,"profile_image_url":"http:\/\/pbs.twimg.com\/profile_images\/754935243186909184\/FCO-AeU9_normal.jpg","profile_image_url_https":"https:\/\/pbs.twimg.com\/profile_images\/754935243186909184\/FCO-AeU9_normal.jpg","profile_banner_url":"https:\/\/pbs.twimg.com\/profile_banners\/1268995298\/1481361969","profile_link_color":"1B95E0","profile_sidebar_border_color":"FFFFFF","profile_sidebar_fill_color":"DDEEF6","profile_text_color":"333333","profile_use_background_image":true,"has_extended_profile":false,"default_profile":false,"default_profile_image":false,"following":false,"follow_request_sent":false,"notifications":false,"translator_type":"none"},"geo":null,"coordinates":null,"place":null,"contributors":null,"is_quote_status":false,"retweet_count":0,"favorite_count":0,"favorited":false,"retweeted":false,"possibly_sensitive":false,"possibly_sensitive_appealable":false,"lang":"en"}
