{"created_at":"Thu Jan 12 08:13:04 +0000 2017","id":819457152318222336,"id_str":"819457152318222336","text":"God gave a meaning to my life when it was out of context. I can't fix everything because God already did it for me. #goodnoon","truncated":false,"entities":{"hashtags":[{"text":"goodnoon","indices":[116,125]}],"symbols":[],"user_mentions":[],"urls":[]},"source":"\u003ca href=\"http:\/\/www.facebook.com\/twitter\" rel=\"nofollow\"\u003eFacebook\u003c\/a\u003e","in_reply_to_status_id":null,"in_reply_to_status_id_str":null,"in_reply_to_user_id":null,"in_reply_to_user_id_str":null,"in_reply_to_screen_name":null,"user":{"id":4831272141,"id_str":"4831272141","name":"Edward Elliezar","screen_name":"EdwardVoltera","location":"Republic of the Philippines","description":"","url":null,"entities":{"description":{"urls":[]}},"protected":false,"followers_count":9,"friends_count":106,"listed_count":0,"created_at":"Thu Jan 21 01:11:10 +0000 2016","favourites_count":41,"utc_offset":-28800,"time_zone":"Pacific Time (US & Canada)","geo_enabled":false,"verified":false,"statuses_count":508,"lang":"en","contributors_enabled":false,"is_translator":false,"is_translation_enabled":false,"profile_background_color":"F5F8FA","profile_background_image_url":null,"profile_background_image_url_https":null,"profile_background_tile":false,"profile_image_url":"http:\/\/pbs.twimg.com\/profile_images\/767505918141403136\/mIYCuk58_normal.jpg","profile_image_url_https":"https:\/\/pbs.twimg.com\/profile_images\/767505918141403136\/mIYCuk58_normal.jpg","profile_banner_url":"https:\/\/pbs.twimg.com\/profile_banners\/4831272141\/1454326956","profile_link_color":"1DA1F2","profile_sidebar_border_color":"C0DEED","profile_sidebar_fill_color":"DDEEF6","profile_text_color":"333333","profile_use_background_image":true,"has_extended_profile":true,"default_profile":true,"default_profile_image":false,"following":false,"follow_request_sent":false,"notifications":false,"translator_type":"none"},"geo":null,"coordinates":null,"place":null,"contributors":null,"is_quote_status":false,"retweet_count":0,"favorite_count":0,"favorited":false,"retweeted":false,"lang":"en"}
