{"created_at":"Thu Jan 12 08:13:03 +0000 2017","id":819457148648230913,"id_str":"819457148648230913","text":"\u65e9\u304f\u660e\u65e5\u306b\u306a\u308c\u30fc\u3001\u30cd\u30a4\u30eb\u30fc\ud83d\udc85\u9aea\u67d3\u3081\u305f\u3044\uff08 \uff49 _ \uff49 \uff09\u305d\u3057\u3066\u3001\u305f\u304f\u3055\u3093\u5bdd\u308b\ud83d\ude2d\u2763\ufe0f","truncated":false,"entities":{"hashtags":[],"symbols":[],"user_mentions":[],"urls":[]},"source":"\u003ca href=\"http:\/\/twitter.com\/download\/iphone\" rel=\"nofollow\"\u003eTwitter for iPhone\u003c\/a\u003e","in_reply_to_status_id":null,"in_reply_to_status_id_str":null,"in_reply_to_user_id":null,"in_reply_to_user_id_str":null,"in_reply_to_screen_name":null,"user":{"id":4218108801,"id_str":"4218108801","name":"\u3042\u3044\u308a","screen_name":"airinu345","location":"\u718a\u672c","description":"\u898b\u3064\u3051\u3066\u304f\u308c\u3066\u3042\u308a\u304c\u3068\u3046\u2661\u3055\u304f\u3089\u2661\u6885\u5b50\u2661\u30e1\u30c3\u30b7\u2661\u306f\u3061\u26611995\u266110\u30ad\u30ed\u75e9\u305b\u307e\u3057\u305f\u30fc\uff01\u7b11","url":null,"entities":{"description":{"urls":[]}},"protected":false,"followers_count":349,"friends_count":288,"listed_count":4,"created_at":"Wed Nov 18 13:17:57 +0000 2015","favourites_count":1032,"utc_offset":null,"time_zone":null,"geo_enabled":true,"verified":false,"statuses_count":2948,"lang":"ja","contributors_enabled":false,"is_translator":false,"is_translation_enabled":false,"profile_background_color":"C0DEED","profile_background_image_url":"http:\/\/abs.twimg.com\/images\/themes\/theme1\/bg.png","profile_background_image_url_https":"https:\/\/abs.twimg.com\/images\/themes\/theme1\/bg.png","profile_background_tile":false,"profile_image_url":"http:\/\/pbs.twimg.com\/profile_images\/820456522585022465\/xTZWH1K7_normal.jpg","profile_image_url_https":"https:\/\/pbs.twimg.com\/profile_images\/820456522585022465\/xTZWH1K7_normal.jpg","profile_banner_url":"https:\/\/pbs.twimg.com\/profile_banners\/4218108801\/1472288674","profile_link_color":"1DA1F2","profile_sidebar_border_color":"C0DEED","profile_sidebar_fill_color":"DDEEF6","profile_text_color":"333333","profile_use_background_image":true,"has_extended_profile":true,"default_profile":true,"default_profile_image":false,"following":false,"follow_request_sent":false,"notifications":false,"translator_type":"none"},"geo":null,"coordinates":null,"place":null,"contributors":null,"is_quote_status":false,"retweet_count":0,"favorite_count":0,"favorited":false,"retweeted":false,"lang":"ja"}
