{"created_at":"Thu Jan 12 08:13:05 +0000 2017","id":819457155661176834,"id_str":"819457155661176834","text":"i love when people publicly post about me cause it makes me feel special and like they're proud to call me their friend","truncated":false,"entities":{"hashtags":[],"symbols":[],"user_mentions":[],"urls":[]},"source":"\u003ca href=\"http:\/\/twitter.com\" rel=\"nofollow\"\u003eTwitter Web Client\u003c\/a\u003e","in_reply_to_status_id":null,"in_reply_to_status_id_str":null,"in_reply_to_user_id":null,"in_reply_to_user_id_str":null,"in_reply_to_screen_name":null,"user":{"id":3880690577,"id_str":"3880690577","name":"Liv.","screen_name":"livharrington_","location":"The Dirty Albs","description":"The best living or dead hands down huh?","url":"https:\/\/t.co\/FOaiM0gi2E","entities":{"url":{"urls":[{"url":"https:\/\/t.co\/FOaiM0gi2E","expanded_url":"http:\/\/instagram.com\/olivia.harrington","display_url":"instagram.com\/olivia.harring\u2026","indices":[0,23]}]},"description":{"urls":[]}},"protected":false,"followers_count":204,"friends_count":163,"listed_count":1,"created_at":"Tue Oct 06 13:01:42 +0000 2015","favourites_count":12421,"utc_offset":-18000,"time_zone":"Eastern Time (US & Canada)","geo_enabled":true,"verified":false,"statuses_count":3917,"lang":"en","contributors_enabled":false,"is_translator":false,"is_translation_enabled":false,"profile_background_color":"9266CC","profile_background_image_url":"http:\/\/pbs.twimg.com\/profile_background_images\/667053441303388160\/7bMd_t9v.jpg","profile_background_image_url_https":"https:\/\/pbs.twimg.com\/profile_background_images\/667053441303388160\/7bMd_t9v.jpg","profile_background_tile":true,"profile_image_url":"http:\/\/pbs.twimg.com\/profile_images\/819411207450980352\/uVIBUc3v_normal.jpg","profile_image_url_https":"https:\/\/pbs.twimg.com\/profile_images\/819411207450980352\/uVIBUc3v_normal.jpg","profile_banner_url":"https:\/\/pbs.twimg.com\/profile_banners\/3880690577\/1484207960","profile_link_color":"FAB81E","profile_sidebar_border_color":"000000","profile_sidebar_fill_color":"000000","profile_text_color":"000000","profile_use_background_image":true,"has_extended_profile":true,"default_profile":false,"default_profile_image":false,"following":false,"follow_request_sent":false,"notifications":false,"translator_type":"none"},"geo":null,"coordinates":null,"place":null,"contributors":null,"is_quote_status":false,"retweet_count":0,"favorite_count":11,"favorited":false,"retweeted":false,"lang":"en"}
