{"created_at":"Thu Jan 12 08:13:04 +0000 2017","id":819457153295491072,"id_str":"819457153295491072","text":"A small part of me still thinks the @Chargers  are staying in SD, I hope I'm correct. Please. \ud83d\ude4f\ud83c\udffb","truncated":false,"entities":{"hashtags":[],"symbols":[],"user_mentions":[{"screen_name":"Chargers","name":"San Diego Chargers","id":713143,"id_str":"713143","indices":[36,45]}],"urls":[]},"source":"\u003ca href=\"http:\/\/www.echofon.com\/\" rel=\"nofollow\"\u003eEchofon\u003c\/a\u003e","in_reply_to_status_id":null,"in_reply_to_status_id_str":null,"in_reply_to_user_id":null,"in_reply_to_user_id_str":null,"in_reply_to_screen_name":null,"user":{"id":26270341,"id_str":"26270341","name":"Jared138","screen_name":"Jared138","location":"","description":"#DNP #SDSU #Goaztecs","url":null,"entities":{"description":{"urls":[]}},"protected":false,"followers_count":163,"friends_count":155,"listed_count":1,"created_at":"Tue Mar 24 16:39:10 +0000 2009","favourites_count":278,"utc_offset":-25200,"time_zone":"Arizona","geo_enabled":false,"verified":false,"statuses_count":3994,"lang":"en","contributors_enabled":false,"is_translator":false,"is_translation_enabled":false,"profile_background_color":"C0DEED","profile_background_image_url":"http:\/\/abs.twimg.com\/images\/themes\/theme1\/bg.png","profile_background_image_url_https":"https:\/\/abs.twimg.com\/images\/themes\/theme1\/bg.png","profile_background_tile":false,"profile_image_url":"http:\/\/pbs.twimg.com\/profile_images\/735647216111484928\/8A2nsPm6_normal.jpg","profile_image_url_https":"https:\/\/pbs.twimg.com\/profile_images\/735647216111484928\/8A2nsPm6_normal.jpg","profile_link_color":"1DA1F2","profile_sidebar_border_color":"C0DEED","profile_sidebar_fill_color":"DDEEF6","profile_text_color":"333333","profile_use_background_image":true,"has_extended_profile":false,"default_profile":true,"default_profile_image":false,"following":false,"follow_request_sent":false,"notifications":false,"translator_type":"none"},"geo":null,"coordinates":null,"place":null,"contributors":null,"is_quote_status":false,"retweet_count":0,"favorite_count":0,"favorited":false,"retweeted":false,"lang":"en"}
