{"created_at":"Thu Jan 12 08:13:01 +0000 2017","id":819457141421412353,"id_str":"819457141421412353","text":"@yb020617 @hanse_doong_i @sejunholic \uc0ac\uc8fc\ub294\uac70\uc9c0?_?","truncated":false,"entities":{"hashtags":[],"symbols":[],"user_mentions":[{"screen_name":"yb020617","name":"\ud83d\udc11\ubca0\uac1c\ube44\ub2c8(\ubcd1\ucc2c)\ud83d\udc11","id":805419453462630400,"id_str":"805419453462630400","indices":[0,9]},{"screen_name":"hanse_doong_i","name":"\ud55c\uc138\ub465\uc774","id":777845143336431617,"id_str":"777845143336431617","indices":[10,24]},{"screen_name":"sejunholic","name":"\uc138\uc900\ud640\ub9ad","id":781452359532634117,"id_str":"781452359532634117","indices":[25,36]}],"urls":[]},"source":"\u003ca href=\"http:\/\/twitter.com\/download\/android\" rel=\"nofollow\"\u003eTwitter for Android\u003c\/a\u003e","in_reply_to_status_id":819457009023995904,"in_reply_to_status_id_str":"819457009023995904","in_reply_to_user_id":805419453462630400,"in_reply_to_user_id_str":"805419453462630400","in_reply_to_screen_name":"yb020617","user":{"id":796123232608784384,"id_str":"796123232608784384","name":"\ud638\u3134\u3163( 030)\ud83c\udf97","screen_name":"Honiss_110928","location":"\ub108\ubb34 \ubcf4\uace0\uc2dc\ud37c\u3160\u3141\u3160 ! \uc55c \uadc0\uc5ec\uc6cc \u314b\u314b","description":"\ud6c4\ud68c\ud558\ub294\ub9cc\ub0a8\uc774 \uc544\ub2d8\uc5d0 \uac10\uc0ac\ud574\u2764","url":null,"entities":{"description":{"urls":[]}},"protected":false,"followers_count":122,"friends_count":155,"listed_count":1,"created_at":"Tue Nov 08 22:52:24 +0000 2016","favourites_count":445,"utc_offset":-28800,"time_zone":"Pacific Time (US & Canada)","geo_enabled":false,"verified":false,"statuses_count":4556,"lang":"ko","contributors_enabled":false,"is_translator":false,"is_translation_enabled":false,"profile_background_color":"F5F8FA","profile_background_image_url":null,"profile_background_image_url_https":null,"profile_background_tile":false,"profile_image_url":"http:\/\/pbs.twimg.com\/profile_images\/818767768556171266\/hPOq2lS4_normal.jpg","profile_image_url_https":"https:\/\/pbs.twimg.com\/profile_images\/818767768556171266\/hPOq2lS4_normal.jpg","profile_banner_url":"https:\/\/pbs.twimg.com\/profile_banners\/796123232608784384\/1483781715","profile_link_color":"1DA1F2","profile_sidebar_border_color":"C0DEED","profile_sidebar_fill_color":"DDEEF6","profile_text_color":"333333","profile_use_background_image":true,"has_extended_profile":false,"default_profile":true,"default_profile_image":false,"following":false,"follow_request_sent":false,"notifications":false,"translator_type":"none"},"geo":null,"coordinates":null,"place":null,"contributors":null,"is_quote_status":false,"retweet_count":0,"favorite_count":0,"favorited":false,"retweeted":false,"lang":"ko"}
