{"created_at":"Thu Jan 12 08:13:06 +0000 2017","id":819457158853066752,"id_str":"819457158853066752","text":"The team Sri Lanka bought is weak. I am expecting a white wash in all formats. https:\/\/t.co\/lBQaVLC63v","truncated":false,"entities":{"hashtags":[],"symbols":[],"user_mentions":[],"urls":[{"url":"https:\/\/t.co\/lBQaVLC63v","expanded_url":"https:\/\/twitter.com\/Ms_Moratioa\/status\/819452203878518784","display_url":"twitter.com\/Ms_Moratioa\/st\u2026","indices":[79,102]}]},"source":"\u003ca href=\"http:\/\/twitter.com\/download\/android\" rel=\"nofollow\"\u003eTwitter for Android\u003c\/a\u003e","in_reply_to_status_id":null,"in_reply_to_status_id_str":null,"in_reply_to_user_id":null,"in_reply_to_user_id_str":null,"in_reply_to_screen_name":null,"user":{"id":1029337302,"id_str":"1029337302","name":"Goodfella","screen_name":"brah_Skhokho","location":"","description":"VUKA. UGEZE. UBANGENE. ||first words out of my mouth were VIVA Orlando Pirates FC.","url":null,"entities":{"description":{"urls":[]}},"protected":false,"followers_count":239,"friends_count":266,"listed_count":8,"created_at":"Sat Dec 22 22:00:42 +0000 2012","favourites_count":107,"utc_offset":7200,"time_zone":"Pretoria","geo_enabled":false,"verified":false,"statuses_count":7175,"lang":"en","contributors_enabled":false,"is_translator":false,"is_translation_enabled":false,"profile_background_color":"000000","profile_background_image_url":"http:\/\/abs.twimg.com\/images\/themes\/theme9\/bg.gif","profile_background_image_url_https":"https:\/\/abs.twimg.com\/images\/themes\/theme9\/bg.gif","profile_background_tile":false,"profile_image_url":"http:\/\/pbs.twimg.com\/profile_images\/818377381199101952\/4oZGEt2c_normal.jpg","profile_image_url_https":"https:\/\/pbs.twimg.com\/profile_images\/818377381199101952\/4oZGEt2c_normal.jpg","profile_banner_url":"https:\/\/pbs.twimg.com\/profile_banners\/1029337302\/1475011177","profile_link_color":"ABB8C2","profile_sidebar_border_color":"000000","profile_sidebar_fill_color":"000000","profile_text_color":"000000","profile_use_background_image":false,"has_extended_profile":false,"default_profile":false,"default_profile_image":false,"following":false,"follow_request_sent":false,"notifications":false,"translator_type":"none"},"geo":null,"coordinates":null,"place":null,"contributors":null,"is_quote_status":true,"quoted_status_id":819452203878518784,"quoted_status_id_str":"819452203878518784","quoted_status":{"created_at":"Thu Jan 12 07:53:24 +0000 2017","id":819452203878518784,"id_str":"819452203878518784","text":"Can we expect a whitewash from the 3rd test, I really think we can \ud83d\ude06\ud83d\ude4c\ud83c\udffd\ud83d\udd25","truncated":false,"entities":{"hashtags":[],"symbols":[],"user_mentions":[],"urls":[]},"source":"\u003ca href=\"http:\/\/twitter.com\/download\/iphone\" rel=\"nofollow\"\u003eTwitter for iPhone\u003c\/a\u003e","in_reply_to_status_id":null,"in_reply_to_status_id_str":null,"in_reply_to_user_id":null,"in_reply_to_user_id_str":null,"in_reply_to_screen_name":null,"user":{"id":775307670,"id_str":"775307670","name":"pana.","screen_name":"Ms_Moratioa","location":"Pretoria","description":"Kamogelo | IG: ms_moratioa | Snapchat: ms_moratioa | I \ud83d\udc9a Cricket","url":null,"entities":{"description":{"urls":[]}},"protected":false,"followers_count":1160,"friends_count":319,"listed_count":8,"created_at":"Thu Aug 23 06:22:43 +0000 2012","favourites_count":331,"utc_offset":null,"time_zone":null,"geo_enabled":true,"verified":false,"statuses_count":32040,"lang":"en","contributors_enabled":false,"is_translator":false,"is_translation_enabled":false,"profile_background_color":"C0DEED","profile_background_image_url":"http:\/\/abs.twimg.com\/images\/themes\/theme1\/bg.png","profile_background_image_url_https":"https:\/\/abs.twimg.com\/images\/themes\/theme1\/bg.png","profile_background_tile":false,"profile_image_url":"http:\/\/pbs.twimg.com\/profile_images\/819434602213363712\/EXxPENh3_normal.jpg","profile_image_url_https":"https:\/\/pbs.twimg.com\/profile_images\/819434602213363712\/EXxPENh3_normal.jpg","profile_banner_url":"https:\/\/pbs.twimg.com\/profile_banners\/775307670\/1484142332","profile_link_color":"1DA1F2","profile_sidebar_border_color":"C0DEED","profile_sidebar_fill_color":"DDEEF6","profile_text_color":"333333","profile_use_background_image":true,"has_extended_profile":true,"default_profile":true,"default_profile_image":false,"following":false,"follow_request_sent":false,"notifications":false,"translator_type":"none"},"geo":null,"coordinates":null,"place":null,"contributors":null,"is_quote_status":false,"retweet_count":0,"favorite_count":1,"favorited":false,"retweeted":false,"lang":"en"},"retweet_count":0,"favorite_count":0,"favorited":false,"retweeted":false,"possibly_sensitive":false,"possibly_sensitive_appealable":false,"lang":"en"}
