{"created_at":"Thu Jan 12 08:13:01 +0000 2017","id":819457139341164544,"id_str":"819457139341164544","text":"I'll die behind my pride","truncated":false,"entities":{"hashtags":[],"symbols":[],"user_mentions":[],"urls":[]},"source":"\u003ca href=\"http:\/\/twitter.com\/download\/iphone\" rel=\"nofollow\"\u003eTwitter for iPhone\u003c\/a\u003e","in_reply_to_status_id":null,"in_reply_to_status_id_str":null,"in_reply_to_user_id":null,"in_reply_to_user_id_str":null,"in_reply_to_screen_name":null,"user":{"id":178896182,"id_str":"178896182","name":"CGB Walker Leelynn","screen_name":"LeelynnMilo_22","location":"Duggan, Tx","description":"19. Rest Easy Papa. [C.G.B]","url":"https:\/\/t.co\/6BDcfwXTuY","entities":{"url":{"urls":[{"url":"https:\/\/t.co\/6BDcfwXTuY","expanded_url":"https:\/\/soundcloud.com\/user-329415008\/thought-you-knew","display_url":"soundcloud.com\/user-329415008\u2026","indices":[0,23]}]},"description":{"urls":[]}},"protected":false,"followers_count":1773,"friends_count":918,"listed_count":2,"created_at":"Mon Aug 16 00:06:41 +0000 2010","favourites_count":21721,"utc_offset":-25200,"time_zone":"Mountain Time (US & Canada)","geo_enabled":false,"verified":false,"statuses_count":52466,"lang":"en","contributors_enabled":false,"is_translator":false,"is_translation_enabled":false,"profile_background_color":"C0DEED","profile_background_image_url":"http:\/\/pbs.twimg.com\/profile_background_images\/536706033\/LeBron-219-306x207.jpg","profile_background_image_url_https":"https:\/\/pbs.twimg.com\/profile_background_images\/536706033\/LeBron-219-306x207.jpg","profile_background_tile":true,"profile_image_url":"http:\/\/pbs.twimg.com\/profile_images\/819276203974660096\/Z_g0tw-R_normal.jpg","profile_image_url_https":"https:\/\/pbs.twimg.com\/profile_images\/819276203974660096\/Z_g0tw-R_normal.jpg","profile_banner_url":"https:\/\/pbs.twimg.com\/profile_banners\/178896182\/1482302856","profile_link_color":"0084B4","profile_sidebar_border_color":"C0DEED","profile_sidebar_fill_color":"DDEEF6","profile_text_color":"333333","profile_use_background_image":true,"has_extended_profile":false,"default_profile":false,"default_profile_image":false,"following":false,"follow_request_sent":false,"notifications":false,"translator_type":"none"},"geo":null,"coordinates":null,"place":null,"contributors":null,"is_quote_status":false,"retweet_count":0,"favorite_count":0,"favorited":false,"retweeted":false,"lang":"en"}
