{"created_at":"Thu Jan 12 08:13:03 +0000 2017","id":819457148967129088,"id_str":"819457148967129088","text":"Don't they... I'm the type to give em just what they askin for! https:\/\/t.co\/vBYEIqQIYu","truncated":false,"entities":{"hashtags":[],"symbols":[],"user_mentions":[],"urls":[{"url":"https:\/\/t.co\/vBYEIqQIYu","expanded_url":"https:\/\/twitter.com\/analysse_g\/status\/819456979915735040","display_url":"twitter.com\/analysse_g\/sta\u2026","indices":[64,87]}]},"source":"\u003ca href=\"http:\/\/twitter.com\/download\/iphone\" rel=\"nofollow\"\u003eTwitter for iPhone\u003c\/a\u003e","in_reply_to_status_id":null,"in_reply_to_status_id_str":null,"in_reply_to_user_id":null,"in_reply_to_user_id_str":null,"in_reply_to_screen_name":null,"user":{"id":589596044,"id_str":"589596044","name":"0217\ud83d\udc8b","screen_name":"desmoe_","location":"Trynna B Gr8","description":"fmosc ; https:\/\/t.co\/Yon1ZpTEU3 \ud83d\udc63","url":null,"entities":{"description":{"urls":[{"url":"https:\/\/t.co\/Yon1ZpTEU3","expanded_url":"http:\/\/des.moe","display_url":"des.moe","indices":[8,31]}]}},"protected":false,"followers_count":1294,"friends_count":361,"listed_count":7,"created_at":"Fri May 25 01:59:09 +0000 2012","favourites_count":15756,"utc_offset":-18000,"time_zone":"Eastern Time (US & Canada)","geo_enabled":true,"verified":false,"statuses_count":106572,"lang":"en","contributors_enabled":false,"is_translator":false,"is_translation_enabled":false,"profile_background_color":"C0DEED","profile_background_image_url":"http:\/\/pbs.twimg.com\/profile_background_images\/378800000004979590\/f2ff065cc3d79208c3598be84c8bae2c.jpeg","profile_background_image_url_https":"https:\/\/pbs.twimg.com\/profile_background_images\/378800000004979590\/f2ff065cc3d79208c3598be84c8bae2c.jpeg","profile_background_tile":true,"profile_image_url":"http:\/\/pbs.twimg.com\/profile_images\/818475152702902273\/bKh6afpe_normal.jpg","profile_image_url_https":"https:\/\/pbs.twimg.com\/profile_images\/818475152702902273\/bKh6afpe_normal.jpg","profile_banner_url":"https:\/\/pbs.twimg.com\/profile_banners\/589596044\/1480601253","profile_link_color":"FA0567","profile_sidebar_border_color":"FFFFFF","profile_sidebar_fill_color":"DDEEF6","profile_text_color":"333333","profile_use_background_image":true,"has_extended_profile":true,"default_profile":false,"default_profile_image":false,"following":false,"follow_request_sent":false,"notifications":false,"translator_type":"none"},"geo":null,"coordinates":null,"place":null,"contributors":null,"is_quote_status":true,"quoted_status_id":819456979915735040,"quoted_status_id_str":"819456979915735040","quoted_status":{"created_at":"Thu Jan 12 08:12:23 +0000 2017","id":819456979915735040,"id_str":"819456979915735040","text":"Y'all really do the absolute most just for attention.","truncated":false,"entities":{"hashtags":[],"symbols":[],"user_mentions":[],"urls":[]},"source":"\u003ca href=\"http:\/\/twitter.com\/download\/iphone\" rel=\"nofollow\"\u003eTwitter for iPhone\u003c\/a\u003e","in_reply_to_status_id":null,"in_reply_to_status_id_str":null,"in_reply_to_user_id":null,"in_reply_to_user_id_str":null,"in_reply_to_screen_name":null,"user":{"id":330737848,"id_str":"330737848","name":"Ana'LysseGabrielle\u2654","screen_name":"analysse_g","location":"Wharton, TX","description":"God's plans will always be greater and more beautiful than all of your disappointments.                                 sc: miss_gabby","url":"https:\/\/t.co\/SXHW5aqx0Q","entities":{"url":{"urls":[{"url":"https:\/\/t.co\/SXHW5aqx0Q","expanded_url":"http:\/\/Instagram.com\/analysse_gabrielle","display_url":"Instagram.com\/analysse_gabri\u2026","indices":[0,23]}]},"description":{"urls":[]}},"protected":false,"followers_count":3231,"friends_count":2484,"listed_count":6,"created_at":"Thu Jul 07 02:32:04 +0000 2011","favourites_count":14724,"utc_offset":null,"time_zone":null,"geo_enabled":true,"verified":false,"statuses_count":55256,"lang":"en","contributors_enabled":false,"is_translator":false,"is_translation_enabled":false,"profile_background_color":"C0DEED","profile_background_image_url":"http:\/\/abs.twimg.com\/images\/themes\/theme1\/bg.png","profile_background_image_url_https":"https:\/\/abs.twimg.com\/images\/themes\/theme1\/bg.png","profile_background_tile":false,"profile_image_url":"http:\/\/pbs.twimg.com\/profile_images\/800795396939333633\/5O1qM29j_normal.jpg","profile_image_url_https":"https:\/\/pbs.twimg.com\/profile_images\/800795396939333633\/5O1qM29j_normal.jpg","profile_banner_url":"https:\/\/pbs.twimg.com\/profile_banners\/330737848\/1479749762","profile_link_color":"1DA1F2","profile_sidebar_border_color":"C0DEED","profile_sidebar_fill_color":"DDEEF6","profile_text_color":"333333","profile_use_background_image":true,"has_extended_profile":true,"default_profile":true,"default_profile_image":false,"following":false,"follow_request_sent":false,"notifications":false,"translator_type":"none"},"geo":null,"coordinates":null,"place":null,"contributors":null,"is_quote_status":false,"retweet_count":8,"favorite_count":3,"favorited":false,"retweeted":false,"lang":"en"},"retweet_count":2,"favorite_count":1,"favorited":false,"retweeted":false,"possibly_sensitive":false,"possibly_sensitive_appealable":false,"lang":"en"}
