{"created_at":"Thu Jan 12 08:13:01 +0000 2017","id":819457141337636864,"id_str":"819457141337636864","text":"i need hot chocolate to soothe this slander","truncated":false,"entities":{"hashtags":[],"symbols":[],"user_mentions":[],"urls":[]},"source":"\u003ca href=\"https:\/\/about.twitter.com\/products\/tweetdeck\" rel=\"nofollow\"\u003eTweetDeck\u003c\/a\u003e","in_reply_to_status_id":null,"in_reply_to_status_id_str":null,"in_reply_to_user_id":null,"in_reply_to_user_id_str":null,"in_reply_to_screen_name":null,"user":{"id":246347088,"id_str":"246347088","name":"coke\u2744cherry\u2744drinker","screen_name":"Qelaion","location":"Hamilton, Ontario","description":"KUH-LAY-ON | Music Producer\ufe0f | Hamilton FGC | Haruka \u2764\ufe0f | GGXRD Bedman | BBCF Rachel | Discord:Qelaion#9238","url":"https:\/\/t.co\/XfoiX0OHWr","entities":{"url":{"urls":[{"url":"https:\/\/t.co\/XfoiX0OHWr","expanded_url":"http:\/\/www.soundcloud.com\/qelaion","display_url":"soundcloud.com\/qelaion","indices":[0,23]}]},"description":{"urls":[]}},"protected":false,"followers_count":602,"friends_count":680,"listed_count":27,"created_at":"Wed Feb 02 16:38:51 +0000 2011","favourites_count":77136,"utc_offset":-18000,"time_zone":"Eastern Time (US & Canada)","geo_enabled":false,"verified":false,"statuses_count":63806,"lang":"en","contributors_enabled":false,"is_translator":false,"is_translation_enabled":false,"profile_background_color":"000000","profile_background_image_url":"http:\/\/pbs.twimg.com\/profile_background_images\/662362683589562368\/WbGQX9OD.jpg","profile_background_image_url_https":"https:\/\/pbs.twimg.com\/profile_background_images\/662362683589562368\/WbGQX9OD.jpg","profile_background_tile":true,"profile_image_url":"http:\/\/pbs.twimg.com\/profile_images\/813535005162905600\/cEutf_gJ_normal.jpg","profile_image_url_https":"https:\/\/pbs.twimg.com\/profile_images\/813535005162905600\/cEutf_gJ_normal.jpg","profile_banner_url":"https:\/\/pbs.twimg.com\/profile_banners\/246347088\/1473138877","profile_link_color":"DC1134","profile_sidebar_border_color":"000000","profile_sidebar_fill_color":"DDEEF6","profile_text_color":"333333","profile_use_background_image":true,"has_extended_profile":false,"default_profile":false,"default_profile_image":false,"following":false,"follow_request_sent":false,"notifications":false,"translator_type":"none"},"geo":null,"coordinates":null,"place":null,"contributors":null,"is_quote_status":false,"retweet_count":0,"favorite_count":1,"favorited":false,"retweeted":false,"lang":"en"}
