{"created_at":"Thu Jan 12 08:13:02 +0000 2017","id":819457145489887232,"id_str":"819457145489887232","text":"I NEARLY CRIED IN THE LIBRARY IM SO SAD THIS ENDED https:\/\/t.co\/76GfP9olGm","truncated":false,"entities":{"hashtags":[],"symbols":[],"user_mentions":[],"urls":[],"media":[{"id":819457109905420288,"id_str":"819457109905420288","indices":[51,74],"media_url":"http:\/\/pbs.twimg.com\/media\/C19L5liUsAAIHUD.jpg","media_url_https":"https:\/\/pbs.twimg.com\/media\/C19L5liUsAAIHUD.jpg","url":"https:\/\/t.co\/76GfP9olGm","display_url":"pic.twitter.com\/76GfP9olGm","expanded_url":"https:\/\/twitter.com\/jeonsbbh\/status\/819457145489887232\/photo\/1","type":"photo","sizes":{"medium":{"w":1200,"h":667,"resize":"fit"},"small":{"w":680,"h":378,"resize":"fit"},"thumb":{"w":150,"h":150,"resize":"crop"},"large":{"w":2048,"h":1138,"resize":"fit"}}}]},"extended_entities":{"media":[{"id":819457109905420288,"id_str":"819457109905420288","indices":[51,74],"media_url":"http:\/\/pbs.twimg.com\/media\/C19L5liUsAAIHUD.jpg","media_url_https":"https:\/\/pbs.twimg.com\/media\/C19L5liUsAAIHUD.jpg","url":"https:\/\/t.co\/76GfP9olGm","display_url":"pic.twitter.com\/76GfP9olGm","expanded_url":"https:\/\/twitter.com\/jeonsbbh\/status\/819457145489887232\/photo\/1","type":"photo","sizes":{"medium":{"w":1200,"h":667,"resize":"fit"},"small":{"w":680,"h":378,"resize":"fit"},"thumb":{"w":150,"h":150,"resize":"crop"},"large":{"w":2048,"h":1138,"resize":"fit"}}},{"id":819457109783781377,"id_str":"819457109783781377","indices":[51,74],"media_url":"http:\/\/pbs.twimg.com\/media\/C19L5lFUoAE2yzP.jpg","media_url_https":"https:\/\/pbs.twimg.com\/media\/C19L5lFUoAE2yzP.jpg","url":"https:\/\/t.co\/76GfP9olGm","display_url":"pic.twitter.com\/76GfP9olGm","expanded_url":"https:\/\/twitter.com\/jeonsbbh\/status\/819457145489887232\/photo\/1","type":"photo","sizes":{"medium":{"w":1200,"h":667,"resize":"fit"},"small":{"w":680,"h":378,"resize":"fit"},"thumb":{"w":150,"h":150,"resize":"crop"},"large":{"w":2048,"h":1138,"resize":"fit"}}},{"id":819457109863452672,"id_str":"819457109863452672","indices":[51,74],"media_url":"http:\/\/pbs.twimg.com\/media\/C19L5lYUUAAISvh.jpg","media_url_https":"https:\/\/pbs.twimg.com\/media\/C19L5lYUUAAISvh.jpg","url":"https:\/\/t.co\/76GfP9olGm","display_url":"pic.twitter.com\/76GfP9olGm","expanded_url":"https:\/\/twitter.com\/jeonsbbh\/status\/819457145489887232\/photo\/1","type":"photo","sizes":{"large":{"w":2048,"h":1132,"resize":"fit"},"medium":{"w":1200,"h":663,"resize":"fit"},"thumb":{"w":150,"h":150,"resize":"crop"},"small":{"w":680,"h":376,"resize":"fit"}}},{"id":819457109792169984,"id_str":"819457109792169984","indices":[51,74],"media_url":"http:\/\/pbs.twimg.com\/media\/C19L5lHUoAA9zFv.jpg","media_url_https":"https:\/\/pbs.twimg.com\/media\/C19L5lHUoAA9zFv.jpg","url":"https:\/\/t.co\/76GfP9olGm","display_url":"pic.twitter.com\/76GfP9olGm","expanded_url":"https:\/\/twitter.com\/jeonsbbh\/status\/819457145489887232\/photo\/1","type":"photo","sizes":{"large":{"w":600,"h":586,"resize":"fit"},"thumb":{"w":150,"h":150,"resize":"crop"},"small":{"w":600,"h":586,"resize":"fit"},"medium":{"w":600,"h":586,"resize":"fit"}}}]},"source":"\u003ca href=\"http:\/\/twitter.com\/#!\/download\/ipad\" rel=\"nofollow\"\u003eTwitter for iPad\u003c\/a\u003e","in_reply_to_status_id":null,"in_reply_to_status_id_str":null,"in_reply_to_user_id":null,"in_reply_to_user_id_str":null,"in_reply_to_screen_name":null,"user":{"id":2193976020,"id_str":"2193976020","name":"| hwarang support |","screen_name":"jeonsbbh","location":"\ubc29\ud0c4\uc18c\ub144\ub2e8","description":"Jungkook: \uc544\uc624 \uc9c0\ubbfc \uc139\uc2dc\ud558\ub2e4","url":null,"entities":{"description":{"urls":[]}},"protected":false,"followers_count":452,"friends_count":326,"listed_count":3,"created_at":"Thu Nov 14 11:03:54 +0000 2013","favourites_count":24865,"utc_offset":-28800,"time_zone":"Pacific Time (US & Canada)","geo_enabled":false,"verified":false,"statuses_count":29217,"lang":"en","contributors_enabled":false,"is_translator":false,"is_translation_enabled":false,"profile_background_color":"131516","profile_background_image_url":"http:\/\/pbs.twimg.com\/profile_background_images\/440006257961758721\/wsxaqbvp.jpeg","profile_background_image_url_https":"https:\/\/pbs.twimg.com\/profile_background_images\/440006257961758721\/wsxaqbvp.jpeg","profile_background_tile":false,"profile_image_url":"http:\/\/pbs.twimg.com\/profile_images\/811527409459601408\/rhVLtH4Z_normal.jpg","profile_image_url_https":"https:\/\/pbs.twimg.com\/profile_images\/811527409459601408\/rhVLtH4Z_normal.jpg","profile_banner_url":"https:\/\/pbs.twimg.com\/profile_banners\/2193976020\/1481557110","profile_link_color":"7FDBB6","profile_sidebar_border_color":"FFFFFF","profile_sidebar_fill_color":"DDEEF6","profile_text_color":"333333","profile_use_background_image":false,"has_extended_profile":true,"default_profile":false,"default_profile_image":false,"following":false,"follow_request_sent":false,"notifications":false,"translator_type":"none"},"geo":null,"coordinates":null,"place":null,"contributors":null,"is_quote_status":false,"retweet_count":0,"favorite_count":0,"favorited":false,"retweeted":false,"possibly_sensitive":false,"possibly_sensitive_appealable":false,"lang":"en"}
