{"created_at":"Thu Jan 12 08:13:06 +0000 2017","id":819457160241287168,"id_str":"819457160241287168","text":"@realDonaldTrump Saw your news conference. Dude you're seriously losing it...but I get it bro, you're totally going for an insanity defense","truncated":false,"entities":{"hashtags":[],"symbols":[],"user_mentions":[{"screen_name":"realDonaldTrump","name":"Donald J. Trump","id":25073877,"id_str":"25073877","indices":[0,16]}],"urls":[]},"source":"\u003ca href=\"http:\/\/twitter.com\/download\/android\" rel=\"nofollow\"\u003eTwitter for Android\u003c\/a\u003e","in_reply_to_status_id":819164172781060096,"in_reply_to_status_id_str":"819164172781060096","in_reply_to_user_id":25073877,"in_reply_to_user_id_str":"25073877","in_reply_to_screen_name":"realDonaldTrump","user":{"id":798360561264115712,"id_str":"798360561264115712","name":"John GARRUTO","screen_name":"nevrmyprez","location":"San Diego, CA","description":"Research Chemist - Pharmaceutical and Personal Care Industry","url":null,"entities":{"description":{"urls":[]}},"protected":false,"followers_count":15,"friends_count":30,"listed_count":0,"created_at":"Tue Nov 15 03:02:45 +0000 2016","favourites_count":14,"utc_offset":null,"time_zone":null,"geo_enabled":true,"verified":false,"statuses_count":39,"lang":"en","contributors_enabled":false,"is_translator":false,"is_translation_enabled":false,"profile_background_color":"F5F8FA","profile_background_image_url":null,"profile_background_image_url_https":null,"profile_background_tile":false,"profile_image_url":"http:\/\/pbs.twimg.com\/profile_images\/802582167746318336\/DBhAyTPZ_normal.jpg","profile_image_url_https":"https:\/\/pbs.twimg.com\/profile_images\/802582167746318336\/DBhAyTPZ_normal.jpg","profile_link_color":"1DA1F2","profile_sidebar_border_color":"C0DEED","profile_sidebar_fill_color":"DDEEF6","profile_text_color":"333333","profile_use_background_image":true,"has_extended_profile":false,"default_profile":true,"default_profile_image":false,"following":false,"follow_request_sent":false,"notifications":false,"translator_type":"none"},"geo":null,"coordinates":null,"place":null,"contributors":null,"is_quote_status":false,"retweet_count":0,"favorite_count":0,"favorited":false,"retweeted":false,"lang":"en"}
