{"created_at":"Thu Jan 12 08:13:05 +0000 2017","id":819457154348290048,"id_str":"819457154348290048","text":"@____aaaaas \n\n\u5bc2\u3057\u3044\u3001\u304a\u59c9\u3061\u3083\u3093\u3001\u3001\n\u3053\u3046\u3086\u3046\u6642\u3060\u3051\u5f1f\u3063\u3066\u3044\u3044\u306a\u3063\u3066\u611f\u3058\u307e\u3059\u3002\uff08\u7b11\uff09","truncated":false,"entities":{"hashtags":[],"symbols":[],"user_mentions":[{"screen_name":"____aaaaas","name":"\u30df \u30e4 \ufe0e\ufe0e\u263a\ufe0e","id":791641434306650112,"id_str":"791641434306650112","indices":[0,11]}],"urls":[]},"source":"\u003ca href=\"http:\/\/twitter.com\/download\/iphone\" rel=\"nofollow\"\u003eTwitter for iPhone\u003c\/a\u003e","in_reply_to_status_id":819100549001809920,"in_reply_to_status_id_str":"819100549001809920","in_reply_to_user_id":791641434306650112,"in_reply_to_user_id_str":"791641434306650112","in_reply_to_screen_name":"____aaaaas","user":{"id":795273731287322625,"id_str":"795273731287322625","name":"\u30de\u30ea\u30f3","screen_name":"__hyt6I3","location":"","description":"\" \u3069\u3046\u3060\uff01 \u30ad\u30e5\u30f3\u4ed5\u8349\uff14\u9023\u767a\uff01\"","url":null,"entities":{"description":{"urls":[]}},"protected":false,"followers_count":89,"friends_count":93,"listed_count":1,"created_at":"Sun Nov 06 14:36:47 +0000 2016","favourites_count":610,"utc_offset":null,"time_zone":null,"geo_enabled":false,"verified":false,"statuses_count":2064,"lang":"ja","contributors_enabled":false,"is_translator":false,"is_translation_enabled":false,"profile_background_color":"F5F8FA","profile_background_image_url":null,"profile_background_image_url_https":null,"profile_background_tile":false,"profile_image_url":"http:\/\/pbs.twimg.com\/profile_images\/816524978753392640\/uQmnQ0MF_normal.jpg","profile_image_url_https":"https:\/\/pbs.twimg.com\/profile_images\/816524978753392640\/uQmnQ0MF_normal.jpg","profile_banner_url":"https:\/\/pbs.twimg.com\/profile_banners\/795273731287322625\/1484394715","profile_link_color":"1DA1F2","profile_sidebar_border_color":"C0DEED","profile_sidebar_fill_color":"DDEEF6","profile_text_color":"333333","profile_use_background_image":true,"has_extended_profile":false,"default_profile":true,"default_profile_image":false,"following":false,"follow_request_sent":false,"notifications":false,"translator_type":"none"},"geo":null,"coordinates":null,"place":null,"contributors":null,"is_quote_status":false,"retweet_count":0,"favorite_count":0,"favorited":false,"retweeted":false,"lang":"ja"}
