{"created_at":"Thu Jan 12 08:13:03 +0000 2017","id":819457147763232768,"id_str":"819457147763232768","text":"\ud83c\udf39\u26a1\ufe0f https:\/\/t.co\/1xBcYCURtO","truncated":false,"entities":{"hashtags":[],"symbols":[],"user_mentions":[],"urls":[{"url":"https:\/\/t.co\/1xBcYCURtO","expanded_url":"https:\/\/twitter.com\/popcrave\/status\/819444687782060032","display_url":"twitter.com\/popcrave\/statu\u2026","indices":[4,27]}]},"source":"\u003ca href=\"http:\/\/twitter.com\/download\/iphone\" rel=\"nofollow\"\u003eTwitter for iPhone\u003c\/a\u003e","in_reply_to_status_id":null,"in_reply_to_status_id_str":null,"in_reply_to_user_id":null,"in_reply_to_user_id_str":null,"in_reply_to_screen_name":null,"user":{"id":3080544138,"id_str":"3080544138","name":"GoLisa Mitchell","screen_name":"i_nevergiveup","location":"Dir&Zquad from \u304a\u304a\u3055\u304b","description":"@onedirection \/ @zaynmalik \ud83d\udc9e EAT\ud83c\udf55 SLEEP \ud83d\udca4LEARN\u270d\ufe0f\ufe0f?! REPEAT\ud83d\udd03\ud83c\udfa4AJ\/JAKE\/ALISSA\/DOBRE TWINS\/NEELS\/ALEX\/STAN\/#Team10 \u597d\u304d\u306a\u4eba\u8a9e\u308d\ud83d\udd1f@team10official LJK \ud83d\udc78\ud83c\udffb\ud83d\udc49 #\u30c1\u30fc\u30e010 \ud83d\udc48","url":"https:\/\/t.co\/zIX63piwfI","entities":{"url":{"urls":[{"url":"https:\/\/t.co\/zIX63piwfI","expanded_url":"https:\/\/www.instagram.com\/team10_japan\/?hl=en","display_url":"instagram.com\/team10_japan\/?\u2026","indices":[0,23]}]},"description":{"urls":[]}},"protected":false,"followers_count":440,"friends_count":655,"listed_count":2,"created_at":"Sat Mar 14 11:38:22 +0000 2015","favourites_count":2485,"utc_offset":null,"time_zone":null,"geo_enabled":false,"verified":false,"statuses_count":3859,"lang":"ja","contributors_enabled":false,"is_translator":false,"is_translation_enabled":false,"profile_background_color":"C0DEED","profile_background_image_url":"http:\/\/abs.twimg.com\/images\/themes\/theme1\/bg.png","profile_background_image_url_https":"https:\/\/abs.twimg.com\/images\/themes\/theme1\/bg.png","profile_background_tile":false,"profile_image_url":"http:\/\/pbs.twimg.com\/profile_images\/812991386672730112\/EwrY4PSj_normal.jpg","profile_image_url_https":"https:\/\/pbs.twimg.com\/profile_images\/812991386672730112\/EwrY4PSj_normal.jpg","profile_banner_url":"https:\/\/pbs.twimg.com\/profile_banners\/3080544138\/1481370407","profile_link_color":"1DA1F2","profile_sidebar_border_color":"C0DEED","profile_sidebar_fill_color":"DDEEF6","profile_text_color":"333333","profile_use_background_image":true,"has_extended_profile":false,"default_profile":true,"default_profile_image":false,"following":false,"follow_request_sent":false,"notifications":false,"translator_type":"none"},"geo":null,"coordinates":null,"place":null,"contributors":null,"is_quote_status":true,"quoted_status_id":819444687782060032,"quoted_status_id_str":"819444687782060032","quoted_status":{"created_at":"Thu Jan 12 07:23:32 +0000 2017","id":819444687782060032,"id_str":"819444687782060032","text":"Selena Gomez behind-the-scenes of a new photoshoot! She looks amazing! \ud83d\udd25 https:\/\/t.co\/sB1GqZ2bsk","truncated":false,"entities":{"hashtags":[],"symbols":[],"user_mentions":[],"urls":[],"media":[{"id":819444680731410432,"id_str":"819444680731410432","indices":[73,96],"media_url":"http:\/\/pbs.twimg.com\/media\/C19AmHQUQAAb9tQ.jpg","media_url_https":"https:\/\/pbs.twimg.com\/media\/C19AmHQUQAAb9tQ.jpg","url":"https:\/\/t.co\/sB1GqZ2bsk","display_url":"pic.twitter.com\/sB1GqZ2bsk","expanded_url":"https:\/\/twitter.com\/PopCrave\/status\/819444687782060032\/photo\/1","type":"photo","sizes":{"large":{"w":749,"h":920,"resize":"fit"},"thumb":{"w":150,"h":150,"resize":"crop"},"medium":{"w":749,"h":920,"resize":"fit"},"small":{"w":554,"h":680,"resize":"fit"}}}]},"extended_entities":{"media":[{"id":819444680731410432,"id_str":"819444680731410432","indices":[73,96],"media_url":"http:\/\/pbs.twimg.com\/media\/C19AmHQUQAAb9tQ.jpg","media_url_https":"https:\/\/pbs.twimg.com\/media\/C19AmHQUQAAb9tQ.jpg","url":"https:\/\/t.co\/sB1GqZ2bsk","display_url":"pic.twitter.com\/sB1GqZ2bsk","expanded_url":"https:\/\/twitter.com\/PopCrave\/status\/819444687782060032\/photo\/1","type":"photo","sizes":{"large":{"w":749,"h":920,"resize":"fit"},"thumb":{"w":150,"h":150,"resize":"crop"},"medium":{"w":749,"h":920,"resize":"fit"},"small":{"w":554,"h":680,"resize":"fit"}}}]},"source":"\u003ca href=\"http:\/\/twitter.com\/download\/iphone\" rel=\"nofollow\"\u003eTwitter for iPhone\u003c\/a\u003e","in_reply_to_status_id":null,"in_reply_to_status_id_str":null,"in_reply_to_user_id":null,"in_reply_to_user_id_str":null,"in_reply_to_screen_name":null,"user":{"id":4429003533,"id_str":"4429003533","name":"Pop Crave","screen_name":"PopCrave","location":"","description":"\u2022News \u2022Music \u2022Charts \u2022TV Series \u2022Award Shows (Turn On Notifications To Never Miss An Update) Contact: officialpopcrave@gmail.com","url":null,"entities":{"description":{"urls":[]}},"protected":false,"followers_count":88333,"friends_count":242,"listed_count":591,"created_at":"Wed Dec 09 18:00:33 +0000 2015","favourites_count":43,"utc_offset":-28800,"time_zone":"Pacific Time (US & Canada)","geo_enabled":true,"verified":false,"statuses_count":9211,"lang":"en","contributors_enabled":false,"is_translator":false,"is_translation_enabled":false,"profile_background_color":"C0DEED","profile_background_image_url":"http:\/\/abs.twimg.com\/images\/themes\/theme1\/bg.png","profile_background_image_url_https":"https:\/\/abs.twimg.com\/images\/themes\/theme1\/bg.png","profile_background_tile":false,"profile_image_url":"http:\/\/pbs.twimg.com\/profile_images\/743854310224650240\/IV0lRGs4_normal.jpg","profile_image_url_https":"https:\/\/pbs.twimg.com\/profile_images\/743854310224650240\/IV0lRGs4_normal.jpg","profile_banner_url":"https:\/\/pbs.twimg.com\/profile_banners\/4429003533\/1481493962","profile_link_color":"1DA1F2","profile_sidebar_border_color":"C0DEED","profile_sidebar_fill_color":"DDEEF6","profile_text_color":"333333","profile_use_background_image":true,"has_extended_profile":false,"default_profile":true,"default_profile_image":false,"following":false,"follow_request_sent":false,"notifications":false,"translator_type":"none"},"geo":null,"coordinates":null,"place":null,"contributors":null,"is_quote_status":false,"retweet_count":1556,"favorite_count":3182,"favorited":false,"retweeted":false,"possibly_sensitive":false,"possibly_sensitive_appealable":false,"lang":"en"},"retweet_count":0,"favorite_count":0,"favorited":false,"retweeted":false,"possibly_sensitive":false,"possibly_sensitive_appealable":false,"lang":"und"}
