{"created_at":"Thu Jan 12 08:13:04 +0000 2017","id":819457152901410816,"id_str":"819457152901410816","text":"Typical for it to snow when I'm working outside all day, BELTA","truncated":false,"entities":{"hashtags":[],"symbols":[],"user_mentions":[],"urls":[]},"source":"\u003ca href=\"http:\/\/twitter.com\/download\/iphone\" rel=\"nofollow\"\u003eTwitter for iPhone\u003c\/a\u003e","in_reply_to_status_id":null,"in_reply_to_status_id_str":null,"in_reply_to_user_id":null,"in_reply_to_user_id_str":null,"in_reply_to_screen_name":null,"user":{"id":4755632357,"id_str":"4755632357","name":"Jonny Kirtley","screen_name":"jonny_kirtley","location":"Newcastle Upon Tyne, England","description":"","url":null,"entities":{"description":{"urls":[]}},"protected":false,"followers_count":132,"friends_count":169,"listed_count":0,"created_at":"Sat Jan 09 15:42:27 +0000 2016","favourites_count":662,"utc_offset":null,"time_zone":null,"geo_enabled":false,"verified":false,"statuses_count":188,"lang":"en-GB","contributors_enabled":false,"is_translator":false,"is_translation_enabled":false,"profile_background_color":"F5F8FA","profile_background_image_url":null,"profile_background_image_url_https":null,"profile_background_tile":false,"profile_image_url":"http:\/\/pbs.twimg.com\/profile_images\/803238642017832960\/739z4fj1_normal.jpg","profile_image_url_https":"https:\/\/pbs.twimg.com\/profile_images\/803238642017832960\/739z4fj1_normal.jpg","profile_banner_url":"https:\/\/pbs.twimg.com\/profile_banners\/4755632357\/1483782958","profile_link_color":"1DA1F2","profile_sidebar_border_color":"C0DEED","profile_sidebar_fill_color":"DDEEF6","profile_text_color":"333333","profile_use_background_image":true,"has_extended_profile":false,"default_profile":true,"default_profile_image":false,"following":false,"follow_request_sent":false,"notifications":false,"translator_type":"none"},"geo":null,"coordinates":null,"place":null,"contributors":null,"is_quote_status":false,"retweet_count":0,"favorite_count":0,"favorited":false,"retweeted":false,"lang":"en"}
