{"created_at":"Thu Jan 12 08:13:05 +0000 2017","id":819457155204075520,"id_str":"819457155204075520","text":"I feel fit :-) Today I took 7065 steps, burned 3119 calories, and travelled 3.19 miles","truncated":false,"entities":{"hashtags":[],"symbols":[],"user_mentions":[],"urls":[]},"source":"\u003ca href=\"http:\/\/ifttt.com\" rel=\"nofollow\"\u003eIFTTT\u003c\/a\u003e","in_reply_to_status_id":null,"in_reply_to_status_id_str":null,"in_reply_to_user_id":null,"in_reply_to_user_id_str":null,"in_reply_to_screen_name":null,"user":{"id":226253874,"id_str":"226253874","name":"Lindsey","screen_name":"lindseyc357","location":"","description":"Kind hearted romantic with a wicked side ;o)","url":null,"entities":{"description":{"urls":[]}},"protected":false,"followers_count":633,"friends_count":1922,"listed_count":3,"created_at":"Mon Dec 13 18:22:56 +0000 2010","favourites_count":270,"utc_offset":0,"time_zone":"London","geo_enabled":true,"verified":false,"statuses_count":1524,"lang":"en","contributors_enabled":false,"is_translator":false,"is_translation_enabled":false,"profile_background_color":"1A1B1F","profile_background_image_url":"http:\/\/abs.twimg.com\/images\/themes\/theme9\/bg.gif","profile_background_image_url_https":"https:\/\/abs.twimg.com\/images\/themes\/theme9\/bg.gif","profile_background_tile":false,"profile_image_url":"http:\/\/pbs.twimg.com\/profile_images\/777584862660272128\/EpELTqd3_normal.jpg","profile_image_url_https":"https:\/\/pbs.twimg.com\/profile_images\/777584862660272128\/EpELTqd3_normal.jpg","profile_banner_url":"https:\/\/pbs.twimg.com\/profile_banners\/226253874\/1400710184","profile_link_color":"2FC2EF","profile_sidebar_border_color":"181A1E","profile_sidebar_fill_color":"252429","profile_text_color":"666666","profile_use_background_image":true,"has_extended_profile":false,"default_profile":false,"default_profile_image":false,"following":false,"follow_request_sent":false,"notifications":false,"translator_type":"none"},"geo":null,"coordinates":null,"place":null,"contributors":null,"is_quote_status":false,"retweet_count":0,"favorite_count":0,"favorited":false,"retweeted":false,"lang":"en"}
