{"created_at":"Thu Jan 12 08:13:05 +0000 2017","id":819457157607411712,"id_str":"819457157607411712","text":"Pt: I didn't want hurt myself Me: so you didn't mean to shoot ur self in the gut? Pt: Oh no I did just didn't think\u2026 https:\/\/t.co\/XuFyBegxIb","truncated":true,"entities":{"hashtags":[],"symbols":[],"user_mentions":[],"urls":[{"url":"https:\/\/t.co\/XuFyBegxIb","expanded_url":"https:\/\/twitter.com\/i\/web\/status\/819457157607411712","display_url":"twitter.com\/i\/web\/status\/8\u2026","indices":[117,140]}]},"source":"\u003ca href=\"http:\/\/twitter.com\/download\/iphone\" rel=\"nofollow\"\u003eTwitter for iPhone\u003c\/a\u003e","in_reply_to_status_id":null,"in_reply_to_status_id_str":null,"in_reply_to_user_id":null,"in_reply_to_user_id_str":null,"in_reply_to_screen_name":null,"user":{"id":801021697340088325,"id_str":"801021697340088325","name":"TarheelNurseRN","screen_name":"tarheel_rn","location":"North Carolina, USA","description":"Nurse n the Tarheel state \"Do No Harm Take No Shit\" God Country Family Nature Humor \ud83c\uddfa\ud83c\uddf8 #Cowboys #Tarheels #livelaughenjoy","url":null,"entities":{"description":{"urls":[]}},"protected":false,"followers_count":353,"friends_count":209,"listed_count":40,"created_at":"Tue Nov 22 11:17:09 +0000 2016","favourites_count":3909,"utc_offset":null,"time_zone":null,"geo_enabled":false,"verified":false,"statuses_count":1831,"lang":"en","contributors_enabled":false,"is_translator":false,"is_translation_enabled":false,"profile_background_color":"F5F8FA","profile_background_image_url":null,"profile_background_image_url_https":null,"profile_background_tile":false,"profile_image_url":"http:\/\/pbs.twimg.com\/profile_images\/801472120442261504\/qU0J755E_normal.jpg","profile_image_url_https":"https:\/\/pbs.twimg.com\/profile_images\/801472120442261504\/qU0J755E_normal.jpg","profile_banner_url":"https:\/\/pbs.twimg.com\/profile_banners\/801021697340088325\/1483103312","profile_link_color":"1DA1F2","profile_sidebar_border_color":"C0DEED","profile_sidebar_fill_color":"DDEEF6","profile_text_color":"333333","profile_use_background_image":true,"has_extended_profile":true,"default_profile":true,"default_profile_image":false,"following":false,"follow_request_sent":false,"notifications":false,"translator_type":"none"},"geo":null,"coordinates":null,"place":null,"contributors":null,"is_quote_status":false,"retweet_count":1,"favorite_count":5,"favorited":false,"retweeted":false,"possibly_sensitive":false,"possibly_sensitive_appealable":false,"lang":"en"}
