{"created_at":"Thu Jan 12 08:13:04 +0000 2017","id":819457153136082945,"id_str":"819457153136082945","text":"\u3053\u306e\u307e\u307e\u7720\u308a\u3064\u3065\u3051\u3066\u6b7b\u306c #nemuritsuzuketeshinu","truncated":false,"entities":{"hashtags":[{"text":"nemuritsuzuketeshinu","indices":[13,34]}],"symbols":[],"user_mentions":[],"urls":[]},"source":"\u003ca href=\"http:\/\/xn--08jubdf0pz382b.xn--s9j219o.jp\/\" rel=\"nofollow\"\u003e\u3053\u306e\u307e\u307e\u7720\u308a\u3064\u3065\u3051\u3066\u6b7b\u306c\u003c\/a\u003e","in_reply_to_status_id":null,"in_reply_to_status_id_str":null,"in_reply_to_user_id":null,"in_reply_to_user_id_str":null,"in_reply_to_screen_name":null,"user":{"id":4333768754,"id_str":"4333768754","name":"\u30b7\u5175\u5c71\u5947\u8f9b\u515a","screen_name":"iXgee","location":"\u6545\u4eba","description":"\u5bb6\u3067\u98fc\u3063\u3066\u308b\u72ac\u304c\u30c4\u30a4\u30fc\u30c8\u3057\u3066\u308b\u30a2\u30ab\u30a6\u30f3\u30c8\u2192@__yojo__ ,@12k0","url":null,"entities":{"description":{"urls":[]}},"protected":false,"followers_count":20,"friends_count":51,"listed_count":4,"created_at":"Mon Nov 23 12:15:03 +0000 2015","favourites_count":25739,"utc_offset":32400,"time_zone":"Tokyo","geo_enabled":false,"verified":false,"statuses_count":213887,"lang":"ja","contributors_enabled":false,"is_translator":false,"is_translation_enabled":false,"profile_background_color":"C0DEED","profile_background_image_url":"http:\/\/abs.twimg.com\/images\/themes\/theme1\/bg.png","profile_background_image_url_https":"https:\/\/abs.twimg.com\/images\/themes\/theme1\/bg.png","profile_background_tile":false,"profile_image_url":"http:\/\/pbs.twimg.com\/profile_images\/816177721835274241\/1dJ1xfJM_normal.jpg","profile_image_url_https":"https:\/\/pbs.twimg.com\/profile_images\/816177721835274241\/1dJ1xfJM_normal.jpg","profile_banner_url":"https:\/\/pbs.twimg.com\/profile_banners\/4333768754\/1483842365","profile_link_color":"1DA1F2","profile_sidebar_border_color":"C0DEED","profile_sidebar_fill_color":"DDEEF6","profile_text_color":"333333","profile_use_background_image":true,"has_extended_profile":false,"default_profile":true,"default_profile_image":false,"following":false,"follow_request_sent":false,"notifications":false,"translator_type":"none"},"geo":null,"coordinates":null,"place":null,"contributors":null,"is_quote_status":false,"retweet_count":0,"favorite_count":0,"favorited":false,"retweeted":false,"lang":"ja"}
