{"created_at":"Thu Jan 12 08:13:04 +0000 2017","id":819457153102647298,"id_str":"819457153102647298","text":"The damn dog dies and then Danny.. how many times can I cry in this damn episode. I hate crying","truncated":false,"entities":{"hashtags":[],"symbols":[],"user_mentions":[],"urls":[]},"source":"\u003ca href=\"http:\/\/twitter.com\/download\/iphone\" rel=\"nofollow\"\u003eTwitter for iPhone\u003c\/a\u003e","in_reply_to_status_id":null,"in_reply_to_status_id_str":null,"in_reply_to_user_id":null,"in_reply_to_user_id_str":null,"in_reply_to_screen_name":null,"user":{"id":241947299,"id_str":"241947299","name":"lena","screen_name":"llennavictoria","location":"Hogwarts","description":"#ODU17 || Hatin hoes ain't happy, and happy hoes ain't hatin ||","url":"https:\/\/t.co\/1hHEQa8AFJ","entities":{"url":{"urls":[{"url":"https:\/\/t.co\/1hHEQa8AFJ","expanded_url":"http:\/\/Instagram.com\/allennawest","display_url":"Instagram.com\/allennawest","indices":[0,23]}]},"description":{"urls":[]}},"protected":false,"followers_count":1013,"friends_count":500,"listed_count":18,"created_at":"Sun Jan 23 15:09:20 +0000 2011","favourites_count":14309,"utc_offset":-18000,"time_zone":"Quito","geo_enabled":true,"verified":false,"statuses_count":82535,"lang":"en","contributors_enabled":false,"is_translator":false,"is_translation_enabled":false,"profile_background_color":"FFFFFF","profile_background_image_url":"http:\/\/pbs.twimg.com\/profile_background_images\/434331876883320832\/HmKzy1PU.png","profile_background_image_url_https":"https:\/\/pbs.twimg.com\/profile_background_images\/434331876883320832\/HmKzy1PU.png","profile_background_tile":true,"profile_image_url":"http:\/\/pbs.twimg.com\/profile_images\/782846800667574272\/-gCYTfPJ_normal.jpg","profile_image_url_https":"https:\/\/pbs.twimg.com\/profile_images\/782846800667574272\/-gCYTfPJ_normal.jpg","profile_banner_url":"https:\/\/pbs.twimg.com\/profile_banners\/241947299\/1475480198","profile_link_color":"DD2E44","profile_sidebar_border_color":"FFFFFF","profile_sidebar_fill_color":"DFD2DA","profile_text_color":"000000","profile_use_background_image":true,"has_extended_profile":true,"default_profile":false,"default_profile_image":false,"following":false,"follow_request_sent":false,"notifications":false,"translator_type":"none"},"geo":null,"coordinates":null,"place":{"id":"b004be67b9fd6d8f","url":"https:\/\/api.twitter.com\/1.1\/geo\/id\/b004be67b9fd6d8f.json","place_type":"city","name":"Norfolk","full_name":"Norfolk, VA","country_code":"US","country":"United States","contained_within":[],"bounding_box":{"type":"Polygon","coordinates":[[[-76.334287,36.820791],[-76.177085,36.820791],[-76.177085,36.969373],[-76.334287,36.969373]]]},"attributes":{}},"contributors":null,"is_quote_status":false,"retweet_count":0,"favorite_count":0,"favorited":false,"retweeted":false,"lang":"en"}
