{"created_at":"Thu Jan 12 08:13:03 +0000 2017","id":819457147964719105,"id_str":"819457147964719105","text":"The snooze button is why I'm late for literally everything\ud83d\ude44\ud83d\ude34","truncated":false,"entities":{"hashtags":[],"symbols":[],"user_mentions":[],"urls":[]},"source":"\u003ca href=\"http:\/\/twitter.com\/download\/iphone\" rel=\"nofollow\"\u003eTwitter for iPhone\u003c\/a\u003e","in_reply_to_status_id":null,"in_reply_to_status_id_str":null,"in_reply_to_user_id":null,"in_reply_to_user_id_str":null,"in_reply_to_screen_name":null,"user":{"id":954379651,"id_str":"954379651","name":"AmyBurrows","screen_name":"amyburrowsxxx","location":"","description":"","url":null,"entities":{"description":{"urls":[]}},"protected":false,"followers_count":125,"friends_count":278,"listed_count":0,"created_at":"Sat Nov 17 21:40:50 +0000 2012","favourites_count":161,"utc_offset":null,"time_zone":null,"geo_enabled":true,"verified":false,"statuses_count":375,"lang":"en","contributors_enabled":false,"is_translator":false,"is_translation_enabled":false,"profile_background_color":"C0DEED","profile_background_image_url":"http:\/\/abs.twimg.com\/images\/themes\/theme1\/bg.png","profile_background_image_url_https":"https:\/\/abs.twimg.com\/images\/themes\/theme1\/bg.png","profile_background_tile":false,"profile_image_url":"http:\/\/pbs.twimg.com\/profile_images\/790184693866070016\/d94FHiQs_normal.jpg","profile_image_url_https":"https:\/\/pbs.twimg.com\/profile_images\/790184693866070016\/d94FHiQs_normal.jpg","profile_banner_url":"https:\/\/pbs.twimg.com\/profile_banners\/954379651\/1477229690","profile_link_color":"1DA1F2","profile_sidebar_border_color":"C0DEED","profile_sidebar_fill_color":"DDEEF6","profile_text_color":"333333","profile_use_background_image":true,"has_extended_profile":false,"default_profile":true,"default_profile_image":false,"following":false,"follow_request_sent":false,"notifications":false,"translator_type":"none"},"geo":null,"coordinates":null,"place":null,"contributors":null,"is_quote_status":false,"retweet_count":0,"favorite_count":3,"favorited":false,"retweeted":false,"lang":"en"}
