{"created_at":"Thu Jan 12 08:13:03 +0000 2017","id":819457145938685952,"id_str":"819457145938685952","text":"I just let someone from UCSD follow me, the gates have been opened, there is no hiding any longer","truncated":false,"entities":{"hashtags":[],"symbols":[],"user_mentions":[],"urls":[]},"source":"\u003ca href=\"http:\/\/twitter.com\/download\/iphone\" rel=\"nofollow\"\u003eTwitter for iPhone\u003c\/a\u003e","in_reply_to_status_id":null,"in_reply_to_status_id_str":null,"in_reply_to_user_id":null,"in_reply_to_user_id_str":null,"in_reply_to_screen_name":null,"user":{"id":731717953,"id_str":"731717953","name":"jach","screen_name":"StaresNStripes","location":"whadddduppp san diahgo","description":"BLACK LIVES MATTER \u2022 UCSD '20 \u2022 pretense in spades","url":"https:\/\/t.co\/slNhZzpfGC","entities":{"url":{"urls":[{"url":"https:\/\/t.co\/slNhZzpfGC","expanded_url":"http:\/\/clubhhh.wordpress.com","display_url":"clubhhh.wordpress.com","indices":[0,23]}]},"description":{"urls":[]}},"protected":false,"followers_count":399,"friends_count":246,"listed_count":7,"created_at":"Wed Aug 01 23:48:44 +0000 2012","favourites_count":60377,"utc_offset":-18000,"time_zone":"Eastern Time (US & Canada)","geo_enabled":true,"verified":false,"statuses_count":42492,"lang":"en","contributors_enabled":false,"is_translator":false,"is_translation_enabled":false,"profile_background_color":"000000","profile_background_image_url":"http:\/\/abs.twimg.com\/images\/themes\/theme1\/bg.png","profile_background_image_url_https":"https:\/\/abs.twimg.com\/images\/themes\/theme1\/bg.png","profile_background_tile":false,"profile_image_url":"http:\/\/pbs.twimg.com\/profile_images\/815842546647699456\/MLVRh3mb_normal.jpg","profile_image_url_https":"https:\/\/pbs.twimg.com\/profile_images\/815842546647699456\/MLVRh3mb_normal.jpg","profile_banner_url":"https:\/\/pbs.twimg.com\/profile_banners\/731717953\/1483262785","profile_link_color":"DD2E44","profile_sidebar_border_color":"000000","profile_sidebar_fill_color":"000000","profile_text_color":"000000","profile_use_background_image":false,"has_extended_profile":false,"default_profile":false,"default_profile_image":false,"following":false,"follow_request_sent":false,"notifications":false,"translator_type":"none"},"geo":null,"coordinates":null,"place":null,"contributors":null,"is_quote_status":false,"retweet_count":1,"favorite_count":9,"favorited":false,"retweeted":false,"lang":"en"}
