{"created_at":"Thu Jan 12 08:13:05 +0000 2017","id":819457156588126208,"id_str":"819457156588126208","text":"I'm at Avenida \u00c1guia de Haia in S\u00e3o Paulo, SP https:\/\/t.co\/qGSRONmkN5","truncated":false,"entities":{"hashtags":[],"symbols":[],"user_mentions":[],"urls":[{"url":"https:\/\/t.co\/qGSRONmkN5","expanded_url":"https:\/\/www.swarmapp.com\/c\/gsefBOsgqKS","display_url":"swarmapp.com\/c\/gsefBOsgqKS","indices":[46,69]}]},"source":"\u003ca href=\"http:\/\/foursquare.com\" rel=\"nofollow\"\u003eFoursquare\u003c\/a\u003e","in_reply_to_status_id":null,"in_reply_to_status_id_str":null,"in_reply_to_user_id":null,"in_reply_to_user_id_str":null,"in_reply_to_screen_name":null,"user":{"id":66871019,"id_str":"66871019","name":"Robson Souza","screen_name":"robsoneu","location":"S\u00e3o Paulo - Brasil","description":"T\u00e9cnico de Fibra \u00d3ptica, Linhas de Telefones, ADSL, TV a Cabo.","url":"http:\/\/t.co\/SmOyU8Val8","entities":{"url":{"urls":[{"url":"http:\/\/t.co\/SmOyU8Val8","expanded_url":"http:\/\/www.facebook.com\/Thor2011RBS","display_url":"facebook.com\/Thor2011RBS","indices":[0,22]}]},"description":{"urls":[]}},"protected":false,"followers_count":205,"friends_count":631,"listed_count":16,"created_at":"Wed Aug 19 01:38:43 +0000 2009","favourites_count":103,"utc_offset":-7200,"time_zone":"Brasilia","geo_enabled":true,"verified":false,"statuses_count":14062,"lang":"pt","contributors_enabled":false,"is_translator":false,"is_translation_enabled":false,"profile_background_color":"ACDED6","profile_background_image_url":"http:\/\/pbs.twimg.com\/profile_background_images\/517645496534331393\/nVce_9W_.jpeg","profile_background_image_url_https":"https:\/\/pbs.twimg.com\/profile_background_images\/517645496534331393\/nVce_9W_.jpeg","profile_background_tile":true,"profile_image_url":"http:\/\/pbs.twimg.com\/profile_images\/517643769923895296\/RyjWj-Yf_normal.jpeg","profile_image_url_https":"https:\/\/pbs.twimg.com\/profile_images\/517643769923895296\/RyjWj-Yf_normal.jpeg","profile_banner_url":"https:\/\/pbs.twimg.com\/profile_banners\/66871019\/1412250716","profile_link_color":"3B94D9","profile_sidebar_border_color":"FFFFFF","profile_sidebar_fill_color":"F6F6F6","profile_text_color":"333333","profile_use_background_image":true,"has_extended_profile":true,"default_profile":false,"default_profile_image":false,"following":false,"follow_request_sent":false,"notifications":false,"translator_type":"none"},"geo":{"type":"Point","coordinates":[-23.51693317,-46.47495760]},"coordinates":{"type":"Point","coordinates":[-46.47495760,-23.51693317]},"place":{"id":"68e019afec7d0ba5","url":"https:\/\/api.twitter.com\/1.1\/geo\/id\/68e019afec7d0ba5.json","place_type":"city","name":"S\u00e3o Paulo","full_name":"S\u00e3o Paulo, Brasil","country_code":"BR","country":"Brasil","contained_within":[],"bounding_box":{"type":"Polygon","coordinates":[[[-46.826039,-24.008814],[-46.365052,-24.008814],[-46.365052,-23.356792],[-46.826039,-23.356792]]]},"attributes":{}},"contributors":null,"is_quote_status":false,"retweet_count":0,"favorite_count":0,"favorited":false,"retweeted":false,"possibly_sensitive":false,"possibly_sensitive_appealable":false,"lang":"pt"}
