{"created_at":"Thu Jan 12 08:13:06 +0000 2017","id":819457161394688000,"id_str":"819457161394688000","text":"don't get it twisted i don't owe you a cent.","truncated":false,"entities":{"hashtags":[],"symbols":[],"user_mentions":[],"urls":[]},"source":"\u003ca href=\"http:\/\/twitter.com\/download\/iphone\" rel=\"nofollow\"\u003eTwitter for iPhone\u003c\/a\u003e","in_reply_to_status_id":null,"in_reply_to_status_id_str":null,"in_reply_to_user_id":null,"in_reply_to_user_id_str":null,"in_reply_to_screen_name":null,"user":{"id":40428177,"id_str":"40428177","name":"dead.","screen_name":"MythVision","location":"","description":"@MythVisual @VanityKillsAll MythVision47@gmail.com","url":"https:\/\/t.co\/INOOSXcYsb","entities":{"url":{"urls":[{"url":"https:\/\/t.co\/INOOSXcYsb","expanded_url":"http:\/\/youtube.com\/watch?v=WLzJgiBAAJM","display_url":"youtube.com\/watch?v=WLzJgi\u2026","indices":[0,23]}]},"description":{"urls":[]}},"protected":false,"followers_count":959,"friends_count":506,"listed_count":7,"created_at":"Sat May 16 07:29:13 +0000 2009","favourites_count":6724,"utc_offset":-28800,"time_zone":"Pacific Time (US & Canada)","geo_enabled":true,"verified":false,"statuses_count":30896,"lang":"en","contributors_enabled":false,"is_translator":false,"is_translation_enabled":false,"profile_background_color":"FFFFFF","profile_background_image_url":"http:\/\/pbs.twimg.com\/profile_background_images\/378800000120984006\/89f95598a81b4558d6b01236a4d32c60.png","profile_background_image_url_https":"https:\/\/pbs.twimg.com\/profile_background_images\/378800000120984006\/89f95598a81b4558d6b01236a4d32c60.png","profile_background_tile":false,"profile_image_url":"http:\/\/pbs.twimg.com\/profile_images\/776624498384642048\/YanYu9mk_normal.jpg","profile_image_url_https":"https:\/\/pbs.twimg.com\/profile_images\/776624498384642048\/YanYu9mk_normal.jpg","profile_banner_url":"https:\/\/pbs.twimg.com\/profile_banners\/40428177\/1482230174","profile_link_color":"F70D20","profile_sidebar_border_color":"FFFFFF","profile_sidebar_fill_color":"DDFFCC","profile_text_color":"040F5D","profile_use_background_image":true,"has_extended_profile":true,"default_profile":false,"default_profile_image":false,"following":false,"follow_request_sent":false,"notifications":false,"translator_type":"none"},"geo":null,"coordinates":null,"place":{"id":"5e4b6834e36e68fa","url":"https:\/\/api.twitter.com\/1.1\/geo\/id\/5e4b6834e36e68fa.json","place_type":"city","name":"Corona","full_name":"Corona, CA","country_code":"US","country":"United States","contained_within":[],"bounding_box":{"type":"Polygon","coordinates":[[[-117.672915,33.802102],[-117.498401,33.802102],[-117.498401,33.916084],[-117.672915,33.916084]]]},"attributes":{}},"contributors":null,"is_quote_status":false,"retweet_count":0,"favorite_count":1,"favorited":false,"retweeted":false,"lang":"en"}
