{"created_at":"Thu Jan 12 08:13:01 +0000 2017","id":819457139844345856,"id_str":"819457139844345856","text":"Wtf is Atlanta I can't deal with this show","truncated":false,"entities":{"hashtags":[],"symbols":[],"user_mentions":[],"urls":[]},"source":"\u003ca href=\"http:\/\/twitter.com\/download\/iphone\" rel=\"nofollow\"\u003eTwitter for iPhone\u003c\/a\u003e","in_reply_to_status_id":null,"in_reply_to_status_id_str":null,"in_reply_to_user_id":null,"in_reply_to_user_id_str":null,"in_reply_to_screen_name":null,"user":{"id":3062031848,"id_str":"3062031848","name":"Catherine Vye","screen_name":"catherinevye5","location":"snap me - caaafrin ","description":"my whole life is that video of the second dog popping up in the car","url":null,"entities":{"description":{"urls":[]}},"protected":false,"followers_count":66,"friends_count":101,"listed_count":1,"created_at":"Thu Mar 05 01:30:26 +0000 2015","favourites_count":5679,"utc_offset":null,"time_zone":null,"geo_enabled":true,"verified":false,"statuses_count":1870,"lang":"en","contributors_enabled":false,"is_translator":false,"is_translation_enabled":false,"profile_background_color":"000000","profile_background_image_url":"http:\/\/abs.twimg.com\/images\/themes\/theme1\/bg.png","profile_background_image_url_https":"https:\/\/abs.twimg.com\/images\/themes\/theme1\/bg.png","profile_background_tile":false,"profile_image_url":"http:\/\/pbs.twimg.com\/profile_images\/783609228158115840\/582zXFh0_normal.jpg","profile_image_url_https":"https:\/\/pbs.twimg.com\/profile_images\/783609228158115840\/582zXFh0_normal.jpg","profile_banner_url":"https:\/\/pbs.twimg.com\/profile_banners\/3062031848\/1483233137","profile_link_color":"981CEB","profile_sidebar_border_color":"000000","profile_sidebar_fill_color":"000000","profile_text_color":"000000","profile_use_background_image":false,"has_extended_profile":true,"default_profile":false,"default_profile_image":false,"following":false,"follow_request_sent":false,"notifications":false,"translator_type":"none"},"geo":null,"coordinates":null,"place":null,"contributors":null,"is_quote_status":false,"retweet_count":0,"favorite_count":0,"favorited":false,"retweeted":false,"lang":"en"}
