{"created_at":"Thu Jan 12 08:13:03 +0000 2017","id":819457148954537984,"id_str":"819457148954537984","text":"@DejanBu i ugrijano.","truncated":false,"entities":{"hashtags":[],"symbols":[],"user_mentions":[{"screen_name":"DejanBu","name":"Dejan  Bukarica","id":419040963,"id_str":"419040963","indices":[0,8]}],"urls":[]},"source":"\u003ca href=\"https:\/\/about.twitter.com\/products\/tweetdeck\" rel=\"nofollow\"\u003eTweetDeck\u003c\/a\u003e","in_reply_to_status_id":819456974710521856,"in_reply_to_status_id_str":"819456974710521856","in_reply_to_user_id":419040963,"in_reply_to_user_id_str":"419040963","in_reply_to_screen_name":"DejanBu","user":{"id":94068209,"id_str":"94068209","name":"JB","screen_name":"JBorovina","location":"Sarajevo, Bosna i Hercegovina","description":"Beskrajno mozgalo. Mudrica Palamudica. Moji tvitovi, moj problem.\nAli prvo sam - Po\u0161tovani gledalac.","url":null,"entities":{"description":{"urls":[]}},"protected":false,"followers_count":2087,"friends_count":1131,"listed_count":44,"created_at":"Wed Dec 02 11:06:16 +0000 2009","favourites_count":31492,"utc_offset":3600,"time_zone":"Sarajevo","geo_enabled":false,"verified":false,"statuses_count":69544,"lang":"en","contributors_enabled":false,"is_translator":false,"is_translation_enabled":false,"profile_background_color":"C0DEED","profile_background_image_url":"http:\/\/abs.twimg.com\/images\/themes\/theme1\/bg.png","profile_background_image_url_https":"https:\/\/abs.twimg.com\/images\/themes\/theme1\/bg.png","profile_background_tile":false,"profile_image_url":"http:\/\/pbs.twimg.com\/profile_images\/814801391759802368\/AMmB6jhC_normal.jpg","profile_image_url_https":"https:\/\/pbs.twimg.com\/profile_images\/814801391759802368\/AMmB6jhC_normal.jpg","profile_banner_url":"https:\/\/pbs.twimg.com\/profile_banners\/94068209\/1479892726","profile_link_color":"1DA1F2","profile_sidebar_border_color":"C0DEED","profile_sidebar_fill_color":"DDEEF6","profile_text_color":"333333","profile_use_background_image":true,"has_extended_profile":false,"default_profile":true,"default_profile_image":false,"following":false,"follow_request_sent":false,"notifications":false,"translator_type":"none"},"geo":null,"coordinates":null,"place":null,"contributors":null,"is_quote_status":false,"retweet_count":0,"favorite_count":1,"favorited":false,"retweeted":false,"lang":"lt"}
