{"created_at":"Thu Jan 12 08:13:04 +0000 2017","id":819457153417113600,"id_str":"819457153417113600","text":"Here I would say #50isthenew25\nHair by Mannix\n\nMakeup by @trssignature \n\n#birthdayglam\u2026 https:\/\/t.co\/HyuBzUYeTu","truncated":false,"entities":{"hashtags":[{"text":"50isthenew25","indices":[17,30]},{"text":"birthdayglam","indices":[73,86]}],"symbols":[],"user_mentions":[{"screen_name":"trssignature","name":"titilola salaam","id":1543464326,"id_str":"1543464326","indices":[57,70]}],"urls":[{"url":"https:\/\/t.co\/HyuBzUYeTu","expanded_url":"https:\/\/www.instagram.com\/p\/BPKD1NcBu3L\/","display_url":"instagram.com\/p\/BPKD1NcBu3L\/","indices":[88,111]}]},"source":"\u003ca href=\"http:\/\/instagram.com\" rel=\"nofollow\"\u003eInstagram\u003c\/a\u003e","in_reply_to_status_id":null,"in_reply_to_status_id_str":null,"in_reply_to_user_id":null,"in_reply_to_user_id_str":null,"in_reply_to_screen_name":null,"user":{"id":1543464326,"id_str":"1543464326","name":"titilola salaam","screen_name":"trssignature","location":"nigeria","description":"Professional makeup artist \/\/ enhancing every woman's beauty \/\/ available internationally, bookings; trssignature@gmail.com, 08067614572","url":"http:\/\/t.co\/K9sjYqSorK","entities":{"url":{"urls":[{"url":"http:\/\/t.co\/K9sjYqSorK","expanded_url":"http:\/\/www.facebook.com\/trs.signature","display_url":"facebook.com\/trs.signature","indices":[0,22]}]},"description":{"urls":[]}},"protected":false,"followers_count":232,"friends_count":637,"listed_count":16,"created_at":"Mon Jun 24 14:57:46 +0000 2013","favourites_count":5,"utc_offset":null,"time_zone":null,"geo_enabled":false,"verified":false,"statuses_count":387,"lang":"en","contributors_enabled":false,"is_translator":false,"is_translation_enabled":false,"profile_background_color":"C0DEED","profile_background_image_url":"http:\/\/abs.twimg.com\/images\/themes\/theme1\/bg.png","profile_background_image_url_https":"https:\/\/abs.twimg.com\/images\/themes\/theme1\/bg.png","profile_background_tile":false,"profile_image_url":"http:\/\/pbs.twimg.com\/profile_images\/790425869093404672\/Y56WOzBr_normal.jpg","profile_image_url_https":"https:\/\/pbs.twimg.com\/profile_images\/790425869093404672\/Y56WOzBr_normal.jpg","profile_link_color":"1DA1F2","profile_sidebar_border_color":"C0DEED","profile_sidebar_fill_color":"DDEEF6","profile_text_color":"333333","profile_use_background_image":true,"has_extended_profile":false,"default_profile":true,"default_profile_image":false,"following":false,"follow_request_sent":false,"notifications":false,"translator_type":"none"},"geo":null,"coordinates":null,"place":null,"contributors":null,"is_quote_status":false,"retweet_count":0,"favorite_count":0,"favorited":false,"retweeted":false,"possibly_sensitive":false,"possibly_sensitive_appealable":false,"lang":"en"}
