{"created_at":"Thu Jan 12 08:13:01 +0000 2017","id":819457141035634689,"id_str":"819457141035634689","text":"@CallyChicken nope was in the gym, I'll watch it later on catch up \ud83d\ude01","truncated":false,"entities":{"hashtags":[],"symbols":[],"user_mentions":[{"screen_name":"CallyChicken","name":"Carol","id":318950018,"id_str":"318950018","indices":[0,13]}],"urls":[]},"source":"\u003ca href=\"http:\/\/twitter.com\/download\/android\" rel=\"nofollow\"\u003eTwitter for Android\u003c\/a\u003e","in_reply_to_status_id":819456860344451072,"in_reply_to_status_id_str":"819456860344451072","in_reply_to_user_id":318950018,"in_reply_to_user_id_str":"318950018","in_reply_to_screen_name":"CallyChicken","user":{"id":2530230870,"id_str":"2530230870","name":"Katie G","screen_name":"Lady_of_Lothlor","location":"Wales, United Kingdom","description":"19 | Level 2 Hairdresser |","url":null,"entities":{"description":{"urls":[]}},"protected":false,"followers_count":37,"friends_count":83,"listed_count":2,"created_at":"Wed May 28 15:20:07 +0000 2014","favourites_count":105,"utc_offset":null,"time_zone":null,"geo_enabled":false,"verified":false,"statuses_count":48,"lang":"en","contributors_enabled":false,"is_translator":false,"is_translation_enabled":false,"profile_background_color":"000000","profile_background_image_url":"http:\/\/abs.twimg.com\/images\/themes\/theme1\/bg.png","profile_background_image_url_https":"https:\/\/abs.twimg.com\/images\/themes\/theme1\/bg.png","profile_background_tile":false,"profile_image_url":"http:\/\/pbs.twimg.com\/profile_images\/767833941197938688\/nnPwKAsy_normal.jpg","profile_image_url_https":"https:\/\/pbs.twimg.com\/profile_images\/767833941197938688\/nnPwKAsy_normal.jpg","profile_banner_url":"https:\/\/pbs.twimg.com\/profile_banners\/2530230870\/1471900028","profile_link_color":"91D2FA","profile_sidebar_border_color":"000000","profile_sidebar_fill_color":"000000","profile_text_color":"000000","profile_use_background_image":false,"has_extended_profile":true,"default_profile":false,"default_profile_image":false,"following":false,"follow_request_sent":false,"notifications":false,"translator_type":"none"},"geo":null,"coordinates":null,"place":null,"contributors":null,"is_quote_status":false,"retweet_count":0,"favorite_count":1,"favorited":false,"retweeted":false,"lang":"en"}
