{"created_at":"Thu Jan 12 08:13:04 +0000 2017","id":819457152167321601,"id_str":"819457152167321601","text":"My accent got thicker after going home so people have gone back to looking at me like I'm a weirdo","truncated":false,"entities":{"hashtags":[],"symbols":[],"user_mentions":[],"urls":[]},"source":"\u003ca href=\"http:\/\/twitter.com\/download\/android\" rel=\"nofollow\"\u003eTwitter for Android\u003c\/a\u003e","in_reply_to_status_id":null,"in_reply_to_status_id_str":null,"in_reply_to_user_id":null,"in_reply_to_user_id_str":null,"in_reply_to_screen_name":null,"user":{"id":3433309726,"id_str":"3433309726","name":"samantha jones","screen_name":"sophietheangell","location":"","description":"@OLI2GHOST: QUEEN OF THE MERMAIDS QUEEN OF THE SEA QUEEN OF HALLOWEEN QUEEN OF MY HEART QUEEN OF SPARKLES @GDIRAKIM: SOPHIE'S SMILE IS ALL I NEED","url":null,"entities":{"description":{"urls":[]}},"protected":false,"followers_count":547,"friends_count":172,"listed_count":1,"created_at":"Thu Aug 20 20:32:42 +0000 2015","favourites_count":1048,"utc_offset":-28800,"time_zone":"Pacific Time (US & Canada)","geo_enabled":false,"verified":false,"statuses_count":7533,"lang":"en","contributors_enabled":false,"is_translator":false,"is_translation_enabled":false,"profile_background_color":"000000","profile_background_image_url":"http:\/\/abs.twimg.com\/images\/themes\/theme1\/bg.png","profile_background_image_url_https":"https:\/\/abs.twimg.com\/images\/themes\/theme1\/bg.png","profile_background_tile":false,"profile_image_url":"http:\/\/pbs.twimg.com\/profile_images\/820458524404838400\/psGD5KN7_normal.jpg","profile_image_url_https":"https:\/\/pbs.twimg.com\/profile_images\/820458524404838400\/psGD5KN7_normal.jpg","profile_banner_url":"https:\/\/pbs.twimg.com\/profile_banners\/3433309726\/1484431035","profile_link_color":"F58EA8","profile_sidebar_border_color":"000000","profile_sidebar_fill_color":"000000","profile_text_color":"000000","profile_use_background_image":false,"has_extended_profile":true,"default_profile":false,"default_profile_image":false,"following":false,"follow_request_sent":false,"notifications":false,"translator_type":"none"},"geo":null,"coordinates":null,"place":null,"contributors":null,"is_quote_status":false,"retweet_count":0,"favorite_count":1,"favorited":false,"retweeted":false,"lang":"en"}
