{"created_at":"Thu Jan 12 08:13:06 +0000 2017","id":819457161453568001,"id_str":"819457161453568001","text":"Kendall Jenner slams plastic surgery rumours, says \u2018sometimes I feel like people just want\u2026 https:\/\/t.co\/iixonNtBdh https:\/\/t.co\/AMWeNQiL0Z","truncated":false,"entities":{"hashtags":[],"symbols":[],"user_mentions":[],"urls":[{"url":"https:\/\/t.co\/iixonNtBdh","expanded_url":"http:\/\/dhameysblog.com\/kendall-jenner-slams-plastic-surgery-rumours-says-sometimes-i-feel-like-people-just-want-lose\/","display_url":"dhameysblog.com\/kendall-jenner\u2026","indices":[92,115]}],"media":[{"id":819457159410782209,"id_str":"819457159410782209","indices":[116,139],"media_url":"http:\/\/pbs.twimg.com\/media\/C19L8d9UkAEFXZ8.jpg","media_url_https":"https:\/\/pbs.twimg.com\/media\/C19L8d9UkAEFXZ8.jpg","url":"https:\/\/t.co\/AMWeNQiL0Z","display_url":"pic.twitter.com\/AMWeNQiL0Z","expanded_url":"https:\/\/twitter.com\/dhameyscott1\/status\/819457161453568001\/photo\/1","type":"photo","sizes":{"large":{"w":400,"h":239,"resize":"fit"},"thumb":{"w":150,"h":150,"resize":"crop"},"medium":{"w":400,"h":239,"resize":"fit"},"small":{"w":400,"h":239,"resize":"fit"}}}]},"extended_entities":{"media":[{"id":819457159410782209,"id_str":"819457159410782209","indices":[116,139],"media_url":"http:\/\/pbs.twimg.com\/media\/C19L8d9UkAEFXZ8.jpg","media_url_https":"https:\/\/pbs.twimg.com\/media\/C19L8d9UkAEFXZ8.jpg","url":"https:\/\/t.co\/AMWeNQiL0Z","display_url":"pic.twitter.com\/AMWeNQiL0Z","expanded_url":"https:\/\/twitter.com\/dhameyscott1\/status\/819457161453568001\/photo\/1","type":"photo","sizes":{"large":{"w":400,"h":239,"resize":"fit"},"thumb":{"w":150,"h":150,"resize":"crop"},"medium":{"w":400,"h":239,"resize":"fit"},"small":{"w":400,"h":239,"resize":"fit"}}}]},"source":"\u003ca href=\"http:\/\/publicize.wp.com\/\" rel=\"nofollow\"\u003eWordPress.com\u003c\/a\u003e","in_reply_to_status_id":null,"in_reply_to_status_id_str":null,"in_reply_to_user_id":null,"in_reply_to_user_id_str":null,"in_reply_to_screen_name":null,"user":{"id":859387394,"id_str":"859387394","name":"#bringourgirlsback","screen_name":"dhameyscott1","location":"Accra Ghana","description":"imperfect me.","url":null,"entities":{"description":{"urls":[]}},"protected":false,"followers_count":1090,"friends_count":974,"listed_count":6,"created_at":"Wed Oct 03 08:45:47 +0000 2012","favourites_count":162,"utc_offset":3600,"time_zone":"Amsterdam","geo_enabled":true,"verified":false,"statuses_count":3381,"lang":"en","contributors_enabled":false,"is_translator":false,"is_translation_enabled":false,"profile_background_color":"352726","profile_background_image_url":"http:\/\/abs.twimg.com\/images\/themes\/theme5\/bg.gif","profile_background_image_url_https":"https:\/\/abs.twimg.com\/images\/themes\/theme5\/bg.gif","profile_background_tile":false,"profile_image_url":"http:\/\/pbs.twimg.com\/profile_images\/777302209696522240\/yUHKgcEU_normal.jpg","profile_image_url_https":"https:\/\/pbs.twimg.com\/profile_images\/777302209696522240\/yUHKgcEU_normal.jpg","profile_banner_url":"https:\/\/pbs.twimg.com\/profile_banners\/859387394\/1474158254","profile_link_color":"652CCF","profile_sidebar_border_color":"829D5E","profile_sidebar_fill_color":"99CC33","profile_text_color":"3E4415","profile_use_background_image":true,"has_extended_profile":false,"default_profile":false,"default_profile_image":false,"following":false,"follow_request_sent":false,"notifications":false,"translator_type":"none"},"geo":null,"coordinates":null,"place":null,"contributors":null,"is_quote_status":false,"retweet_count":0,"favorite_count":0,"favorited":false,"retweeted":false,"possibly_sensitive":true,"possibly_sensitive_appealable":false,"lang":"en"}
