{"created_at":"Thu Jan 12 08:13:03 +0000 2017","id":819457146316292096,"id_str":"819457146316292096","text":"@kendrakirai I simply do not trust anybody to be around them. They have the power to corrupt. And to do much worse. Even I must take..","truncated":false,"entities":{"hashtags":[],"symbols":[],"user_mentions":[{"screen_name":"kendrakirai","name":"Kendra Kirai","id":252336282,"id_str":"252336282","indices":[0,12]}],"urls":[]},"source":"\u003ca href=\"https:\/\/about.twitter.com\/products\/tweetdeck\" rel=\"nofollow\"\u003eTweetDeck\u003c\/a\u003e","in_reply_to_status_id":null,"in_reply_to_status_id_str":null,"in_reply_to_user_id":252336282,"in_reply_to_user_id_str":"252336282","in_reply_to_screen_name":"kendrakirai","user":{"id":481901019,"id_str":"481901019","name":"Clouds Serranti","screen_name":"CloudsFear","location":"...","description":"...speak. Avatar of Fear.","url":"http:\/\/t.co\/8978ufeDe4","entities":{"url":{"urls":[{"url":"http:\/\/t.co\/8978ufeDe4","expanded_url":"http:\/\/moonfallrising.smackjeeves.com","display_url":"moonfallrising.smackjeeves.com","indices":[0,22]}]},"description":{"urls":[]}},"protected":false,"followers_count":21,"friends_count":12,"listed_count":0,"created_at":"Fri Feb 03 09:20:36 +0000 2012","favourites_count":0,"utc_offset":null,"time_zone":null,"geo_enabled":false,"verified":false,"statuses_count":836,"lang":"en","contributors_enabled":false,"is_translator":false,"is_translation_enabled":false,"profile_background_color":"C0DEED","profile_background_image_url":"http:\/\/abs.twimg.com\/images\/themes\/theme1\/bg.png","profile_background_image_url_https":"https:\/\/abs.twimg.com\/images\/themes\/theme1\/bg.png","profile_background_tile":false,"profile_image_url":"http:\/\/pbs.twimg.com\/profile_images\/1800813327\/Emotional_Fragments_by_sunrise_falls_normal.jpg","profile_image_url_https":"https:\/\/pbs.twimg.com\/profile_images\/1800813327\/Emotional_Fragments_by_sunrise_falls_normal.jpg","profile_link_color":"1DA1F2","profile_sidebar_border_color":"C0DEED","profile_sidebar_fill_color":"DDEEF6","profile_text_color":"333333","profile_use_background_image":true,"has_extended_profile":false,"default_profile":true,"default_profile_image":false,"following":false,"follow_request_sent":false,"notifications":false,"translator_type":"none"},"geo":null,"coordinates":null,"place":null,"contributors":null,"is_quote_status":false,"retweet_count":0,"favorite_count":0,"favorited":false,"retweeted":false,"lang":"en"}
