{"created_at":"Thu Jan 12 08:13:02 +0000 2017","id":819457141857730564,"id_str":"819457141857730564","text":"I'm at U2 in Berlin https:\/\/t.co\/SyQcc1wCw4","truncated":false,"entities":{"hashtags":[],"symbols":[],"user_mentions":[],"urls":[{"url":"https:\/\/t.co\/SyQcc1wCw4","expanded_url":"https:\/\/www.swarmapp.com\/c\/d3nyAqJlU9s","display_url":"swarmapp.com\/c\/d3nyAqJlU9s","indices":[20,43]}]},"source":"\u003ca href=\"http:\/\/foursquare.com\" rel=\"nofollow\"\u003eFoursquare\u003c\/a\u003e","in_reply_to_status_id":null,"in_reply_to_status_id_str":null,"in_reply_to_user_id":null,"in_reply_to_user_id_str":null,"in_reply_to_screen_name":null,"user":{"id":2843813578,"id_str":"2843813578","name":"Bieryonc\u00e9","screen_name":"Rosi_macht_mit","location":"Prenzlauer Berg, Berlin","description":"Vegan vegetarische Kulturkosmetikerin mit arch\u00e4ologischem Hintergrund.","url":"https:\/\/t.co\/mRfQdzzDHt","entities":{"url":{"urls":[{"url":"https:\/\/t.co\/mRfQdzzDHt","expanded_url":"http:\/\/about.me\/heberulrike","display_url":"about.me\/heberulrike","indices":[0,23]}]},"description":{"urls":[]}},"protected":false,"followers_count":108,"friends_count":138,"listed_count":50,"created_at":"Sat Oct 25 15:06:41 +0000 2014","favourites_count":5550,"utc_offset":null,"time_zone":null,"geo_enabled":true,"verified":false,"statuses_count":8580,"lang":"de","contributors_enabled":false,"is_translator":false,"is_translation_enabled":false,"profile_background_color":"000000","profile_background_image_url":"http:\/\/abs.twimg.com\/images\/themes\/theme1\/bg.png","profile_background_image_url_https":"https:\/\/abs.twimg.com\/images\/themes\/theme1\/bg.png","profile_background_tile":false,"profile_image_url":"http:\/\/pbs.twimg.com\/profile_images\/752609597018497025\/-qu7avvr_normal.jpg","profile_image_url_https":"https:\/\/pbs.twimg.com\/profile_images\/752609597018497025\/-qu7avvr_normal.jpg","profile_banner_url":"https:\/\/pbs.twimg.com\/profile_banners\/2843813578\/1452854822","profile_link_color":"9266CC","profile_sidebar_border_color":"000000","profile_sidebar_fill_color":"000000","profile_text_color":"000000","profile_use_background_image":false,"has_extended_profile":true,"default_profile":false,"default_profile_image":false,"following":false,"follow_request_sent":false,"notifications":false,"translator_type":"none"},"geo":{"type":"Point","coordinates":[52.567465,13.410758]},"coordinates":{"type":"Point","coordinates":[13.410758,52.567465]},"place":{"id":"3078869807f9dd36","url":"https:\/\/api.twitter.com\/1.1\/geo\/id\/3078869807f9dd36.json","place_type":"city","name":"Berlin","full_name":"Berlin, Germany","country_code":"DE","country":"Germany","contained_within":[],"bounding_box":{"type":"Polygon","coordinates":[[[13.088304,52.338079],[13.760909,52.338079],[13.760909,52.675323],[13.088304,52.675323]]]},"attributes":{}},"contributors":null,"is_quote_status":false,"retweet_count":0,"favorite_count":0,"favorited":false,"retweeted":false,"possibly_sensitive":false,"possibly_sensitive_appealable":false,"lang":"en"}
