{"created_at":"Thu Jan 12 08:13:03 +0000 2017","id":819457149688573952,"id_str":"819457149688573952","text":"u don't appreciate the time, I put into this love affair.. of ours, baby. I couldn't let u walk around thinking its alright to let me down","truncated":false,"entities":{"hashtags":[],"symbols":[],"user_mentions":[],"urls":[]},"source":"\u003ca href=\"http:\/\/twitter.com\/download\/iphone\" rel=\"nofollow\"\u003eTwitter for iPhone\u003c\/a\u003e","in_reply_to_status_id":null,"in_reply_to_status_id_str":null,"in_reply_to_user_id":null,"in_reply_to_user_id_str":null,"in_reply_to_screen_name":null,"user":{"id":306507449,"id_str":"306507449","name":"reale$t.","screen_name":"_extragramsam","location":"in da NEIGHBKORH60D\u267f\ufe0f","description":"waiting on baby C\ud83c\udf3b\ud83d\udc99","url":null,"entities":{"description":{"urls":[]}},"protected":false,"followers_count":1261,"friends_count":962,"listed_count":5,"created_at":"Sat May 28 00:39:08 +0000 2011","favourites_count":1293,"utc_offset":-28800,"time_zone":"Pacific Time (US & Canada)","geo_enabled":true,"verified":false,"statuses_count":73898,"lang":"en","contributors_enabled":false,"is_translator":false,"is_translation_enabled":false,"profile_background_color":"131516","profile_background_image_url":"http:\/\/pbs.twimg.com\/profile_background_images\/744686017\/1dc6a48afd958991726beccedb8200ca.jpeg","profile_background_image_url_https":"https:\/\/pbs.twimg.com\/profile_background_images\/744686017\/1dc6a48afd958991726beccedb8200ca.jpeg","profile_background_tile":true,"profile_image_url":"http:\/\/pbs.twimg.com\/profile_images\/814659086277033984\/zmhD2Byx_normal.jpg","profile_image_url_https":"https:\/\/pbs.twimg.com\/profile_images\/814659086277033984\/zmhD2Byx_normal.jpg","profile_banner_url":"https:\/\/pbs.twimg.com\/profile_banners\/306507449\/1470145454","profile_link_color":"9266CC","profile_sidebar_border_color":"000000","profile_sidebar_fill_color":"DDEEF6","profile_text_color":"333333","profile_use_background_image":true,"has_extended_profile":true,"default_profile":false,"default_profile_image":false,"following":false,"follow_request_sent":false,"notifications":false,"translator_type":"none"},"geo":null,"coordinates":null,"place":null,"contributors":null,"is_quote_status":false,"retweet_count":0,"favorite_count":0,"favorited":false,"retweeted":false,"lang":"en"}
