{"created_at":"Thu Jan 12 08:13:06 +0000 2017","id":819457159020892160,"id_str":"819457159020892160","text":"hey guys, just wanted to let you know that it's 3 AM and I'm pretty cups are moving downstairs haha send help","truncated":false,"entities":{"hashtags":[],"symbols":[],"user_mentions":[],"urls":[]},"source":"\u003ca href=\"http:\/\/twitter.com\/download\/android\" rel=\"nofollow\"\u003eTwitter for Android\u003c\/a\u003e","in_reply_to_status_id":null,"in_reply_to_status_id_str":null,"in_reply_to_user_id":null,"in_reply_to_user_id_str":null,"in_reply_to_screen_name":null,"user":{"id":121585874,"id_str":"121585874","name":"manbir","screen_name":"maanbir13","location":"","description":"i \u2764 the dolan twins","url":null,"entities":{"description":{"urls":[]}},"protected":false,"followers_count":464,"friends_count":167,"listed_count":13,"created_at":"Tue Mar 09 23:54:11 +0000 2010","favourites_count":9571,"utc_offset":-18000,"time_zone":"Quito","geo_enabled":true,"verified":false,"statuses_count":31509,"lang":"en","contributors_enabled":false,"is_translator":false,"is_translation_enabled":false,"profile_background_color":"BADFCD","profile_background_image_url":"http:\/\/pbs.twimg.com\/profile_background_images\/560868654812643328\/pd9KyVPU.jpeg","profile_background_image_url_https":"https:\/\/pbs.twimg.com\/profile_background_images\/560868654812643328\/pd9KyVPU.jpeg","profile_background_tile":true,"profile_image_url":"http:\/\/pbs.twimg.com\/profile_images\/819050365006020608\/f9aexNfT_normal.jpg","profile_image_url_https":"https:\/\/pbs.twimg.com\/profile_images\/819050365006020608\/f9aexNfT_normal.jpg","profile_banner_url":"https:\/\/pbs.twimg.com\/profile_banners\/121585874\/1484263441","profile_link_color":"F58EA8","profile_sidebar_border_color":"FFFFFF","profile_sidebar_fill_color":"1882C9","profile_text_color":"2441D4","profile_use_background_image":false,"has_extended_profile":true,"default_profile":false,"default_profile_image":false,"following":false,"follow_request_sent":false,"notifications":false,"translator_type":"none"},"geo":null,"coordinates":null,"place":null,"contributors":null,"is_quote_status":false,"retweet_count":0,"favorite_count":2,"favorited":false,"retweeted":false,"lang":"en"}
