{"created_at":"Thu Jan 12 08:13:06 +0000 2017","id":819457161218707456,"id_str":"819457161218707456","text":"@4_vcz @ALAIN2002 \u0630\u0627 \u0648\u0644\u062f\u0646\u0627","truncated":false,"entities":{"hashtags":[],"symbols":[],"user_mentions":[{"screen_name":"4_vcz","name":"\u0639\u064a\u0646\u0627\u0648\u064a 79","id":2991038383,"id_str":"2991038383","indices":[0,6]},{"screen_name":"ALAIN2002","name":"Sultan Al Ain \u2605 12","id":247648350,"id_str":"247648350","indices":[7,17]}],"urls":[]},"source":"\u003ca href=\"http:\/\/twitter.com\/download\/iphone\" rel=\"nofollow\"\u003eTwitter for iPhone\u003c\/a\u003e","in_reply_to_status_id":819455310322659328,"in_reply_to_status_id_str":"819455310322659328","in_reply_to_user_id":2991038383,"in_reply_to_user_id_str":"2991038383","in_reply_to_screen_name":"4_vcz","user":{"id":708616073235603457,"id_str":"708616073235603457","name":"\u0633\u0639\u062f | Alhilali #54","screen_name":"i8fox","location":"","description":"Best Player : Nawaf Alabid 24 \ud83e\udd19\ud83c\udffe","url":null,"entities":{"description":{"urls":[]}},"protected":false,"followers_count":45,"friends_count":269,"listed_count":0,"created_at":"Sat Mar 12 11:30:12 +0000 2016","favourites_count":76,"utc_offset":null,"time_zone":null,"geo_enabled":false,"verified":false,"statuses_count":6628,"lang":"en","contributors_enabled":false,"is_translator":false,"is_translation_enabled":false,"profile_background_color":"F5F8FA","profile_background_image_url":null,"profile_background_image_url_https":null,"profile_background_tile":false,"profile_image_url":"http:\/\/pbs.twimg.com\/profile_images\/807281569232785411\/R20zg9Se_normal.jpg","profile_image_url_https":"https:\/\/pbs.twimg.com\/profile_images\/807281569232785411\/R20zg9Se_normal.jpg","profile_banner_url":"https:\/\/pbs.twimg.com\/profile_banners\/708616073235603457\/1481377712","profile_link_color":"1DA1F2","profile_sidebar_border_color":"C0DEED","profile_sidebar_fill_color":"DDEEF6","profile_text_color":"333333","profile_use_background_image":true,"has_extended_profile":true,"default_profile":true,"default_profile_image":false,"following":false,"follow_request_sent":false,"notifications":false,"translator_type":"none"},"geo":null,"coordinates":null,"place":null,"contributors":null,"is_quote_status":false,"retweet_count":0,"favorite_count":0,"favorited":false,"retweeted":false,"lang":"ar"}
