{"created_at":"Thu Jan 12 08:13:03 +0000 2017","id":819457146374848512,"id_str":"819457146374848512","text":"12 am and I'm starving \ud83d\ude35","truncated":false,"entities":{"hashtags":[],"symbols":[],"user_mentions":[],"urls":[]},"source":"\u003ca href=\"http:\/\/twitter.com\/download\/iphone\" rel=\"nofollow\"\u003eTwitter for iPhone\u003c\/a\u003e","in_reply_to_status_id":null,"in_reply_to_status_id_str":null,"in_reply_to_user_id":null,"in_reply_to_user_id_str":null,"in_reply_to_screen_name":null,"user":{"id":940449362,"id_str":"940449362","name":"eliy","screen_name":"zixll_af","location":"","description":"One day at a time","url":null,"entities":{"description":{"urls":[]}},"protected":false,"followers_count":1923,"friends_count":1965,"listed_count":15,"created_at":"Sun Nov 11 03:13:20 +0000 2012","favourites_count":41329,"utc_offset":-28800,"time_zone":"Pacific Time (US & Canada)","geo_enabled":true,"verified":false,"statuses_count":39450,"lang":"en","contributors_enabled":false,"is_translator":false,"is_translation_enabled":false,"profile_background_color":"000000","profile_background_image_url":"http:\/\/pbs.twimg.com\/profile_background_images\/617204560235335680\/gDeIpWgq.png","profile_background_image_url_https":"https:\/\/pbs.twimg.com\/profile_background_images\/617204560235335680\/gDeIpWgq.png","profile_background_tile":true,"profile_image_url":"http:\/\/pbs.twimg.com\/profile_images\/811881692038213632\/y_KGruTS_normal.jpg","profile_image_url_https":"https:\/\/pbs.twimg.com\/profile_images\/811881692038213632\/y_KGruTS_normal.jpg","profile_banner_url":"https:\/\/pbs.twimg.com\/profile_banners\/940449362\/1483091366","profile_link_color":"981CEB","profile_sidebar_border_color":"FFFFFF","profile_sidebar_fill_color":"7AC3EE","profile_text_color":"3D1957","profile_use_background_image":true,"has_extended_profile":true,"default_profile":false,"default_profile_image":false,"following":false,"follow_request_sent":false,"notifications":false,"translator_type":"none"},"geo":null,"coordinates":null,"place":null,"contributors":null,"is_quote_status":false,"retweet_count":0,"favorite_count":0,"favorited":false,"retweeted":false,"lang":"en"}
