{"created_at":"Thu Jan 12 08:13:03 +0000 2017","id":819457146039533568,"id_str":"819457146039533568","text":"Alright, I'm out for the night #GoodNight #TeamEmmmmsie","truncated":false,"entities":{"hashtags":[{"text":"GoodNight","indices":[31,41]},{"text":"TeamEmmmmsie","indices":[42,55]}],"symbols":[],"user_mentions":[],"urls":[]},"source":"\u003ca href=\"http:\/\/twitter.com\" rel=\"nofollow\"\u003eTwitter Web Client\u003c\/a\u003e","in_reply_to_status_id":null,"in_reply_to_status_id_str":null,"in_reply_to_user_id":null,"in_reply_to_user_id_str":null,"in_reply_to_screen_name":null,"user":{"id":31345836,"id_str":"31345836","name":"Frederick Casden","screen_name":"FredCasden","location":"Camden, NJ","description":"YouTube: https:\/\/t.co\/XdjfvdSmD9\nTwitch: https:\/\/t.co\/P6qvJEOMOM\nPatreon: https:\/\/t.co\/Juui1BCucP\n#TeamEmmmmsie.","url":"https:\/\/t.co\/zjTnpkpo6R","entities":{"url":{"urls":[{"url":"https:\/\/t.co\/zjTnpkpo6R","expanded_url":"http:\/\/www.fredcasdensbasement.com","display_url":"fredcasdensbasement.com","indices":[0,23]}]},"description":{"urls":[{"url":"https:\/\/t.co\/XdjfvdSmD9","expanded_url":"http:\/\/youtube.com\/fredcasdensbasement428","display_url":"youtube.com\/fredcasdensbas\u2026","indices":[9,32]},{"url":"https:\/\/t.co\/P6qvJEOMOM","expanded_url":"http:\/\/twitch.tv\/fredcasden","display_url":"twitch.tv\/fredcasden","indices":[41,64]},{"url":"https:\/\/t.co\/Juui1BCucP","expanded_url":"http:\/\/patreon.com\/fredcasden","display_url":"patreon.com\/fredcasden","indices":[74,97]}]}},"protected":false,"followers_count":1124,"friends_count":1701,"listed_count":67,"created_at":"Wed Apr 15 05:05:06 +0000 2009","favourites_count":1985,"utc_offset":-18000,"time_zone":"Eastern Time (US & Canada)","geo_enabled":true,"verified":false,"statuses_count":29783,"lang":"en","contributors_enabled":false,"is_translator":false,"is_translation_enabled":false,"profile_background_color":"131516","profile_background_image_url":"http:\/\/pbs.twimg.com\/profile_background_images\/660702057825873920\/-t9Qjjqf.jpg","profile_background_image_url_https":"https:\/\/pbs.twimg.com\/profile_background_images\/660702057825873920\/-t9Qjjqf.jpg","profile_background_tile":false,"profile_image_url":"http:\/\/pbs.twimg.com\/profile_images\/819414252393992197\/Aqpl68fz_normal.jpg","profile_image_url_https":"https:\/\/pbs.twimg.com\/profile_images\/819414252393992197\/Aqpl68fz_normal.jpg","profile_banner_url":"https:\/\/pbs.twimg.com\/profile_banners\/31345836\/1467538189","profile_link_color":"ABB8C2","profile_sidebar_border_color":"000000","profile_sidebar_fill_color":"000000","profile_text_color":"000000","profile_use_background_image":true,"has_extended_profile":true,"default_profile":false,"default_profile_image":false,"following":false,"follow_request_sent":false,"notifications":false,"translator_type":"none"},"geo":null,"coordinates":null,"place":{"id":"65b4760a2b411e11","url":"https:\/\/api.twitter.com\/1.1\/geo\/id\/65b4760a2b411e11.json","place_type":"admin","name":"New Jersey","full_name":"New Jersey, USA","country_code":"US","country":"United States","contained_within":[],"bounding_box":{"type":"Polygon","coordinates":[[[-75.563587,38.788657],[-73.88506,38.788657],[-73.88506,41.357424],[-75.563587,41.357424]]]},"attributes":{}},"contributors":null,"is_quote_status":false,"retweet_count":2,"favorite_count":4,"favorited":false,"retweeted":false,"lang":"en"}
