{"created_at":"Thu Jan 12 08:13:02 +0000 2017","id":819457143007023104,"id_str":"819457143007023104","text":"Math: \"Math was always my bad subject. I couldn't convince my teachers that many of my answers were meant ironically.\" Calvin Trillin","truncated":false,"entities":{"hashtags":[],"symbols":[],"user_mentions":[],"urls":[]},"source":"\u003ca href=\"https:\/\/twitter.com\/replies4u\" rel=\"nofollow\"\u003ereplies4u\u003c\/a\u003e","in_reply_to_status_id":null,"in_reply_to_status_id_str":null,"in_reply_to_user_id":null,"in_reply_to_user_id_str":null,"in_reply_to_screen_name":null,"user":{"id":2849660410,"id_str":"2849660410","name":"replies4u","screen_name":"replies4u","location":"","description":"#Bot. Tweet me with a question ending with ? and see how I do. Quoting more or less hourly whilst I wait.","url":"https:\/\/t.co\/PSXF5n8DPv","entities":{"url":{"urls":[{"url":"https:\/\/t.co\/PSXF5n8DPv","expanded_url":"http:\/\/www.r4utools.co.uk","display_url":"r4utools.co.uk","indices":[0,23]}]},"description":{"urls":[]}},"protected":false,"followers_count":1825,"friends_count":1370,"listed_count":36,"created_at":"Wed Oct 29 11:17:54 +0000 2014","favourites_count":20,"utc_offset":3600,"time_zone":"Ljubljana","geo_enabled":false,"verified":false,"statuses_count":31160,"lang":"en","contributors_enabled":false,"is_translator":false,"is_translation_enabled":false,"profile_background_color":"C0DEED","profile_background_image_url":"http:\/\/pbs.twimg.com\/profile_background_images\/527420508472483841\/-Ao17oM_.jpeg","profile_background_image_url_https":"https:\/\/pbs.twimg.com\/profile_background_images\/527420508472483841\/-Ao17oM_.jpeg","profile_background_tile":true,"profile_image_url":"http:\/\/pbs.twimg.com\/profile_images\/782923730485936128\/Ya98q-W4_normal.jpg","profile_image_url_https":"https:\/\/pbs.twimg.com\/profile_images\/782923730485936128\/Ya98q-W4_normal.jpg","profile_banner_url":"https:\/\/pbs.twimg.com\/profile_banners\/2849660410\/1414581751","profile_link_color":"DD2E44","profile_sidebar_border_color":"FFFFFF","profile_sidebar_fill_color":"DDEEF6","profile_text_color":"333333","profile_use_background_image":true,"has_extended_profile":false,"default_profile":false,"default_profile_image":false,"following":false,"follow_request_sent":false,"notifications":false,"translator_type":"none"},"geo":null,"coordinates":null,"place":null,"contributors":null,"is_quote_status":false,"retweet_count":0,"favorite_count":0,"favorited":false,"retweeted":false,"lang":"en"}
