{"created_at":"Thu Jan 12 08:13:06 +0000 2017","id":819457158572081152,"id_str":"819457158572081152","text":"I have peace \nBecause He loves me \n#2017myyearofJESUS","truncated":false,"entities":{"hashtags":[{"text":"2017myyearofJESUS","indices":[35,53]}],"symbols":[],"user_mentions":[],"urls":[]},"source":"\u003ca href=\"http:\/\/twitter.com\/#!\/download\/ipad\" rel=\"nofollow\"\u003eTwitter for iPad\u003c\/a\u003e","in_reply_to_status_id":null,"in_reply_to_status_id_str":null,"in_reply_to_user_id":null,"in_reply_to_user_id_str":null,"in_reply_to_screen_name":null,"user":{"id":171697517,"id_str":"171697517","name":"Jodie Great","screen_name":"JodieGreat","location":"NG","description":"Bride of Christ!","url":"https:\/\/t.co\/CWqQaIccsS","entities":{"url":{"urls":[{"url":"https:\/\/t.co\/CWqQaIccsS","expanded_url":"http:\/\/www.jodie.com.ng","display_url":"jodie.com.ng","indices":[0,23]}]},"description":{"urls":[]}},"protected":false,"followers_count":4731,"friends_count":7,"listed_count":21,"created_at":"Tue Jul 27 23:33:00 +0000 2010","favourites_count":1130,"utc_offset":0,"time_zone":"London","geo_enabled":true,"verified":false,"statuses_count":3924,"lang":"en","contributors_enabled":false,"is_translator":false,"is_translation_enabled":false,"profile_background_color":"E678CC","profile_background_image_url":"http:\/\/pbs.twimg.com\/profile_background_images\/391613170\/jo2.jpg","profile_background_image_url_https":"https:\/\/pbs.twimg.com\/profile_background_images\/391613170\/jo2.jpg","profile_background_tile":true,"profile_image_url":"http:\/\/pbs.twimg.com\/profile_images\/764361346595061760\/nQkqS64z_normal.jpg","profile_image_url_https":"https:\/\/pbs.twimg.com\/profile_images\/764361346595061760\/nQkqS64z_normal.jpg","profile_banner_url":"https:\/\/pbs.twimg.com\/profile_banners\/171697517\/1484406472","profile_link_color":"AB0303","profile_sidebar_border_color":"000000","profile_sidebar_fill_color":"EB46BC","profile_text_color":"030303","profile_use_background_image":true,"has_extended_profile":true,"default_profile":false,"default_profile_image":false,"following":false,"follow_request_sent":false,"notifications":false,"translator_type":"none"},"geo":null,"coordinates":null,"place":null,"contributors":null,"is_quote_status":false,"retweet_count":0,"favorite_count":0,"favorited":false,"retweeted":false,"lang":"en"}
