{"created_at":"Thu Jan 12 08:13:03 +0000 2017","id":819457148379860993,"id_str":"819457148379860993","text":"Best words I've learned this morning: \u043f\u043e\u043b\u0435\u0437\u043d\u044b\u0439 \u0434\u0443\u0440\u0430\u043a \"polezni durak\"","truncated":false,"entities":{"hashtags":[],"symbols":[],"user_mentions":[],"urls":[]},"source":"\u003ca href=\"http:\/\/twitter.com\" rel=\"nofollow\"\u003eTwitter Web Client\u003c\/a\u003e","in_reply_to_status_id":null,"in_reply_to_status_id_str":null,"in_reply_to_user_id":null,"in_reply_to_user_id_str":null,"in_reply_to_screen_name":null,"user":{"id":278461681,"id_str":"278461681","name":"Michelle BailatJones","screen_name":"mbailatj","location":"Here","description":"Writer\/Translator. Novel FOG ISLAND MOUNTAINS (winner of Center for Fiction's Doheny Prize). Translations include Ramuz, Daudet, Cahun... Also @Necessaryfiction","url":"https:\/\/t.co\/XIkNALzIGl","entities":{"url":{"urls":[{"url":"https:\/\/t.co\/XIkNALzIGl","expanded_url":"http:\/\/www.michellebailatjones.com","display_url":"michellebailatjones.com","indices":[0,23]}]},"description":{"urls":[]}},"protected":false,"followers_count":1554,"friends_count":1338,"listed_count":79,"created_at":"Thu Apr 07 09:56:30 +0000 2011","favourites_count":2444,"utc_offset":3600,"time_zone":"Paris","geo_enabled":false,"verified":false,"statuses_count":8355,"lang":"en","contributors_enabled":false,"is_translator":false,"is_translation_enabled":false,"profile_background_color":"EBEBEB","profile_background_image_url":"http:\/\/abs.twimg.com\/images\/themes\/theme7\/bg.gif","profile_background_image_url_https":"https:\/\/abs.twimg.com\/images\/themes\/theme7\/bg.gif","profile_background_tile":false,"profile_image_url":"http:\/\/pbs.twimg.com\/profile_images\/803522729127346176\/gQ1EPEJe_normal.jpg","profile_image_url_https":"https:\/\/pbs.twimg.com\/profile_images\/803522729127346176\/gQ1EPEJe_normal.jpg","profile_banner_url":"https:\/\/pbs.twimg.com\/profile_banners\/278461681\/1480409688","profile_link_color":"990000","profile_sidebar_border_color":"DFDFDF","profile_sidebar_fill_color":"F3F3F3","profile_text_color":"333333","profile_use_background_image":true,"has_extended_profile":false,"default_profile":false,"default_profile_image":false,"following":false,"follow_request_sent":false,"notifications":false,"translator_type":"none"},"geo":null,"coordinates":null,"place":null,"contributors":null,"is_quote_status":false,"retweet_count":0,"favorite_count":1,"favorited":false,"retweeted":false,"lang":"cs"}
