{"created_at":"Thu Jan 12 08:13:04 +0000 2017","id":819457150959370241,"id_str":"819457150959370241","text":"Ya la re stalke\u00e9 \ud83d\ude05","truncated":false,"entities":{"hashtags":[],"symbols":[],"user_mentions":[],"urls":[]},"source":"\u003ca href=\"http:\/\/twitter.com\/download\/android\" rel=\"nofollow\"\u003eTwitter for Android\u003c\/a\u003e","in_reply_to_status_id":null,"in_reply_to_status_id_str":null,"in_reply_to_user_id":null,"in_reply_to_user_id_str":null,"in_reply_to_screen_name":null,"user":{"id":183760631,"id_str":"183760631","name":"I'm The Darkness \u00b0\u03c0\u00b0","screen_name":"nachinsaapbeee","location":"Tu Puta Madre :D","description":"Sin amigos, s\u00f3lo hermanos\/as. \/ Amante de la comedia y de sacar sonrisas. Da igual que se r\u00edan de mi o conmigo, mi objetivo en la vida es que los dem\u00e1s sonr\u00edan.","url":"https:\/\/t.co\/QVHaUtfKqb","entities":{"url":{"urls":[{"url":"https:\/\/t.co\/QVHaUtfKqb","expanded_url":"http:\/\/LeePuto.org.ia.com\/xDD","display_url":"LeePuto.org.ia.com\/xDD","indices":[0,23]}]},"description":{"urls":[]}},"protected":false,"followers_count":79,"friends_count":31,"listed_count":9,"created_at":"Fri Aug 27 20:50:37 +0000 2010","favourites_count":0,"utc_offset":-10800,"time_zone":"Buenos Aires","geo_enabled":true,"verified":false,"statuses_count":16943,"lang":"es","contributors_enabled":false,"is_translator":false,"is_translation_enabled":false,"profile_background_color":"00000A","profile_background_image_url":"http:\/\/pbs.twimg.com\/profile_background_images\/607768002600300544\/eQyRBhjC.jpg","profile_background_image_url_https":"https:\/\/pbs.twimg.com\/profile_background_images\/607768002600300544\/eQyRBhjC.jpg","profile_background_tile":false,"profile_image_url":"http:\/\/pbs.twimg.com\/profile_images\/814397381865275393\/SQulbk98_normal.jpg","profile_image_url_https":"https:\/\/pbs.twimg.com\/profile_images\/814397381865275393\/SQulbk98_normal.jpg","profile_banner_url":"https:\/\/pbs.twimg.com\/profile_banners\/183760631\/1481811386","profile_link_color":"30600A","profile_sidebar_border_color":"000000","profile_sidebar_fill_color":"DDEEF6","profile_text_color":"333333","profile_use_background_image":true,"has_extended_profile":false,"default_profile":false,"default_profile_image":false,"following":false,"follow_request_sent":false,"notifications":false,"translator_type":"none"},"geo":null,"coordinates":null,"place":null,"contributors":null,"is_quote_status":false,"retweet_count":0,"favorite_count":0,"favorited":false,"retweeted":false,"lang":"es"}
