{"created_at":"Thu Jan 12 08:13:03 +0000 2017","id":819457148610482178,"id_str":"819457148610482178","text":"#\uc2a4\ud3ec\uce20\ud1a0\ud1a0\n#\uc2a4\ud3ec\uce20\ud1a0\ud1a0\ucd94\ucc9c\n#\ub77c\uc774\ube0c\ud1a0\ud1a0\n\n\ub9e4\ucda9\ubcf4\ub108\uc2a4 \ub2e8\ud3f4\ubb34\uc81c\ud55c \n\n\u25a5\n\u25a5\n\u25a5\n\u25a5\n\n\u264f\u2652\u203c[ 1 2 B W I N . C O M ]\u2650\u2196\u2638\n\n\u25a5\n\u25a5\n\u25a5\n\u25a5\n\n\u21aa\ub77c\uc774\ube0c\uc2a4\ucf54\uc5b4\u21aa\n\u262f\uc640\uc774\uc988\ud1a0\ud1a0\u262f\n\u2194\uc548\uc804\ub180\uc774\ud130\u2194","truncated":false,"entities":{"hashtags":[{"text":"\uc2a4\ud3ec\uce20\ud1a0\ud1a0","indices":[0,6]},{"text":"\uc2a4\ud3ec\uce20\ud1a0\ud1a0\ucd94\ucc9c","indices":[7,15]},{"text":"\ub77c\uc774\ube0c\ud1a0\ud1a0","indices":[16,22]}],"symbols":[],"user_mentions":[],"urls":[]},"source":"\u003ca href=\"http:\/\/twittbot.net\/\" rel=\"nofollow\"\u003etwittbot.net\u003c\/a\u003e","in_reply_to_status_id":null,"in_reply_to_status_id_str":null,"in_reply_to_user_id":null,"in_reply_to_user_id_str":null,"in_reply_to_screen_name":null,"user":{"id":734490870557335553,"id_str":"734490870557335553","name":"\ucd9c\uae08\ube60\ub978 \ud574\uc678\ubc30\ud305 \uc77c\uc774\ubc43","screen_name":"jyboo4898","location":"","description":"#\uc2a4\ud3ec\uce20\ubc30\ud305 [https:\/\/t.co\/EiJy8lwROe]  #\ubc30\ud305\uc0ac\uc774\ud2b8 #\uc2a4\ud3ec\uce20\ud1a0\ud1a0 #\ud1a0\ud1a0\uc0ac\uc774\ud2b8 #\ud1a0\ud1a0\uc0ac\uc774\ud2b8\ucd94\ucc9c #\uc2e4\uc2dc\uac04\ubc30\ud305 #\uc778\ud130\ub137\ud1a0\ud1a0 #\uc2a4\ud3ec\uce20\ubca0\ud305 #\uc778\ud130\ub137\ubc14\uce74\ub77c\uc0ac\uc774\ud2b8 #\ud574\uc678\ud1a0\ud1a0  #\uc628\ub77c\uc778\ud1a0\ud1a0 #\uc778\ud130\ub137\ud1a0\ud1a0 #\ubaa8\ubc14\uc77c\ubc30\ud305","url":"https:\/\/t.co\/oufm1syBDs","entities":{"url":{"urls":[{"url":"https:\/\/t.co\/oufm1syBDs","expanded_url":"http:\/\/www.12bwin.com","display_url":"12bwin.com","indices":[0,23]}]},"description":{"urls":[{"url":"https:\/\/t.co\/EiJy8lwROe","expanded_url":"http:\/\/12bwin.com","display_url":"12bwin.com","indices":[8,31]}]}},"protected":false,"followers_count":21,"friends_count":38,"listed_count":1,"created_at":"Sun May 22 21:07:24 +0000 2016","favourites_count":21,"utc_offset":null,"time_zone":null,"geo_enabled":false,"verified":false,"statuses_count":9002,"lang":"ko","contributors_enabled":false,"is_translator":false,"is_translation_enabled":false,"profile_background_color":"F5F8FA","profile_background_image_url":null,"profile_background_image_url_https":null,"profile_background_tile":false,"profile_image_url":"http:\/\/pbs.twimg.com\/profile_images\/734491735708061696\/LIxe1FO7_normal.jpg","profile_image_url_https":"https:\/\/pbs.twimg.com\/profile_images\/734491735708061696\/LIxe1FO7_normal.jpg","profile_link_color":"1DA1F2","profile_sidebar_border_color":"C0DEED","profile_sidebar_fill_color":"DDEEF6","profile_text_color":"333333","profile_use_background_image":true,"has_extended_profile":false,"default_profile":true,"default_profile_image":false,"following":false,"follow_request_sent":false,"notifications":false,"translator_type":"none"},"geo":null,"coordinates":null,"place":null,"contributors":null,"is_quote_status":false,"retweet_count":0,"favorite_count":0,"favorited":false,"retweeted":false,"lang":"ko"}
