{"created_at":"Thu Jan 12 08:13:02 +0000 2017","id":819457142386212865,"id_str":"819457142386212865","text":"How's college so far? Are you having enough fun? Ar... \u2014 College has been amazing! My grades are on point, I... https:\/\/t.co\/kwj2J1tuuN","truncated":false,"entities":{"hashtags":[],"symbols":[],"user_mentions":[],"urls":[{"url":"https:\/\/t.co\/kwj2J1tuuN","expanded_url":"https:\/\/curiouscat.me\/1371277813\/post\/76209095?t=1484208782","display_url":"curiouscat.me\/1371277813\/pos\u2026","indices":[112,135]}]},"source":"\u003ca href=\"http:\/\/curiouscat.me\" rel=\"nofollow\"\u003eCurious Cat\u003c\/a\u003e","in_reply_to_status_id":null,"in_reply_to_status_id_str":null,"in_reply_to_user_id":null,"in_reply_to_user_id_str":null,"in_reply_to_screen_name":null,"user":{"id":1371277813,"id_str":"1371277813","name":"Cristian Villase\u00f1or","screen_name":"cristianav23","location":"Dallas, TX","description":"|TAMU 20| Fish Co 20 \ud83d\udc1f","url":null,"entities":{"description":{"urls":[]}},"protected":false,"followers_count":262,"friends_count":182,"listed_count":0,"created_at":"Mon Apr 22 04:37:55 +0000 2013","favourites_count":3348,"utc_offset":-18000,"time_zone":"Eastern Time (US & Canada)","geo_enabled":false,"verified":false,"statuses_count":12800,"lang":"en","contributors_enabled":false,"is_translator":false,"is_translation_enabled":false,"profile_background_color":"C0DEED","profile_background_image_url":"http:\/\/abs.twimg.com\/images\/themes\/theme1\/bg.png","profile_background_image_url_https":"https:\/\/abs.twimg.com\/images\/themes\/theme1\/bg.png","profile_background_tile":false,"profile_image_url":"http:\/\/pbs.twimg.com\/profile_images\/795437743568486400\/3Jd2w6SH_normal.jpg","profile_image_url_https":"https:\/\/pbs.twimg.com\/profile_images\/795437743568486400\/3Jd2w6SH_normal.jpg","profile_banner_url":"https:\/\/pbs.twimg.com\/profile_banners\/1371277813\/1475559310","profile_link_color":"1DA1F2","profile_sidebar_border_color":"C0DEED","profile_sidebar_fill_color":"DDEEF6","profile_text_color":"333333","profile_use_background_image":true,"has_extended_profile":true,"default_profile":true,"default_profile_image":false,"following":false,"follow_request_sent":false,"notifications":false,"translator_type":"none"},"geo":null,"coordinates":null,"place":null,"contributors":null,"is_quote_status":false,"retweet_count":0,"favorite_count":0,"favorited":false,"retweeted":false,"possibly_sensitive":false,"possibly_sensitive_appealable":false,"lang":"en"}
