{"created_at":"Thu Jan 12 08:13:05 +0000 2017","id":819457155145355264,"id_str":"819457155145355264","text":"my man makes me so happy that i could cryyyyyy\ud83d\ude2d\ud83d\udc98","truncated":false,"entities":{"hashtags":[],"symbols":[],"user_mentions":[],"urls":[]},"source":"\u003ca href=\"http:\/\/twitter.com\/download\/iphone\" rel=\"nofollow\"\u003eTwitter for iPhone\u003c\/a\u003e","in_reply_to_status_id":null,"in_reply_to_status_id_str":null,"in_reply_to_user_id":null,"in_reply_to_user_id_str":null,"in_reply_to_screen_name":null,"user":{"id":2427135600,"id_str":"2427135600","name":"tania","screen_name":"tanialanay_","location":"Buffalo, NY","description":"snapchat: tanaynay98","url":null,"entities":{"description":{"urls":[]}},"protected":false,"followers_count":809,"friends_count":594,"listed_count":13,"created_at":"Fri Apr 04 11:39:08 +0000 2014","favourites_count":5115,"utc_offset":-18000,"time_zone":"Eastern Time (US & Canada)","geo_enabled":true,"verified":false,"statuses_count":32545,"lang":"en","contributors_enabled":false,"is_translator":false,"is_translation_enabled":false,"profile_background_color":"C0DEED","profile_background_image_url":"http:\/\/abs.twimg.com\/images\/themes\/theme1\/bg.png","profile_background_image_url_https":"https:\/\/abs.twimg.com\/images\/themes\/theme1\/bg.png","profile_background_tile":false,"profile_image_url":"http:\/\/pbs.twimg.com\/profile_images\/816506834504847360\/ILOqn0tw_normal.jpg","profile_image_url_https":"https:\/\/pbs.twimg.com\/profile_images\/816506834504847360\/ILOqn0tw_normal.jpg","profile_banner_url":"https:\/\/pbs.twimg.com\/profile_banners\/2427135600\/1480949967","profile_link_color":"1DA1F2","profile_sidebar_border_color":"C0DEED","profile_sidebar_fill_color":"DDEEF6","profile_text_color":"333333","profile_use_background_image":true,"has_extended_profile":true,"default_profile":true,"default_profile_image":false,"following":false,"follow_request_sent":false,"notifications":false,"translator_type":"none"},"geo":null,"coordinates":null,"place":null,"contributors":null,"is_quote_status":false,"retweet_count":0,"favorite_count":0,"favorited":false,"retweeted":false,"lang":"en"}
