{"created_at":"Thu Jan 12 08:13:06 +0000 2017","id":819457160795029504,"id_str":"819457160795029504","text":"Follower - 1, Unfollower - 1. I didn't know it'd be this simple. Get your weekly stats via https:\/\/t.co\/dyjEOADvKV.","truncated":false,"entities":{"hashtags":[],"symbols":[],"user_mentions":[],"urls":[{"url":"https:\/\/t.co\/dyjEOADvKV","expanded_url":"http:\/\/www.crowdfireapp.com\/?r=tw","display_url":"crowdfireapp.com\/?r=tw","indices":[91,114]}]},"source":"\u003ca href=\"http:\/\/www.crowdfireapp.com\" rel=\"nofollow\"\u003eCrowdfire App\u003c\/a\u003e","in_reply_to_status_id":null,"in_reply_to_status_id_str":null,"in_reply_to_user_id":null,"in_reply_to_user_id_str":null,"in_reply_to_screen_name":null,"user":{"id":630435909,"id_str":"630435909","name":"stephen Javier","screen_name":"stephenralp08","location":"dubai","description":"","url":"http:\/\/t.co\/SnfSDa4Cfk","entities":{"url":{"urls":[{"url":"http:\/\/t.co\/SnfSDa4Cfk","expanded_url":"http:\/\/www.youtube.com\/user\/stephenralp","display_url":"youtube.com\/user\/stephenra\u2026","indices":[0,22]}]},"description":{"urls":[]}},"protected":false,"followers_count":134,"friends_count":481,"listed_count":2,"created_at":"Sun Jul 08 16:55:20 +0000 2012","favourites_count":160,"utc_offset":14400,"time_zone":"Abu Dhabi","geo_enabled":false,"verified":false,"statuses_count":470,"lang":"en","contributors_enabled":false,"is_translator":false,"is_translation_enabled":false,"profile_background_color":"C0DEED","profile_background_image_url":"http:\/\/pbs.twimg.com\/profile_background_images\/478911341030154240\/xm1o764l.jpeg","profile_background_image_url_https":"https:\/\/pbs.twimg.com\/profile_background_images\/478911341030154240\/xm1o764l.jpeg","profile_background_tile":false,"profile_image_url":"http:\/\/pbs.twimg.com\/profile_images\/689853415334268928\/Z28JwZ_Y_normal.jpg","profile_image_url_https":"https:\/\/pbs.twimg.com\/profile_images\/689853415334268928\/Z28JwZ_Y_normal.jpg","profile_banner_url":"https:\/\/pbs.twimg.com\/profile_banners\/630435909\/1436215730","profile_link_color":"38091A","profile_sidebar_border_color":"000000","profile_sidebar_fill_color":"DDEEF6","profile_text_color":"333333","profile_use_background_image":true,"has_extended_profile":false,"default_profile":false,"default_profile_image":false,"following":false,"follow_request_sent":false,"notifications":false,"translator_type":"none"},"geo":null,"coordinates":null,"place":null,"contributors":null,"is_quote_status":false,"retweet_count":0,"favorite_count":0,"favorited":false,"retweeted":false,"possibly_sensitive":false,"possibly_sensitive_appealable":false,"lang":"en"}
