{"created_at":"Thu Jan 12 08:13:03 +0000 2017","id":819457146207277056,"id_str":"819457146207277056","text":"Even I don\u2019t think any bollywood actor will get biggest opening if he makes a come back after 9 years","truncated":false,"entities":{"hashtags":[],"symbols":[],"user_mentions":[],"urls":[]},"source":"\u003ca href=\"http:\/\/twitter.com\/download\/android\" rel=\"nofollow\"\u003eTwitter for Android\u003c\/a\u003e","in_reply_to_status_id":null,"in_reply_to_status_id_str":null,"in_reply_to_user_id":null,"in_reply_to_user_id_str":null,"in_reply_to_screen_name":null,"user":{"id":2912835120,"id_str":"2912835120","name":"Ram Charan","screen_name":"UppiTweets","location":"","description":"My enemy is my strength","url":"https:\/\/t.co\/10w9N0H2eP","entities":{"url":{"urls":[{"url":"https:\/\/t.co\/10w9N0H2eP","expanded_url":"http:\/\/upendar16.blogspot.com","display_url":"upendar16.blogspot.com","indices":[0,23]}]},"description":{"urls":[]}},"protected":false,"followers_count":3486,"friends_count":278,"listed_count":19,"created_at":"Fri Nov 28 15:19:16 +0000 2014","favourites_count":65,"utc_offset":-28800,"time_zone":"Pacific Time (US & Canada)","geo_enabled":true,"verified":false,"statuses_count":13765,"lang":"en","contributors_enabled":false,"is_translator":false,"is_translation_enabled":false,"profile_background_color":"C0DEED","profile_background_image_url":"http:\/\/abs.twimg.com\/images\/themes\/theme1\/bg.png","profile_background_image_url_https":"https:\/\/abs.twimg.com\/images\/themes\/theme1\/bg.png","profile_background_tile":false,"profile_image_url":"http:\/\/pbs.twimg.com\/profile_images\/805595644152811520\/vUC65Vhf_normal.jpg","profile_image_url_https":"https:\/\/pbs.twimg.com\/profile_images\/805595644152811520\/vUC65Vhf_normal.jpg","profile_banner_url":"https:\/\/pbs.twimg.com\/profile_banners\/2912835120\/1480903944","profile_link_color":"1DA1F2","profile_sidebar_border_color":"C0DEED","profile_sidebar_fill_color":"DDEEF6","profile_text_color":"333333","profile_use_background_image":true,"has_extended_profile":true,"default_profile":true,"default_profile_image":false,"following":false,"follow_request_sent":false,"notifications":false,"translator_type":"none"},"geo":null,"coordinates":null,"place":null,"contributors":null,"is_quote_status":false,"retweet_count":7,"favorite_count":8,"favorited":false,"retweeted":false,"lang":"en"}
