{"created_at":"Thu Jan 12 08:13:04 +0000 2017","id":819457150581735424,"id_str":"819457150581735424","text":"MGR:\u0e40\u0e1b\u0e34\u0e14\u0e15\u0e25\u0e32\u0e14\u0e20\u0e32\u0e04\u0e1a\u0e48\u0e32\u0e22\u0e2b\u0e38\u0e49\u0e19\u0e1a\u0e27\u0e01 1.44 \u0e08\u0e38\u0e14 \u0e21\u0e39\u0e25\u0e04\u0e48\u0e32\u0e0b\u0e37\u0e49\u0e2d\u0e02\u0e32\u0e22 24,262.52 \u00a0\u0e25\u0e49\u0e32\u0e19\u0e1a\u0e32\u0e17 https:\/\/t.co\/jf1Fned6Oo","truncated":false,"entities":{"hashtags":[],"symbols":[],"user_mentions":[],"urls":[{"url":"https:\/\/t.co\/jf1Fned6Oo","expanded_url":"http:\/\/dlvr.it\/N5L59l","display_url":"dlvr.it\/N5L59l","indices":[69,92]}]},"source":"\u003ca href=\"https:\/\/dlvrit.com\/\" rel=\"nofollow\"\u003edlvr.it\u003c\/a\u003e","in_reply_to_status_id":null,"in_reply_to_status_id_str":null,"in_reply_to_user_id":null,"in_reply_to_user_id_str":null,"in_reply_to_screen_name":null,"user":{"id":192984227,"id_str":"192984227","name":"i88888888","screen_name":"i88888888","location":"Thailand","description":"","url":null,"entities":{"description":{"urls":[]}},"protected":false,"followers_count":718,"friends_count":0,"listed_count":30,"created_at":"Mon Sep 20 17:46:06 +0000 2010","favourites_count":0,"utc_offset":25200,"time_zone":"Bangkok","geo_enabled":false,"verified":false,"statuses_count":867839,"lang":"en","contributors_enabled":false,"is_translator":false,"is_translation_enabled":false,"profile_background_color":"C0DEED","profile_background_image_url":"http:\/\/abs.twimg.com\/images\/themes\/theme1\/bg.png","profile_background_image_url_https":"https:\/\/abs.twimg.com\/images\/themes\/theme1\/bg.png","profile_background_tile":false,"profile_image_url":"http:\/\/pbs.twimg.com\/profile_images\/1131367809\/3172298847_e7d4160fd7_normal.jpg","profile_image_url_https":"https:\/\/pbs.twimg.com\/profile_images\/1131367809\/3172298847_e7d4160fd7_normal.jpg","profile_link_color":"1DA1F2","profile_sidebar_border_color":"C0DEED","profile_sidebar_fill_color":"DDEEF6","profile_text_color":"333333","profile_use_background_image":true,"has_extended_profile":false,"default_profile":true,"default_profile_image":false,"following":false,"follow_request_sent":false,"notifications":false,"translator_type":"none"},"geo":null,"coordinates":null,"place":null,"contributors":null,"is_quote_status":false,"retweet_count":0,"favorite_count":0,"favorited":false,"retweeted":false,"possibly_sensitive":false,"possibly_sensitive_appealable":false,"lang":"th"}
