{"created_at":"Thu Jan 12 08:13:05 +0000 2017","id":819457158404149250,"id_str":"819457158404149250","text":"\uc5b4\uc11c\uc635\uc1fc https:\/\/t.co\/e6Ymgo3Xh1","truncated":false,"entities":{"hashtags":[],"symbols":[],"user_mentions":[],"urls":[],"media":[{"id":819457149378052098,"id_str":"819457149378052098","indices":[5,28],"media_url":"http:\/\/pbs.twimg.com\/media\/C19L74lVQAIqyKY.jpg","media_url_https":"https:\/\/pbs.twimg.com\/media\/C19L74lVQAIqyKY.jpg","url":"https:\/\/t.co\/e6Ymgo3Xh1","display_url":"pic.twitter.com\/e6Ymgo3Xh1","expanded_url":"https:\/\/twitter.com\/i7_JJiN\/status\/819457158404149250\/photo\/1","type":"photo","sizes":{"thumb":{"w":150,"h":150,"resize":"crop"},"large":{"w":403,"h":458,"resize":"fit"},"small":{"w":403,"h":458,"resize":"fit"},"medium":{"w":403,"h":458,"resize":"fit"}}}]},"extended_entities":{"media":[{"id":819457149378052098,"id_str":"819457149378052098","indices":[5,28],"media_url":"http:\/\/pbs.twimg.com\/media\/C19L74lVQAIqyKY.jpg","media_url_https":"https:\/\/pbs.twimg.com\/media\/C19L74lVQAIqyKY.jpg","url":"https:\/\/t.co\/e6Ymgo3Xh1","display_url":"pic.twitter.com\/e6Ymgo3Xh1","expanded_url":"https:\/\/twitter.com\/i7_JJiN\/status\/819457158404149250\/photo\/1","type":"photo","sizes":{"thumb":{"w":150,"h":150,"resize":"crop"},"large":{"w":403,"h":458,"resize":"fit"},"small":{"w":403,"h":458,"resize":"fit"},"medium":{"w":403,"h":458,"resize":"fit"}}},{"id":819457149382193153,"id_str":"819457149382193153","indices":[5,28],"media_url":"http:\/\/pbs.twimg.com\/media\/C19L74mUcAETV9P.jpg","media_url_https":"https:\/\/pbs.twimg.com\/media\/C19L74mUcAETV9P.jpg","url":"https:\/\/t.co\/e6Ymgo3Xh1","display_url":"pic.twitter.com\/e6Ymgo3Xh1","expanded_url":"https:\/\/twitter.com\/i7_JJiN\/status\/819457158404149250\/photo\/1","type":"photo","sizes":{"large":{"w":750,"h":1003,"resize":"fit"},"medium":{"w":750,"h":1003,"resize":"fit"},"thumb":{"w":150,"h":150,"resize":"crop"},"small":{"w":508,"h":680,"resize":"fit"}}}]},"source":"\u003ca href=\"http:\/\/twitter.com\/download\/iphone\" rel=\"nofollow\"\u003eTwitter for iPhone\u003c\/a\u003e","in_reply_to_status_id":null,"in_reply_to_status_id_str":null,"in_reply_to_user_id":null,"in_reply_to_user_id_str":null,"in_reply_to_screen_name":null,"user":{"id":728152106876567552,"id_str":"728152106876567552","name":"\\\uc6b0\ub9ac \ub8e8\uc774 \ud558\uace0\uc2f6\uc740\uac70 \ub2e4 \ud574\/\ucc10\ud83c\udf38","screen_name":"i7_JJiN","location":"\uc18c-\uca29 \ub4a4\uaf41\ubb34\ub2c8","description":"20\u2191| \u30a2\u30a4\u30ca\u30ca(\u58ee\u4e94\u63a8\u3057\ud83c\udf31\ud83d\udc9c\ud83d\udc99MEZZO\"\ud83d\udc99\ud83d\udc9c) | \u84bc\u4e95\u7fd4\u592a\u2764\ufe0f | \u30ad\u30f3\u30d7\u30ea\ud83c\udf08\u2728(\u30eb\u30f0\u63a8\u3057) | \u30d0\u30f3\u3084\u308d(Fairy 4pril\ud83d\udc9a\u8475\u967d\u63a8\u3057) | \uc7a1\ub355 \ub300\uc794\uce58 | \uc77c\uc0c1\ud2b8, \uc544\ubb34\ub9d0 | \u65e5\u672c\u8a9e(\u5c11\u3057ok) | FUB FREE","url":null,"entities":{"description":{"urls":[]}},"protected":false,"followers_count":99,"friends_count":187,"listed_count":1,"created_at":"Thu May 05 09:19:25 +0000 2016","favourites_count":5002,"utc_offset":-28800,"time_zone":"Pacific Time (US & Canada)","geo_enabled":false,"verified":false,"statuses_count":36748,"lang":"ko","contributors_enabled":false,"is_translator":false,"is_translation_enabled":false,"profile_background_color":"000000","profile_background_image_url":"http:\/\/abs.twimg.com\/images\/themes\/theme1\/bg.png","profile_background_image_url_https":"https:\/\/abs.twimg.com\/images\/themes\/theme1\/bg.png","profile_background_tile":false,"profile_image_url":"http:\/\/pbs.twimg.com\/profile_images\/819844756968615936\/_e0BTOCJ_normal.jpg","profile_image_url_https":"https:\/\/pbs.twimg.com\/profile_images\/819844756968615936\/_e0BTOCJ_normal.jpg","profile_banner_url":"https:\/\/pbs.twimg.com\/profile_banners\/728152106876567552\/1483562521","profile_link_color":"9370DB","profile_sidebar_border_color":"000000","profile_sidebar_fill_color":"000000","profile_text_color":"000000","profile_use_background_image":false,"has_extended_profile":true,"default_profile":false,"default_profile_image":false,"following":false,"follow_request_sent":false,"notifications":false,"translator_type":"none"},"geo":null,"coordinates":null,"place":null,"contributors":null,"is_quote_status":false,"retweet_count":0,"favorite_count":0,"favorited":false,"retweeted":false,"possibly_sensitive":false,"possibly_sensitive_appealable":false,"lang":"ko"}
