{"created_at":"Thu Jan 12 08:13:03 +0000 2017","id":819457147176095744,"id_str":"819457147176095744","text":"Really glad I forced myself out of bed today only to find my train is delayed by 30 minutes and I could have stayed in bed #ohgood","truncated":false,"entities":{"hashtags":[{"text":"ohgood","indices":[123,130]}],"symbols":[],"user_mentions":[],"urls":[]},"source":"\u003ca href=\"http:\/\/twitter.com\/download\/iphone\" rel=\"nofollow\"\u003eTwitter for iPhone\u003c\/a\u003e","in_reply_to_status_id":null,"in_reply_to_status_id_str":null,"in_reply_to_user_id":null,"in_reply_to_user_id_str":null,"in_reply_to_screen_name":null,"user":{"id":882055914,"id_str":"882055914","name":"Kat","screen_name":"Talesofpaleface","location":"London","description":"Blogger. Lover of all things beauty related, Fleetwood Mac & gin. My heart belongs to New York. Contact: talesofapaleface@gmail.com","url":"https:\/\/t.co\/ttnVgX2fw9","entities":{"url":{"urls":[{"url":"https:\/\/t.co\/ttnVgX2fw9","expanded_url":"http:\/\/www.talesofapaleface.com\/","display_url":"talesofapaleface.com","indices":[0,23]}]},"description":{"urls":[]}},"protected":false,"followers_count":10703,"friends_count":1747,"listed_count":144,"created_at":"Mon Oct 15 10:43:36 +0000 2012","favourites_count":15466,"utc_offset":null,"time_zone":null,"geo_enabled":true,"verified":false,"statuses_count":45199,"lang":"en","contributors_enabled":false,"is_translator":false,"is_translation_enabled":false,"profile_background_color":"709397","profile_background_image_url":"http:\/\/abs.twimg.com\/images\/themes\/theme6\/bg.gif","profile_background_image_url_https":"https:\/\/abs.twimg.com\/images\/themes\/theme6\/bg.gif","profile_background_tile":false,"profile_image_url":"http:\/\/pbs.twimg.com\/profile_images\/711676557564252160\/ME23ibyP_normal.jpg","profile_image_url_https":"https:\/\/pbs.twimg.com\/profile_images\/711676557564252160\/ME23ibyP_normal.jpg","profile_banner_url":"https:\/\/pbs.twimg.com\/profile_banners\/882055914\/1451924573","profile_link_color":"E675B1","profile_sidebar_border_color":"FFFFFF","profile_sidebar_fill_color":"A0C5C7","profile_text_color":"333333","profile_use_background_image":true,"has_extended_profile":false,"default_profile":false,"default_profile_image":false,"following":false,"follow_request_sent":false,"notifications":false,"translator_type":"none"},"geo":null,"coordinates":null,"place":null,"contributors":null,"is_quote_status":false,"retweet_count":0,"favorite_count":6,"favorited":false,"retweeted":false,"lang":"en"}
