{"created_at":"Thu Jan 12 08:13:06 +0000 2017","id":819457159469690882,"id_str":"819457159469690882","text":"sleeping on 'em, girl I'm sleepy","truncated":false,"entities":{"hashtags":[],"symbols":[],"user_mentions":[],"urls":[]},"source":"\u003ca href=\"http:\/\/twitter.com\/download\/android\" rel=\"nofollow\"\u003eTwitter for Android\u003c\/a\u003e","in_reply_to_status_id":null,"in_reply_to_status_id_str":null,"in_reply_to_user_id":null,"in_reply_to_user_id_str":null,"in_reply_to_screen_name":null,"user":{"id":85661756,"id_str":"85661756","name":"S P R I N K L E","screen_name":"_likeTrinaaaaaa","location":"minding mine.","description":"","url":null,"entities":{"description":{"urls":[]}},"protected":false,"followers_count":642,"friends_count":397,"listed_count":0,"created_at":"Tue Oct 27 21:02:26 +0000 2009","favourites_count":1,"utc_offset":-25200,"time_zone":"Mountain Time (US & Canada)","geo_enabled":true,"verified":false,"statuses_count":36821,"lang":"en","contributors_enabled":false,"is_translator":false,"is_translation_enabled":false,"profile_background_color":"642D8B","profile_background_image_url":"http:\/\/pbs.twimg.com\/profile_background_images\/584979952\/0bwwm3b27p35z5ibxzb0.jpeg","profile_background_image_url_https":"https:\/\/pbs.twimg.com\/profile_background_images\/584979952\/0bwwm3b27p35z5ibxzb0.jpeg","profile_background_tile":true,"profile_image_url":"http:\/\/pbs.twimg.com\/profile_images\/819506806858858496\/ECoUqcty_normal.jpg","profile_image_url_https":"https:\/\/pbs.twimg.com\/profile_images\/819506806858858496\/ECoUqcty_normal.jpg","profile_banner_url":"https:\/\/pbs.twimg.com\/profile_banners\/85661756\/1458153712","profile_link_color":"FF0000","profile_sidebar_border_color":"65B0DA","profile_sidebar_fill_color":"7AC3EE","profile_text_color":"3D1957","profile_use_background_image":true,"has_extended_profile":false,"default_profile":false,"default_profile_image":false,"following":false,"follow_request_sent":false,"notifications":false,"translator_type":"none"},"geo":null,"coordinates":null,"place":null,"contributors":null,"is_quote_status":false,"retweet_count":0,"favorite_count":0,"favorited":false,"retweeted":false,"lang":"en"}
