{"created_at":"Thu Jan 12 08:13:04 +0000 2017","id":819457151173296129,"id_str":"819457151173296129","text":"@fredrickmusemb6 they should grow up-or are they \"too before Matiang'i\" if you know what I mean!!!!!","truncated":false,"entities":{"hashtags":[],"symbols":[],"user_mentions":[{"screen_name":"fredrickmusemb6","name":"smithie","id":2895392173,"id_str":"2895392173","indices":[0,16]}],"urls":[]},"source":"\u003ca href=\"http:\/\/twitter.com\/download\/android\" rel=\"nofollow\"\u003eTwitter for Android\u003c\/a\u003e","in_reply_to_status_id":819452692020023296,"in_reply_to_status_id_str":"819452692020023296","in_reply_to_user_id":2895392173,"in_reply_to_user_id_str":"2895392173","in_reply_to_screen_name":"fredrickmusemb6","user":{"id":347152300,"id_str":"347152300","name":"waweru henry","screen_name":"WaweruHenry","location":"Nairobi","description":"African,Christian,Seeker,Conservative,believer in  small government,life can be tough but also interesting!","url":null,"entities":{"description":{"urls":[]}},"protected":false,"followers_count":100,"friends_count":257,"listed_count":0,"created_at":"Tue Aug 02 10:46:03 +0000 2011","favourites_count":1836,"utc_offset":10800,"time_zone":"Nairobi","geo_enabled":false,"verified":false,"statuses_count":1495,"lang":"en","contributors_enabled":false,"is_translator":false,"is_translation_enabled":false,"profile_background_color":"022330","profile_background_image_url":"http:\/\/abs.twimg.com\/images\/themes\/theme15\/bg.png","profile_background_image_url_https":"https:\/\/abs.twimg.com\/images\/themes\/theme15\/bg.png","profile_background_tile":false,"profile_image_url":"http:\/\/pbs.twimg.com\/profile_images\/512592907207847936\/HcpNghOd_normal.jpeg","profile_image_url_https":"https:\/\/pbs.twimg.com\/profile_images\/512592907207847936\/HcpNghOd_normal.jpeg","profile_banner_url":"https:\/\/pbs.twimg.com\/profile_banners\/347152300\/1402575545","profile_link_color":"0084B4","profile_sidebar_border_color":"A8C7F7","profile_sidebar_fill_color":"C0DFEC","profile_text_color":"333333","profile_use_background_image":true,"has_extended_profile":true,"default_profile":false,"default_profile_image":false,"following":false,"follow_request_sent":false,"notifications":false,"translator_type":"none"},"geo":null,"coordinates":null,"place":null,"contributors":null,"is_quote_status":false,"retweet_count":0,"favorite_count":0,"favorited":false,"retweeted":false,"lang":"en"}
