{"created_at":"Thu Jan 12 08:13:04 +0000 2017","id":819457151529783296,"id_str":"819457151529783296","text":"I am the Future.... \u2014 listening to Young Thug","truncated":false,"entities":{"hashtags":[],"symbols":[],"user_mentions":[],"urls":[]},"source":"\u003ca href=\"http:\/\/www.facebook.com\/twitter\" rel=\"nofollow\"\u003eFacebook\u003c\/a\u003e","in_reply_to_status_id":null,"in_reply_to_status_id_str":null,"in_reply_to_user_id":null,"in_reply_to_user_id_str":null,"in_reply_to_screen_name":null,"user":{"id":1715627744,"id_str":"1715627744","name":"Pst Karim Tapiw Subl","screen_name":"PstKarimTSubeli","location":"","description":"preacher,teacher of the word,lawyer,generous and loving and loves computers. FULL OF THE SPIRIT OF GOD AND EMPOWERED FOR GREATNESS.GLORYYYY","url":null,"entities":{"description":{"urls":[]}},"protected":false,"followers_count":12,"friends_count":86,"listed_count":1,"created_at":"Sat Aug 31 12:53:28 +0000 2013","favourites_count":15,"utc_offset":null,"time_zone":null,"geo_enabled":false,"verified":false,"statuses_count":376,"lang":"en","contributors_enabled":false,"is_translator":false,"is_translation_enabled":false,"profile_background_color":"C0DEED","profile_background_image_url":"http:\/\/abs.twimg.com\/images\/themes\/theme1\/bg.png","profile_background_image_url_https":"https:\/\/abs.twimg.com\/images\/themes\/theme1\/bg.png","profile_background_tile":false,"profile_image_url":"http:\/\/pbs.twimg.com\/profile_images\/378800000389937070\/25c5bc396d0dd49013b1185192fe4537_normal.jpeg","profile_image_url_https":"https:\/\/pbs.twimg.com\/profile_images\/378800000389937070\/25c5bc396d0dd49013b1185192fe4537_normal.jpeg","profile_link_color":"1DA1F2","profile_sidebar_border_color":"C0DEED","profile_sidebar_fill_color":"DDEEF6","profile_text_color":"333333","profile_use_background_image":true,"has_extended_profile":false,"default_profile":true,"default_profile_image":false,"following":false,"follow_request_sent":false,"notifications":false,"translator_type":"none"},"geo":null,"coordinates":null,"place":null,"contributors":null,"is_quote_status":false,"retweet_count":0,"favorite_count":0,"favorited":false,"retweeted":false,"lang":"en"}
