{"created_at":"Thu Jan 12 08:13:03 +0000 2017","id":819457146551156736,"id_str":"819457146551156736","text":"@TrevorBravo ayt... Uya e Klippe or PTA I need something there by you in Klippe?","truncated":false,"entities":{"hashtags":[],"symbols":[],"user_mentions":[{"screen_name":"TrevorBravo","name":"Mandl Trev Tjhabangu","id":372239346,"id_str":"372239346","indices":[0,12]}],"urls":[]},"source":"\u003ca href=\"http:\/\/twitter.com\/download\/android\" rel=\"nofollow\"\u003eTwitter for Android\u003c\/a\u003e","in_reply_to_status_id":819456537626378241,"in_reply_to_status_id_str":"819456537626378241","in_reply_to_user_id":372239346,"in_reply_to_user_id_str":"372239346","in_reply_to_screen_name":"TrevorBravo","user":{"id":146744181,"id_str":"146744181","name":"Uli Mahlangu","screen_name":"IamPleasure","location":"Midrand, South Africa","description":"Spread love. Techie, wine lover, music fanatic, movie buff. #Java #Unix #Nerd. pmahlangu@gmail.com","url":null,"entities":{"description":{"urls":[]}},"protected":false,"followers_count":2586,"friends_count":1303,"listed_count":22,"created_at":"Sat May 22 06:36:34 +0000 2010","favourites_count":2586,"utc_offset":7200,"time_zone":"Pretoria","geo_enabled":true,"verified":false,"statuses_count":53495,"lang":"en","contributors_enabled":false,"is_translator":false,"is_translation_enabled":false,"profile_background_color":"1558BD","profile_background_image_url":"http:\/\/pbs.twimg.com\/profile_background_images\/630510983\/l5dis9kguywy055bl2x8.jpeg","profile_background_image_url_https":"https:\/\/pbs.twimg.com\/profile_background_images\/630510983\/l5dis9kguywy055bl2x8.jpeg","profile_background_tile":true,"profile_image_url":"http:\/\/pbs.twimg.com\/profile_images\/813520687696662528\/fIDYxezn_normal.jpg","profile_image_url_https":"https:\/\/pbs.twimg.com\/profile_images\/813520687696662528\/fIDYxezn_normal.jpg","profile_banner_url":"https:\/\/pbs.twimg.com\/profile_banners\/146744181\/1484012692","profile_link_color":"244EA3","profile_sidebar_border_color":"86A4A6","profile_sidebar_fill_color":"A0C5C7","profile_text_color":"333333","profile_use_background_image":true,"has_extended_profile":true,"default_profile":false,"default_profile_image":false,"following":false,"follow_request_sent":false,"notifications":false,"translator_type":"none"},"geo":null,"coordinates":null,"place":null,"contributors":null,"is_quote_status":false,"retweet_count":0,"favorite_count":0,"favorited":false,"retweeted":false,"lang":"en"}
