{"created_at":"Thu Jan 12 08:13:04 +0000 2017","id":819457154121924613,"id_str":"819457154121924613","text":"@thinspoisbeauty that's so lovely of you but\ud83d\ude14 I wish","truncated":false,"entities":{"hashtags":[],"symbols":[],"user_mentions":[{"screen_name":"thinspoisbeauty","name":"thin \u2661","id":817969568589058050,"id_str":"817969568589058050","indices":[0,16]}],"urls":[]},"source":"\u003ca href=\"http:\/\/twitter.com\/download\/iphone\" rel=\"nofollow\"\u003eTwitter for iPhone\u003c\/a\u003e","in_reply_to_status_id":819375291806208000,"in_reply_to_status_id_str":"819375291806208000","in_reply_to_user_id":817969568589058050,"in_reply_to_user_id_str":"817969568589058050","in_reply_to_screen_name":"thinspoisbeauty","user":{"id":790339655401078785,"id_str":"790339655401078785","name":"craving skinny","screen_name":"skvnnyflower","location":"","description":"**TRIGGER WARNING** too fat to function \/ avi isn't me (sadly)\ud83d\ude14","url":null,"entities":{"description":{"urls":[]}},"protected":false,"followers_count":114,"friends_count":288,"listed_count":1,"created_at":"Sun Oct 23 23:50:32 +0000 2016","favourites_count":16,"utc_offset":null,"time_zone":null,"geo_enabled":false,"verified":false,"statuses_count":166,"lang":"en","contributors_enabled":false,"is_translator":false,"is_translation_enabled":false,"profile_background_color":"F5F8FA","profile_background_image_url":null,"profile_background_image_url_https":null,"profile_background_tile":false,"profile_image_url":"http:\/\/pbs.twimg.com\/profile_images\/819340255291670528\/R7vsx71h_normal.jpg","profile_image_url_https":"https:\/\/pbs.twimg.com\/profile_images\/819340255291670528\/R7vsx71h_normal.jpg","profile_link_color":"1DA1F2","profile_sidebar_border_color":"C0DEED","profile_sidebar_fill_color":"DDEEF6","profile_text_color":"333333","profile_use_background_image":true,"has_extended_profile":false,"default_profile":true,"default_profile_image":false,"following":false,"follow_request_sent":false,"notifications":false,"translator_type":"none"},"geo":null,"coordinates":null,"place":null,"contributors":null,"is_quote_status":false,"retweet_count":0,"favorite_count":1,"favorited":false,"retweeted":false,"lang":"en"}
