{"created_at":"Thu Jan 12 08:13:02 +0000 2017","id":819457142415572992,"id_str":"819457142415572992","text":"\u0623\u0639\u062c\u0628\u0646\u064a \u0641\u064a\u062f\u064a\u0648 @YouTube \u0639\u0644\u0649 https:\/\/t.co\/DmBGKPh22q \u0627\u0646\u0635\u062f\u0645\u062a \u0627\u0644\u0633\u064a\u0627\u0631\u0629 \u0628\u0639\u062f \u0627\u0644\u0631\u0634 :( !! \u0648\u0637\u0631\u064a\u0642\u0629 \u0631\u0634","truncated":false,"entities":{"hashtags":[],"symbols":[],"user_mentions":[{"screen_name":"YouTube","name":"YouTube","id":10228272,"id_str":"10228272","indices":[13,21]}],"urls":[{"url":"https:\/\/t.co\/DmBGKPh22q","expanded_url":"http:\/\/youtu.be\/qHd_V4nxAjs?a","display_url":"youtu.be\/qHd_V4nxAjs?a","indices":[26,49]}]},"source":"\u003ca href=\"http:\/\/www.google.com\/\" rel=\"nofollow\"\u003eGoogle\u003c\/a\u003e","in_reply_to_status_id":null,"in_reply_to_status_id_str":null,"in_reply_to_user_id":null,"in_reply_to_user_id_str":null,"in_reply_to_screen_name":null,"user":{"id":732011659,"id_str":"732011659","name":"alfaisal...","screen_name":"i_Feeu","location":"","description":"","url":"https:\/\/t.co\/LdQW7vqgrI","entities":{"url":{"urls":[{"url":"https:\/\/t.co\/LdQW7vqgrI","expanded_url":"http:\/\/instagram.com\/i_feeu","display_url":"instagram.com\/i_feeu","indices":[0,23]}]},"description":{"urls":[]}},"protected":false,"followers_count":12299,"friends_count":13860,"listed_count":4,"created_at":"Thu Aug 02 02:56:11 +0000 2012","favourites_count":183,"utc_offset":10800,"time_zone":"Baghdad","geo_enabled":false,"verified":false,"statuses_count":14049,"lang":"ar","contributors_enabled":false,"is_translator":false,"is_translation_enabled":false,"profile_background_color":"2A2A2A","profile_background_image_url":"http:\/\/pbs.twimg.com\/profile_background_images\/828156814\/68b9e0705f70f092e4cb24f882956e09.png","profile_background_image_url_https":"https:\/\/pbs.twimg.com\/profile_background_images\/828156814\/68b9e0705f70f092e4cb24f882956e09.png","profile_background_tile":true,"profile_image_url":"http:\/\/pbs.twimg.com\/profile_images\/803712098693943296\/RqBYYguK_normal.jpg","profile_image_url_https":"https:\/\/pbs.twimg.com\/profile_images\/803712098693943296\/RqBYYguK_normal.jpg","profile_banner_url":"https:\/\/pbs.twimg.com\/profile_banners\/732011659\/1442591541","profile_link_color":"FF0000","profile_sidebar_border_color":"000000","profile_sidebar_fill_color":"EFEFEF","profile_text_color":"333333","profile_use_background_image":true,"has_extended_profile":false,"default_profile":false,"default_profile_image":false,"following":false,"follow_request_sent":false,"notifications":false,"translator_type":"none"},"geo":null,"coordinates":null,"place":null,"contributors":null,"is_quote_status":false,"retweet_count":0,"favorite_count":0,"favorited":false,"retweeted":false,"possibly_sensitive":false,"possibly_sensitive_appealable":false,"lang":"ar"}
