{"created_at":"Thu Jan 12 08:13:03 +0000 2017","id":819457147897544704,"id_str":"819457147897544704","text":"@gary302 bizarre.... I'm still struggling on the titles and CL bit.","truncated":false,"entities":{"hashtags":[],"symbols":[],"user_mentions":[{"screen_name":"gary302","name":"Gary Thompson","id":290651654,"id_str":"290651654","indices":[0,8]}],"urls":[]},"source":"\u003ca href=\"http:\/\/twitter.com\/download\/android\" rel=\"nofollow\"\u003eTwitter for Android\u003c\/a\u003e","in_reply_to_status_id":819269142490546176,"in_reply_to_status_id_str":"819269142490546176","in_reply_to_user_id":290651654,"in_reply_to_user_id_str":"290651654","in_reply_to_screen_name":"gary302","user":{"id":1679227562,"id_str":"1679227562","name":"DJF","screen_name":"daveyfield","location":"Trafford, Manchester","description":"MUFC","url":null,"entities":{"description":{"urls":[]}},"protected":false,"followers_count":212,"friends_count":282,"listed_count":12,"created_at":"Sat Aug 17 21:54:45 +0000 2013","favourites_count":4186,"utc_offset":null,"time_zone":null,"geo_enabled":true,"verified":false,"statuses_count":6202,"lang":"en","contributors_enabled":false,"is_translator":false,"is_translation_enabled":false,"profile_background_color":"C0DEED","profile_background_image_url":"http:\/\/abs.twimg.com\/images\/themes\/theme1\/bg.png","profile_background_image_url_https":"https:\/\/abs.twimg.com\/images\/themes\/theme1\/bg.png","profile_background_tile":false,"profile_image_url":"http:\/\/pbs.twimg.com\/profile_images\/466331891017449472\/dlQc379e_normal.jpeg","profile_image_url_https":"https:\/\/pbs.twimg.com\/profile_images\/466331891017449472\/dlQc379e_normal.jpeg","profile_banner_url":"https:\/\/pbs.twimg.com\/profile_banners\/1679227562\/1376855674","profile_link_color":"1DA1F2","profile_sidebar_border_color":"C0DEED","profile_sidebar_fill_color":"DDEEF6","profile_text_color":"333333","profile_use_background_image":true,"has_extended_profile":false,"default_profile":true,"default_profile_image":false,"following":false,"follow_request_sent":false,"notifications":false,"translator_type":"none"},"geo":null,"coordinates":null,"place":null,"contributors":null,"is_quote_status":false,"retweet_count":0,"favorite_count":0,"favorited":false,"retweeted":false,"lang":"en"}
