{"created_at":"Thu Jan 12 08:13:02 +0000 2017","id":819457142306508800,"id_str":"819457142306508800","text":"Many years ago I made a post saying that the NHS will be deliberately underfunded and run into the ground until... https:\/\/t.co\/bbfFDGKwkz","truncated":false,"entities":{"hashtags":[],"symbols":[],"user_mentions":[],"urls":[{"url":"https:\/\/t.co\/bbfFDGKwkz","expanded_url":"http:\/\/fb.me\/87niKIgNz","display_url":"fb.me\/87niKIgNz","indices":[115,138]}]},"source":"\u003ca href=\"http:\/\/www.facebook.com\/twitter\" rel=\"nofollow\"\u003eFacebook\u003c\/a\u003e","in_reply_to_status_id":null,"in_reply_to_status_id_str":null,"in_reply_to_user_id":null,"in_reply_to_user_id_str":null,"in_reply_to_screen_name":null,"user":{"id":2807001759,"id_str":"2807001759","name":"CloakedTruth","screen_name":"CloakedTruth","location":"City of London, London","description":"Media company based in the UK bringing you the latest news from around the globe. We bring you news the mainstream media try to hide.","url":"https:\/\/t.co\/y1RiJ8jtns","entities":{"url":{"urls":[{"url":"https:\/\/t.co\/y1RiJ8jtns","expanded_url":"http:\/\/www.cloakedtruth.com","display_url":"cloakedtruth.com","indices":[0,23]}]},"description":{"urls":[]}},"protected":false,"followers_count":209,"friends_count":29,"listed_count":8,"created_at":"Sun Oct 05 07:58:34 +0000 2014","favourites_count":338,"utc_offset":-28800,"time_zone":"Pacific Time (US & Canada)","geo_enabled":false,"verified":false,"statuses_count":6432,"lang":"en","contributors_enabled":false,"is_translator":false,"is_translation_enabled":false,"profile_background_color":"000000","profile_background_image_url":"http:\/\/abs.twimg.com\/images\/themes\/theme1\/bg.png","profile_background_image_url_https":"https:\/\/abs.twimg.com\/images\/themes\/theme1\/bg.png","profile_background_tile":false,"profile_image_url":"http:\/\/pbs.twimg.com\/profile_images\/518673357848330240\/PJus0A6T_normal.png","profile_image_url_https":"https:\/\/pbs.twimg.com\/profile_images\/518673357848330240\/PJus0A6T_normal.png","profile_banner_url":"https:\/\/pbs.twimg.com\/profile_banners\/2807001759\/1412496084","profile_link_color":"D13030","profile_sidebar_border_color":"000000","profile_sidebar_fill_color":"000000","profile_text_color":"000000","profile_use_background_image":false,"has_extended_profile":false,"default_profile":false,"default_profile_image":false,"following":false,"follow_request_sent":false,"notifications":false,"translator_type":"none"},"geo":null,"coordinates":null,"place":null,"contributors":null,"is_quote_status":false,"retweet_count":0,"favorite_count":0,"favorited":false,"retweeted":false,"possibly_sensitive":false,"possibly_sensitive_appealable":false,"lang":"en"}
