{"created_at":"Thu Jan 12 08:13:01 +0000 2017","id":819457140150718465,"id_str":"819457140150718465","text":"@Gidimeister @zerohedge I don't really think we like tourists' money.","truncated":false,"entities":{"hashtags":[],"symbols":[],"user_mentions":[{"screen_name":"Gidimeister","name":"J Toyo","id":240710031,"id_str":"240710031","indices":[0,12]},{"screen_name":"zerohedge","name":"zerohedge","id":18856867,"id_str":"18856867","indices":[13,23]}],"urls":[]},"source":"\u003ca href=\"http:\/\/twitter.com\/download\/iphone\" rel=\"nofollow\"\u003eTwitter for iPhone\u003c\/a\u003e","in_reply_to_status_id":819455029388177408,"in_reply_to_status_id_str":"819455029388177408","in_reply_to_user_id":240710031,"in_reply_to_user_id_str":"240710031","in_reply_to_screen_name":"Gidimeister","user":{"id":35793755,"id_str":"35793755","name":"OG","screen_name":"oged07","location":"United Kingdom","description":"Embracing that tail risk.","url":"https:\/\/t.co\/5sZC33qoYB","entities":{"url":{"urls":[{"url":"https:\/\/t.co\/5sZC33qoYB","expanded_url":"https:\/\/medium.com\/@oged07","display_url":"medium.com\/@oged07","indices":[0,23]}]},"description":{"urls":[]}},"protected":false,"followers_count":1178,"friends_count":1129,"listed_count":46,"created_at":"Mon Apr 27 17:00:57 +0000 2009","favourites_count":2068,"utc_offset":-21600,"time_zone":"Mexico City","geo_enabled":true,"verified":false,"statuses_count":78450,"lang":"en","contributors_enabled":false,"is_translator":false,"is_translation_enabled":false,"profile_background_color":"EDECE9","profile_background_image_url":"http:\/\/abs.twimg.com\/images\/themes\/theme3\/bg.gif","profile_background_image_url_https":"https:\/\/abs.twimg.com\/images\/themes\/theme3\/bg.gif","profile_background_tile":false,"profile_image_url":"http:\/\/pbs.twimg.com\/profile_images\/820149387485736960\/ZsHWtB2y_normal.jpg","profile_image_url_https":"https:\/\/pbs.twimg.com\/profile_images\/820149387485736960\/ZsHWtB2y_normal.jpg","profile_banner_url":"https:\/\/pbs.twimg.com\/profile_banners\/35793755\/1482682063","profile_link_color":"088253","profile_sidebar_border_color":"D3D2CF","profile_sidebar_fill_color":"E3E2DE","profile_text_color":"634047","profile_use_background_image":true,"has_extended_profile":false,"default_profile":false,"default_profile_image":false,"following":false,"follow_request_sent":false,"notifications":false,"translator_type":"none"},"geo":null,"coordinates":null,"place":null,"contributors":null,"is_quote_status":false,"retweet_count":0,"favorite_count":0,"favorited":false,"retweeted":false,"lang":"en"}
