{"created_at":"Thu Jan 12 08:13:06 +0000 2017","id":819457161721880576,"id_str":"819457161721880576","text":"I\u2019m the 9789th person in the entire world to beat the Dragon pack in WordBrain! #WordBrain #words","truncated":false,"entities":{"hashtags":[{"text":"WordBrain","indices":[80,90]},{"text":"words","indices":[91,97]}],"symbols":[],"user_mentions":[],"urls":[]},"source":"\u003ca href=\"http:\/\/www.apple.com\" rel=\"nofollow\"\u003eiOS\u003c\/a\u003e","in_reply_to_status_id":null,"in_reply_to_status_id_str":null,"in_reply_to_user_id":null,"in_reply_to_user_id_str":null,"in_reply_to_screen_name":null,"user":{"id":313858144,"id_str":"313858144","name":"\ud83d\udc37","screen_name":"Garlikot","location":"worldwide","description":"I feel the BERN","url":null,"entities":{"description":{"urls":[]}},"protected":false,"followers_count":92,"friends_count":445,"listed_count":10,"created_at":"Thu Jun 09 10:01:30 +0000 2011","favourites_count":1517,"utc_offset":-32400,"time_zone":"Alaska","geo_enabled":false,"verified":false,"statuses_count":10451,"lang":"en","contributors_enabled":false,"is_translator":false,"is_translation_enabled":false,"profile_background_color":"C0DEED","profile_background_image_url":"http:\/\/abs.twimg.com\/images\/themes\/theme1\/bg.png","profile_background_image_url_https":"https:\/\/abs.twimg.com\/images\/themes\/theme1\/bg.png","profile_background_tile":false,"profile_image_url":"http:\/\/pbs.twimg.com\/profile_images\/799541191511592960\/yglCCM7k_normal.jpg","profile_image_url_https":"https:\/\/pbs.twimg.com\/profile_images\/799541191511592960\/yglCCM7k_normal.jpg","profile_banner_url":"https:\/\/pbs.twimg.com\/profile_banners\/313858144\/1446076717","profile_link_color":"1DA1F2","profile_sidebar_border_color":"C0DEED","profile_sidebar_fill_color":"DDEEF6","profile_text_color":"333333","profile_use_background_image":true,"has_extended_profile":true,"default_profile":true,"default_profile_image":false,"following":false,"follow_request_sent":false,"notifications":false,"translator_type":"none"},"geo":null,"coordinates":null,"place":null,"contributors":null,"is_quote_status":false,"retweet_count":0,"favorite_count":0,"favorited":false,"retweeted":false,"lang":"en"}
