{"created_at":"Thu Jan 12 08:13:06 +0000 2017","id":819457160623124480,"id_str":"819457160623124480","text":"I'm at \u5510\u6728\u7530\u99c5 in \u591a\u6469\u5e02, \u6771\u4eac\u90fd https:\/\/t.co\/tTJ0tA51nW","truncated":false,"entities":{"hashtags":[],"symbols":[],"user_mentions":[],"urls":[{"url":"https:\/\/t.co\/tTJ0tA51nW","expanded_url":"https:\/\/www.swarmapp.com\/c\/87k8aGoDYp7","display_url":"swarmapp.com\/c\/87k8aGoDYp7","indices":[24,47]}]},"source":"\u003ca href=\"http:\/\/foursquare.com\" rel=\"nofollow\"\u003eFoursquare\u003c\/a\u003e","in_reply_to_status_id":null,"in_reply_to_status_id_str":null,"in_reply_to_user_id":null,"in_reply_to_user_id_str":null,"in_reply_to_screen_name":null,"user":{"id":15206901,"id_str":"15206901","name":"\uff34\uff21\uff2b\uff21\uff0e","screen_name":"taka_eclipse","location":"\u304a\u9152\u306e\u5302\u3044\u306e\u3059\u308b\u3068\u3053\u308d","description":"\u307f\u3093\u306a\u3067\u5e78\u305b\u306b\u306a\u308d\u3046\u3088\u3002","url":"https:\/\/t.co\/sC6idS6rcM","entities":{"url":{"urls":[{"url":"https:\/\/t.co\/sC6idS6rcM","expanded_url":"http:\/\/about.me\/taka_eclipse","display_url":"about.me\/taka_eclipse","indices":[0,23]}]},"description":{"urls":[]}},"protected":false,"followers_count":967,"friends_count":1341,"listed_count":70,"created_at":"Mon Jun 23 13:27:51 +0000 2008","favourites_count":218,"utc_offset":32400,"time_zone":"Tokyo","geo_enabled":true,"verified":false,"statuses_count":110671,"lang":"ja","contributors_enabled":false,"is_translator":false,"is_translation_enabled":false,"profile_background_color":"000000","profile_background_image_url":"http:\/\/pbs.twimg.com\/profile_background_images\/450978359372034048\/X6LK_x_Y.jpeg","profile_background_image_url_https":"https:\/\/pbs.twimg.com\/profile_background_images\/450978359372034048\/X6LK_x_Y.jpeg","profile_background_tile":false,"profile_image_url":"http:\/\/pbs.twimg.com\/profile_images\/715828240301101056\/UpqiqeIR_normal.jpg","profile_image_url_https":"https:\/\/pbs.twimg.com\/profile_images\/715828240301101056\/UpqiqeIR_normal.jpg","profile_banner_url":"https:\/\/pbs.twimg.com\/profile_banners\/15206901\/1396356535","profile_link_color":"086BC5","profile_sidebar_border_color":"FFFFFF","profile_sidebar_fill_color":"BFCCF6","profile_text_color":"000000","profile_use_background_image":true,"has_extended_profile":false,"default_profile":false,"default_profile_image":false,"following":false,"follow_request_sent":false,"notifications":false,"translator_type":"none"},"geo":{"type":"Point","coordinates":[35.61627915,139.41144330]},"coordinates":{"type":"Point","coordinates":[139.41144330,35.61627915]},"place":{"id":"5daa72ccdd68afee","url":"https:\/\/api.twitter.com\/1.1\/geo\/id\/5daa72ccdd68afee.json","place_type":"city","name":"\u591a\u6469\u5e02","full_name":"\u6771\u4eac \u591a\u6469\u5e02","country_code":"JP","country":"\u65e5\u672c","contained_within":[],"bounding_box":{"type":"Polygon","coordinates":[[[139.394033,35.605278],[139.474014,35.605278],[139.474014,35.658337],[139.394033,35.658337]]]},"attributes":{}},"contributors":null,"is_quote_status":false,"retweet_count":0,"favorite_count":0,"favorited":false,"retweeted":false,"possibly_sensitive":false,"possibly_sensitive_appealable":false,"lang":"ja"}
