{"created_at":"Thu Jan 12 08:13:02 +0000 2017","id":819457145481506816,"id_str":"819457145481506816","text":"I AM PISSED OFF!! \n\nnew video: https:\/\/t.co\/GR1Wiv8UGy https:\/\/t.co\/0PzvAUntH8","truncated":false,"entities":{"hashtags":[],"symbols":[],"user_mentions":[],"urls":[{"url":"https:\/\/t.co\/GR1Wiv8UGy","expanded_url":"https:\/\/www.youtube.com\/watch?v=kM1MLEGEf8M","display_url":"youtube.com\/watch?v=kM1MLE\u2026","indices":[31,54]}],"media":[{"id":819457137764024320,"id_str":"819457137764024320","indices":[55,78],"media_url":"http:\/\/pbs.twimg.com\/media\/C19L7NUVQAAUlVy.jpg","media_url_https":"https:\/\/pbs.twimg.com\/media\/C19L7NUVQAAUlVy.jpg","url":"https:\/\/t.co\/0PzvAUntH8","display_url":"pic.twitter.com\/0PzvAUntH8","expanded_url":"https:\/\/twitter.com\/Shienne_Rebrik\/status\/819457145481506816\/photo\/1","type":"photo","sizes":{"large":{"w":608,"h":342,"resize":"fit"},"thumb":{"w":150,"h":150,"resize":"crop"},"small":{"w":608,"h":342,"resize":"fit"},"medium":{"w":608,"h":342,"resize":"fit"}}}]},"extended_entities":{"media":[{"id":819457137764024320,"id_str":"819457137764024320","indices":[55,78],"media_url":"http:\/\/pbs.twimg.com\/media\/C19L7NUVQAAUlVy.jpg","media_url_https":"https:\/\/pbs.twimg.com\/media\/C19L7NUVQAAUlVy.jpg","url":"https:\/\/t.co\/0PzvAUntH8","display_url":"pic.twitter.com\/0PzvAUntH8","expanded_url":"https:\/\/twitter.com\/Shienne_Rebrik\/status\/819457145481506816\/photo\/1","type":"photo","sizes":{"large":{"w":608,"h":342,"resize":"fit"},"thumb":{"w":150,"h":150,"resize":"crop"},"small":{"w":608,"h":342,"resize":"fit"},"medium":{"w":608,"h":342,"resize":"fit"}}}]},"source":"\u003ca href=\"http:\/\/twitter.com\/download\/iphone\" rel=\"nofollow\"\u003eTwitter for iPhone\u003c\/a\u003e","in_reply_to_status_id":null,"in_reply_to_status_id_str":null,"in_reply_to_user_id":null,"in_reply_to_user_id_str":null,"in_reply_to_screen_name":null,"user":{"id":1577595481,"id_str":"1577595481","name":"Shienne \ud83c\udf97","screen_name":"Shienne_Rebrik","location":"New South Wales, Australia","description":"I have a Youtube Channel, I'm 17 & I'm bad so yeah..... SUBSCRIBE","url":"https:\/\/t.co\/lZEyQPt5X8","entities":{"url":{"urls":[{"url":"https:\/\/t.co\/lZEyQPt5X8","expanded_url":"http:\/\/youtube.com\/ItsShienne","display_url":"youtube.com\/ItsShienne","indices":[0,23]}]},"description":{"urls":[]}},"protected":false,"followers_count":283,"friends_count":612,"listed_count":3,"created_at":"Mon Jul 08 12:32:11 +0000 2013","favourites_count":5959,"utc_offset":39600,"time_zone":"New Caledonia","geo_enabled":true,"verified":false,"statuses_count":6888,"lang":"en","contributors_enabled":false,"is_translator":false,"is_translation_enabled":false,"profile_background_color":"C0DEED","profile_background_image_url":"http:\/\/abs.twimg.com\/images\/themes\/theme1\/bg.png","profile_background_image_url_https":"https:\/\/abs.twimg.com\/images\/themes\/theme1\/bg.png","profile_background_tile":false,"profile_image_url":"http:\/\/pbs.twimg.com\/profile_images\/817628901178413059\/Leyxj3fY_normal.jpg","profile_image_url_https":"https:\/\/pbs.twimg.com\/profile_images\/817628901178413059\/Leyxj3fY_normal.jpg","profile_banner_url":"https:\/\/pbs.twimg.com\/profile_banners\/1577595481\/1482491423","profile_link_color":"1DA1F2","profile_sidebar_border_color":"C0DEED","profile_sidebar_fill_color":"DDEEF6","profile_text_color":"333333","profile_use_background_image":true,"has_extended_profile":true,"default_profile":true,"default_profile_image":false,"following":false,"follow_request_sent":false,"notifications":false,"translator_type":"none"},"geo":null,"coordinates":null,"place":{"id":"01cc83b303f0c068","url":"https:\/\/api.twitter.com\/1.1\/geo\/id\/01cc83b303f0c068.json","place_type":"city","name":"Newcastle","full_name":"Newcastle, New South Wales","country_code":"AU","country":"Australia","contained_within":[],"bounding_box":{"type":"Polygon","coordinates":[[[151.555001504,-33.120457027],[151.824398944,-33.120457027],[151.824398944,-32.8328690325],[151.555001504,-32.8328690325]]]},"attributes":{}},"contributors":null,"is_quote_status":false,"retweet_count":0,"favorite_count":0,"favorited":false,"retweeted":false,"possibly_sensitive":false,"possibly_sensitive_appealable":false,"lang":"en"}
