{"created_at":"Thu Jan 12 08:13:01 +0000 2017","id":819457140700102656,"id_str":"819457140700102656","text":"I told my tongue for no one.","truncated":false,"entities":{"hashtags":[],"symbols":[],"user_mentions":[],"urls":[]},"source":"\u003ca href=\"http:\/\/twitter.com\/download\/iphone\" rel=\"nofollow\"\u003eTwitter for iPhone\u003c\/a\u003e","in_reply_to_status_id":null,"in_reply_to_status_id_str":null,"in_reply_to_user_id":null,"in_reply_to_user_id_str":null,"in_reply_to_screen_name":null,"user":{"id":3307910691,"id_str":"3307910691","name":"BarbieBoy","screen_name":"Thadditude","location":"Minneapolis, Minnesota","description":"I'M THADDEUS & I'M FABULOUS!","url":"https:\/\/t.co\/2hlUhU2ASW","entities":{"url":{"urls":[{"url":"https:\/\/t.co\/2hlUhU2ASW","expanded_url":"http:\/\/Instagram.com\/Barbie.Boy","display_url":"Instagram.com\/Barbie.Boy","indices":[0,23]}]},"description":{"urls":[]}},"protected":false,"followers_count":884,"friends_count":2651,"listed_count":3,"created_at":"Thu Jun 04 08:31:55 +0000 2015","favourites_count":9,"utc_offset":null,"time_zone":null,"geo_enabled":true,"verified":false,"statuses_count":185,"lang":"en","contributors_enabled":false,"is_translator":false,"is_translation_enabled":false,"profile_background_color":"000000","profile_background_image_url":"http:\/\/abs.twimg.com\/images\/themes\/theme1\/bg.png","profile_background_image_url_https":"https:\/\/abs.twimg.com\/images\/themes\/theme1\/bg.png","profile_background_tile":false,"profile_image_url":"http:\/\/pbs.twimg.com\/profile_images\/819726363095662592\/zGDmIWf__normal.jpg","profile_image_url_https":"https:\/\/pbs.twimg.com\/profile_images\/819726363095662592\/zGDmIWf__normal.jpg","profile_banner_url":"https:\/\/pbs.twimg.com\/profile_banners\/3307910691\/1475040421","profile_link_color":"F58EA8","profile_sidebar_border_color":"000000","profile_sidebar_fill_color":"000000","profile_text_color":"000000","profile_use_background_image":false,"has_extended_profile":false,"default_profile":false,"default_profile_image":false,"following":false,"follow_request_sent":false,"notifications":false,"translator_type":"none"},"geo":null,"coordinates":null,"place":null,"contributors":null,"is_quote_status":false,"retweet_count":0,"favorite_count":1,"favorited":false,"retweeted":false,"lang":"en"}
