{"created_at":"Thu Jan 12 08:13:03 +0000 2017","id":819457146039500801,"id_str":"819457146039500801","text":"And when I did I jokingly said to the  teacher \"I deserve a pat on my shoulder\"  best part is that he actually came over and did it.","truncated":false,"entities":{"hashtags":[],"symbols":[],"user_mentions":[],"urls":[]},"source":"\u003ca href=\"http:\/\/twitter.com\/download\/android\" rel=\"nofollow\"\u003eTwitter for Android\u003c\/a\u003e","in_reply_to_status_id":819456545012453376,"in_reply_to_status_id_str":"819456545012453376","in_reply_to_user_id":230718868,"in_reply_to_user_id_str":"230718868","in_reply_to_screen_name":"Aivomata","user":{"id":230718868,"id_str":"230718868","name":"Linde","screen_name":"Aivomata","location":"Finland","description":"Just somebody you should know.","url":"http:\/\/t.co\/oVUxKKAsBf","entities":{"url":{"urls":[{"url":"http:\/\/t.co\/oVUxKKAsBf","expanded_url":"http:\/\/aivomata.deviantart.com\/","display_url":"aivomata.deviantart.com","indices":[0,22]}]},"description":{"urls":[]}},"protected":false,"followers_count":79,"friends_count":90,"listed_count":1,"created_at":"Sun Dec 26 13:10:59 +0000 2010","favourites_count":1425,"utc_offset":7200,"time_zone":"Helsinki","geo_enabled":false,"verified":false,"statuses_count":4743,"lang":"en","contributors_enabled":false,"is_translator":false,"is_translation_enabled":false,"profile_background_color":"131516","profile_background_image_url":"http:\/\/abs.twimg.com\/images\/themes\/theme14\/bg.gif","profile_background_image_url_https":"https:\/\/abs.twimg.com\/images\/themes\/theme14\/bg.gif","profile_background_tile":true,"profile_image_url":"http:\/\/pbs.twimg.com\/profile_images\/814806315675643904\/3XJ4c4vu_normal.jpg","profile_image_url_https":"https:\/\/pbs.twimg.com\/profile_images\/814806315675643904\/3XJ4c4vu_normal.jpg","profile_banner_url":"https:\/\/pbs.twimg.com\/profile_banners\/230718868\/1414593383","profile_link_color":"009999","profile_sidebar_border_color":"EEEEEE","profile_sidebar_fill_color":"EFEFEF","profile_text_color":"333333","profile_use_background_image":true,"has_extended_profile":true,"default_profile":false,"default_profile_image":false,"following":false,"follow_request_sent":false,"notifications":false,"translator_type":"none"},"geo":null,"coordinates":null,"place":null,"contributors":null,"is_quote_status":false,"retweet_count":0,"favorite_count":3,"favorited":false,"retweeted":false,"lang":"en"}
