{"created_at":"Thu Jan 12 08:13:06 +0000 2017","id":819457161571004416,"id_str":"819457161571004416","text":"i'm so sad , death is inevitable","truncated":false,"entities":{"hashtags":[],"symbols":[],"user_mentions":[],"urls":[]},"source":"\u003ca href=\"http:\/\/twitter.com\/download\/iphone\" rel=\"nofollow\"\u003eTwitter for iPhone\u003c\/a\u003e","in_reply_to_status_id":null,"in_reply_to_status_id_str":null,"in_reply_to_user_id":null,"in_reply_to_user_id_str":null,"in_reply_to_screen_name":null,"user":{"id":61870858,"id_str":"61870858","name":"love$ick fuck","screen_name":"AveGawd","location":"","description":"bikes... Oh and Donuts. thats about it.","url":"https:\/\/t.co\/XbIic4JOL4","entities":{"url":{"urls":[{"url":"https:\/\/t.co\/XbIic4JOL4","expanded_url":"http:\/\/dailyshitst0rm.blogspot.com","display_url":"dailyshitst0rm.blogspot.com","indices":[0,23]}]},"description":{"urls":[]}},"protected":false,"followers_count":521,"friends_count":619,"listed_count":3,"created_at":"Fri Jul 31 20:46:24 +0000 2009","favourites_count":32130,"utc_offset":-18000,"time_zone":"Eastern Time (US & Canada)","geo_enabled":true,"verified":false,"statuses_count":110341,"lang":"en","contributors_enabled":false,"is_translator":false,"is_translation_enabled":false,"profile_background_color":"FFF04D","profile_background_image_url":"http:\/\/pbs.twimg.com\/profile_background_images\/447432136551714817\/n8WJCAbM.jpeg","profile_background_image_url_https":"https:\/\/pbs.twimg.com\/profile_background_images\/447432136551714817\/n8WJCAbM.jpeg","profile_background_tile":true,"profile_image_url":"http:\/\/pbs.twimg.com\/profile_images\/777534661056757760\/hPmLn6g7_normal.jpg","profile_image_url_https":"https:\/\/pbs.twimg.com\/profile_images\/777534661056757760\/hPmLn6g7_normal.jpg","profile_banner_url":"https:\/\/pbs.twimg.com\/profile_banners\/61870858\/1461620041","profile_link_color":"FF691F","profile_sidebar_border_color":"000000","profile_sidebar_fill_color":"DDEEF6","profile_text_color":"333333","profile_use_background_image":true,"has_extended_profile":false,"default_profile":false,"default_profile_image":false,"following":false,"follow_request_sent":false,"notifications":false,"translator_type":"none"},"geo":null,"coordinates":null,"place":null,"contributors":null,"is_quote_status":false,"retweet_count":0,"favorite_count":0,"favorited":false,"retweeted":false,"lang":"en"}
