{"created_at":"Thu Jan 12 08:13:04 +0000 2017","id":819457151194173441,"id_str":"819457151194173441","text":"I NEED SOMEONE TO SLAP OR PUNCH OR KILL- https:\/\/t.co\/Llf8m7OnUI","truncated":false,"entities":{"hashtags":[],"symbols":[],"user_mentions":[],"urls":[],"media":[{"id":819456309359616000,"id_str":"819456309359616000","indices":[41,64],"media_url":"http:\/\/pbs.twimg.com\/media\/C19LK_RVIAAWMx_.jpg","media_url_https":"https:\/\/pbs.twimg.com\/media\/C19LK_RVIAAWMx_.jpg","url":"https:\/\/t.co\/Llf8m7OnUI","display_url":"pic.twitter.com\/Llf8m7OnUI","expanded_url":"https:\/\/twitter.com\/dxncerline\/status\/819457151194173441\/photo\/1","type":"photo","sizes":{"small":{"w":680,"h":383,"resize":"fit"},"medium":{"w":1136,"h":640,"resize":"fit"},"large":{"w":1136,"h":640,"resize":"fit"},"thumb":{"w":150,"h":150,"resize":"crop"}}}]},"extended_entities":{"media":[{"id":819456309359616000,"id_str":"819456309359616000","indices":[41,64],"media_url":"http:\/\/pbs.twimg.com\/media\/C19LK_RVIAAWMx_.jpg","media_url_https":"https:\/\/pbs.twimg.com\/media\/C19LK_RVIAAWMx_.jpg","url":"https:\/\/t.co\/Llf8m7OnUI","display_url":"pic.twitter.com\/Llf8m7OnUI","expanded_url":"https:\/\/twitter.com\/dxncerline\/status\/819457151194173441\/photo\/1","type":"photo","sizes":{"small":{"w":680,"h":383,"resize":"fit"},"medium":{"w":1136,"h":640,"resize":"fit"},"large":{"w":1136,"h":640,"resize":"fit"},"thumb":{"w":150,"h":150,"resize":"crop"}}},{"id":819456308860493824,"id_str":"819456308860493824","indices":[41,64],"media_url":"http:\/\/pbs.twimg.com\/media\/C19LK9aVIAAAP1D.jpg","media_url_https":"https:\/\/pbs.twimg.com\/media\/C19LK9aVIAAAP1D.jpg","url":"https:\/\/t.co\/Llf8m7OnUI","display_url":"pic.twitter.com\/Llf8m7OnUI","expanded_url":"https:\/\/twitter.com\/dxncerline\/status\/819457151194173441\/photo\/1","type":"photo","sizes":{"small":{"w":287,"h":284,"resize":"fit"},"large":{"w":287,"h":284,"resize":"fit"},"medium":{"w":287,"h":284,"resize":"fit"},"thumb":{"w":150,"h":150,"resize":"crop"}}}]},"source":"\u003ca href=\"http:\/\/twitter.com\/download\/iphone\" rel=\"nofollow\"\u003eTwitter for iPhone\u003c\/a\u003e","in_reply_to_status_id":null,"in_reply_to_status_id_str":null,"in_reply_to_user_id":null,"in_reply_to_user_id_str":null,"in_reply_to_screen_name":null,"user":{"id":2704455000,"id_str":"2704455000","name":"ayn","screen_name":"dxncerline","location":"jongin + hoseok + kibum","description":"exo bts shinee nct victon rv svt","url":null,"entities":{"description":{"urls":[]}},"protected":false,"followers_count":2487,"friends_count":668,"listed_count":26,"created_at":"Sun Aug 03 16:35:49 +0000 2014","favourites_count":27169,"utc_offset":21600,"time_zone":"Urumqi","geo_enabled":true,"verified":false,"statuses_count":175710,"lang":"en","contributors_enabled":false,"is_translator":false,"is_translation_enabled":false,"profile_background_color":"131516","profile_background_image_url":"http:\/\/pbs.twimg.com\/profile_background_images\/611925942974353409\/ISj-c5jf.png","profile_background_image_url_https":"https:\/\/pbs.twimg.com\/profile_background_images\/611925942974353409\/ISj-c5jf.png","profile_background_tile":true,"profile_image_url":"http:\/\/pbs.twimg.com\/profile_images\/820329172392288256\/743qzn1C_normal.jpg","profile_image_url_https":"https:\/\/pbs.twimg.com\/profile_images\/820329172392288256\/743qzn1C_normal.jpg","profile_banner_url":"https:\/\/pbs.twimg.com\/profile_banners\/2704455000\/1484391432","profile_link_color":"91D2FA","profile_sidebar_border_color":"D3D2CF","profile_sidebar_fill_color":"E3E2DE","profile_text_color":"634047","profile_use_background_image":true,"has_extended_profile":false,"default_profile":false,"default_profile_image":false,"following":false,"follow_request_sent":false,"notifications":false,"translator_type":"none"},"geo":null,"coordinates":null,"place":null,"contributors":null,"is_quote_status":false,"retweet_count":0,"favorite_count":1,"favorited":false,"retweeted":false,"possibly_sensitive":false,"possibly_sensitive_appealable":false,"lang":"en"}
