{"created_at":"Thu Jan 12 08:13:02 +0000 2017","id":819457143778619396,"id_str":"819457143778619396","text":"My supervisor is the creepiest human being I know","truncated":false,"entities":{"hashtags":[],"symbols":[],"user_mentions":[],"urls":[]},"source":"\u003ca href=\"http:\/\/twitter.com\/download\/android\" rel=\"nofollow\"\u003eTwitter for Android\u003c\/a\u003e","in_reply_to_status_id":null,"in_reply_to_status_id_str":null,"in_reply_to_user_id":null,"in_reply_to_user_id_str":null,"in_reply_to_screen_name":null,"user":{"id":1350722095,"id_str":"1350722095","name":"\u03b1lej\u03b1ndr\u03b1 ocho\u03b1","screen_name":"a_ochoaa","location":"19 @ Selah, WA","description":"in bryan's arms","url":null,"entities":{"description":{"urls":[]}},"protected":false,"followers_count":1306,"friends_count":581,"listed_count":1,"created_at":"Sun Apr 14 01:53:52 +0000 2013","favourites_count":18508,"utc_offset":-18000,"time_zone":"Eastern Time (US & Canada)","geo_enabled":true,"verified":false,"statuses_count":24705,"lang":"en","contributors_enabled":false,"is_translator":false,"is_translation_enabled":false,"profile_background_color":"ACDED6","profile_background_image_url":"http:\/\/abs.twimg.com\/images\/themes\/theme18\/bg.gif","profile_background_image_url_https":"https:\/\/abs.twimg.com\/images\/themes\/theme18\/bg.gif","profile_background_tile":false,"profile_image_url":"http:\/\/pbs.twimg.com\/profile_images\/797154749531332608\/Crmu8B8x_normal.jpg","profile_image_url_https":"https:\/\/pbs.twimg.com\/profile_images\/797154749531332608\/Crmu8B8x_normal.jpg","profile_banner_url":"https:\/\/pbs.twimg.com\/profile_banners\/1350722095\/1383631417","profile_link_color":"39DB87","profile_sidebar_border_color":"FFFFFF","profile_sidebar_fill_color":"F6F6F6","profile_text_color":"333333","profile_use_background_image":true,"has_extended_profile":true,"default_profile":false,"default_profile_image":false,"following":false,"follow_request_sent":false,"notifications":false,"translator_type":"none"},"geo":null,"coordinates":null,"place":null,"contributors":null,"is_quote_status":false,"retweet_count":0,"favorite_count":4,"favorited":false,"retweeted":false,"lang":"en"}
