{"created_at":"Thu Jan 12 08:13:02 +0000 2017","id":819457142692278273,"id_str":"819457142692278273","text":"@ShaneKPBechtel lmao I'm almost to that point rn","truncated":false,"entities":{"hashtags":[],"symbols":[],"user_mentions":[{"screen_name":"ShaneKPBechtel","name":"Shane Bechtel","id":764213467993616384,"id_str":"764213467993616384","indices":[0,15]}],"urls":[]},"source":"\u003ca href=\"http:\/\/twitter.com\/download\/android\" rel=\"nofollow\"\u003eTwitter for Android\u003c\/a\u003e","in_reply_to_status_id":819456513559302144,"in_reply_to_status_id_str":"819456513559302144","in_reply_to_user_id":764213467993616384,"in_reply_to_user_id_str":"764213467993616384","in_reply_to_screen_name":"ShaneKPBechtel","user":{"id":2851392822,"id_str":"2851392822","name":"Donatwo","screen_name":"timberdonahue7","location":"Instrumentland","description":"Life is a lot like Jazz... It's better when you improvise","url":null,"entities":{"description":{"urls":[]}},"protected":false,"followers_count":231,"friends_count":205,"listed_count":0,"created_at":"Sat Oct 11 02:57:01 +0000 2014","favourites_count":9043,"utc_offset":null,"time_zone":null,"geo_enabled":false,"verified":false,"statuses_count":3569,"lang":"en","contributors_enabled":false,"is_translator":false,"is_translation_enabled":false,"profile_background_color":"C0DEED","profile_background_image_url":"http:\/\/abs.twimg.com\/images\/themes\/theme1\/bg.png","profile_background_image_url_https":"https:\/\/abs.twimg.com\/images\/themes\/theme1\/bg.png","profile_background_tile":false,"profile_image_url":"http:\/\/pbs.twimg.com\/profile_images\/820482537151528960\/_Yd_wlTd_normal.jpg","profile_image_url_https":"https:\/\/pbs.twimg.com\/profile_images\/820482537151528960\/_Yd_wlTd_normal.jpg","profile_banner_url":"https:\/\/pbs.twimg.com\/profile_banners\/2851392822\/1480143764","profile_link_color":"1DA1F2","profile_sidebar_border_color":"C0DEED","profile_sidebar_fill_color":"DDEEF6","profile_text_color":"333333","profile_use_background_image":true,"has_extended_profile":true,"default_profile":true,"default_profile_image":false,"following":false,"follow_request_sent":false,"notifications":false,"translator_type":"none"},"geo":null,"coordinates":null,"place":null,"contributors":null,"is_quote_status":false,"retweet_count":0,"favorite_count":1,"favorited":false,"retweeted":false,"lang":"en"}
