{"created_at":"Thu Jan 12 08:13:03 +0000 2017","id":819457146211287040,"id_str":"819457146211287040","text":"never been so naturally sure and good at anything in my life till now... no idea what my goals are, I just know I a\u2026 https:\/\/t.co\/sv2LKOOOpk","truncated":true,"entities":{"hashtags":[],"symbols":[],"user_mentions":[],"urls":[{"url":"https:\/\/t.co\/sv2LKOOOpk","expanded_url":"https:\/\/twitter.com\/i\/web\/status\/819457146211287040","display_url":"twitter.com\/i\/web\/status\/8\u2026","indices":[117,140]}]},"source":"\u003ca href=\"https:\/\/mobile.twitter.com\" rel=\"nofollow\"\u003eMobile Web (M5)\u003c\/a\u003e","in_reply_to_status_id":null,"in_reply_to_status_id_str":null,"in_reply_to_user_id":null,"in_reply_to_user_id_str":null,"in_reply_to_screen_name":null,"user":{"id":805252485933715456,"id_str":"805252485933715456","name":"\ud83c\udf2c\u2728Orange Anecdote ~","screen_name":"teZtt00bbaby","location":"","description":"\ud83c\udfadThe only difference between a poet and a banker is that the poet thinks outside the box and is able to see the: strings, puppets, smoke, mirrors, and facades.","url":null,"entities":{"description":{"urls":[]}},"protected":false,"followers_count":1016,"friends_count":5001,"listed_count":21,"created_at":"Sun Dec 04 03:28:48 +0000 2016","favourites_count":28939,"utc_offset":null,"time_zone":null,"geo_enabled":true,"verified":false,"statuses_count":38124,"lang":"en","contributors_enabled":false,"is_translator":false,"is_translation_enabled":false,"profile_background_color":"000000","profile_background_image_url":"http:\/\/abs.twimg.com\/images\/themes\/theme1\/bg.png","profile_background_image_url_https":"https:\/\/abs.twimg.com\/images\/themes\/theme1\/bg.png","profile_background_tile":false,"profile_image_url":"http:\/\/pbs.twimg.com\/profile_images\/820483745115291648\/TQcwcf4V_normal.jpg","profile_image_url_https":"https:\/\/pbs.twimg.com\/profile_images\/820483745115291648\/TQcwcf4V_normal.jpg","profile_banner_url":"https:\/\/pbs.twimg.com\/profile_banners\/805252485933715456\/1484453525","profile_link_color":"7FDBB6","profile_sidebar_border_color":"000000","profile_sidebar_fill_color":"000000","profile_text_color":"000000","profile_use_background_image":false,"has_extended_profile":true,"default_profile":false,"default_profile_image":false,"following":false,"follow_request_sent":false,"notifications":false,"translator_type":"none"},"geo":null,"coordinates":null,"place":null,"contributors":null,"is_quote_status":false,"retweet_count":0,"favorite_count":1,"favorited":false,"retweeted":false,"possibly_sensitive":false,"possibly_sensitive_appealable":false,"lang":"en"}
