{"created_at":"Thu Jan 12 08:13:03 +0000 2017","id":819457147670888448,"id_str":"819457147670888448","text":"@holden_yo_ can I transfer the files to my iBooks later on?","truncated":false,"entities":{"hashtags":[],"symbols":[],"user_mentions":[{"screen_name":"holden_yo_","name":"h\u00f8lden |-\/","id":2871622667,"id_str":"2871622667","indices":[0,11]}],"urls":[]},"source":"\u003ca href=\"http:\/\/twitter.com\/download\/iphone\" rel=\"nofollow\"\u003eTwitter for iPhone\u003c\/a\u003e","in_reply_to_status_id":819456980792311808,"in_reply_to_status_id_str":"819456980792311808","in_reply_to_user_id":2871622667,"in_reply_to_user_id_str":"2871622667","in_reply_to_screen_name":"holden_yo_","user":{"id":113243801,"id_str":"113243801","name":"Rej \ud83c\udf38","screen_name":"reginerbr","location":"California, USA","description":"Saved by grace| snapchat: reginerbr","url":null,"entities":{"description":{"urls":[]}},"protected":false,"followers_count":1115,"friends_count":790,"listed_count":24,"created_at":"Thu Feb 11 04:41:25 +0000 2010","favourites_count":12872,"utc_offset":-39600,"time_zone":"International Date Line West","geo_enabled":true,"verified":false,"statuses_count":40610,"lang":"en","contributors_enabled":false,"is_translator":false,"is_translation_enabled":false,"profile_background_color":"FFFFFF","profile_background_image_url":"http:\/\/pbs.twimg.com\/profile_background_images\/295082741\/x72a831bbebe9ee3fe1a556fbd681579.png","profile_background_image_url_https":"https:\/\/pbs.twimg.com\/profile_background_images\/295082741\/x72a831bbebe9ee3fe1a556fbd681579.png","profile_background_tile":true,"profile_image_url":"http:\/\/pbs.twimg.com\/profile_images\/800931420000485376\/NhfmxE6b_normal.jpg","profile_image_url_https":"https:\/\/pbs.twimg.com\/profile_images\/800931420000485376\/NhfmxE6b_normal.jpg","profile_banner_url":"https:\/\/pbs.twimg.com\/profile_banners\/113243801\/1465445806","profile_link_color":"2891E2","profile_sidebar_border_color":"BABAB2","profile_sidebar_fill_color":"BABAB2","profile_text_color":"47484D","profile_use_background_image":true,"has_extended_profile":true,"default_profile":false,"default_profile_image":false,"following":false,"follow_request_sent":false,"notifications":false,"translator_type":"none"},"geo":null,"coordinates":null,"place":null,"contributors":null,"is_quote_status":false,"retweet_count":0,"favorite_count":0,"favorited":false,"retweeted":false,"lang":"en"}
