{"created_at":"Thu Jan 12 08:13:04 +0000 2017","id":819457151873728512,"id_str":"819457151873728512","text":"La neu i el #fred hauria de ser un joc, no una amena\u00e7a pels #infants. #dretsdelsinfants https:\/\/t.co\/5ZSeSH4ZkT https:\/\/t.co\/NJS1j4dpgN","truncated":false,"entities":{"hashtags":[{"text":"fred","indices":[12,17]},{"text":"infants","indices":[60,68]},{"text":"dretsdelsinfants","indices":[70,87]}],"symbols":[],"user_mentions":[],"urls":[{"url":"https:\/\/t.co\/5ZSeSH4ZkT","expanded_url":"http:\/\/bit.ly\/2fC6l18","display_url":"bit.ly\/2fC6l18","indices":[88,111]}],"media":[{"id":819457048509370369,"id_str":"819457048509370369","indices":[112,135],"media_url":"http:\/\/pbs.twimg.com\/media\/C19L2A0XUAEq-Q8.jpg","media_url_https":"https:\/\/pbs.twimg.com\/media\/C19L2A0XUAEq-Q8.jpg","url":"https:\/\/t.co\/NJS1j4dpgN","display_url":"pic.twitter.com\/NJS1j4dpgN","expanded_url":"https:\/\/twitter.com\/unicef_cat\/status\/819457151873728512\/photo\/1","type":"photo","sizes":{"small":{"w":680,"h":451,"resize":"fit"},"thumb":{"w":150,"h":150,"resize":"crop"},"medium":{"w":1060,"h":703,"resize":"fit"},"large":{"w":1060,"h":703,"resize":"fit"}}}]},"extended_entities":{"media":[{"id":819457048509370369,"id_str":"819457048509370369","indices":[112,135],"media_url":"http:\/\/pbs.twimg.com\/media\/C19L2A0XUAEq-Q8.jpg","media_url_https":"https:\/\/pbs.twimg.com\/media\/C19L2A0XUAEq-Q8.jpg","url":"https:\/\/t.co\/NJS1j4dpgN","display_url":"pic.twitter.com\/NJS1j4dpgN","expanded_url":"https:\/\/twitter.com\/unicef_cat\/status\/819457151873728512\/photo\/1","type":"photo","sizes":{"small":{"w":680,"h":451,"resize":"fit"},"thumb":{"w":150,"h":150,"resize":"crop"},"medium":{"w":1060,"h":703,"resize":"fit"},"large":{"w":1060,"h":703,"resize":"fit"}}}]},"source":"\u003ca href=\"http:\/\/twitter.com\" rel=\"nofollow\"\u003eTwitter Web Client\u003c\/a\u003e","in_reply_to_status_id":null,"in_reply_to_status_id_str":null,"in_reply_to_user_id":null,"in_reply_to_user_id_str":null,"in_reply_to_screen_name":null,"user":{"id":4054167035,"id_str":"4054167035","name":"UNICEF Comit\u00e8 Cat","screen_name":"unicef_cat","location":"Barcelona, Espanya ","description":"Treballem perqu\u00e8 tots els nens i nenes visquin la seva inf\u00e0ncia en plenitud. Hi tenen dret. T'hi sumes?","url":"https:\/\/t.co\/kpqOLnTCr6","entities":{"url":{"urls":[{"url":"https:\/\/t.co\/kpqOLnTCr6","expanded_url":"http:\/\/www.unicef.es\/cat","display_url":"unicef.es\/cat","indices":[0,23]}]},"description":{"urls":[]}},"protected":false,"followers_count":831,"friends_count":1968,"listed_count":27,"created_at":"Tue Oct 27 15:13:31 +0000 2015","favourites_count":707,"utc_offset":-28800,"time_zone":"Pacific Time (US & Canada)","geo_enabled":false,"verified":false,"statuses_count":1105,"lang":"ca","contributors_enabled":false,"is_translator":false,"is_translation_enabled":false,"profile_background_color":"000000","profile_background_image_url":"http:\/\/abs.twimg.com\/images\/themes\/theme1\/bg.png","profile_background_image_url_https":"https:\/\/abs.twimg.com\/images\/themes\/theme1\/bg.png","profile_background_tile":false,"profile_image_url":"http:\/\/pbs.twimg.com\/profile_images\/719476623016390656\/iUz71fnP_normal.jpg","profile_image_url_https":"https:\/\/pbs.twimg.com\/profile_images\/719476623016390656\/iUz71fnP_normal.jpg","profile_banner_url":"https:\/\/pbs.twimg.com\/profile_banners\/4054167035\/1484306530","profile_link_color":"3B94D9","profile_sidebar_border_color":"000000","profile_sidebar_fill_color":"000000","profile_text_color":"000000","profile_use_background_image":false,"has_extended_profile":false,"default_profile":false,"default_profile_image":false,"following":false,"follow_request_sent":false,"notifications":false,"translator_type":"none"},"geo":null,"coordinates":null,"place":null,"contributors":null,"is_quote_status":false,"retweet_count":2,"favorite_count":4,"favorited":false,"retweeted":false,"possibly_sensitive":false,"possibly_sensitive_appealable":false,"lang":"und"}
