{"created_at":"Thu Jan 12 08:13:02 +0000 2017","id":819457142939930624,"id_str":"819457142939930624","text":"#LaCafeteraElHumorNOesDelito 12 juegos, 12 pol\u00edticos (parte I) \u00bfQu\u00e9 videojuego le regalar\u00edas a Rajoy? \u00bfY a Iglesias\u2026 https:\/\/t.co\/2DbFXv1vII","truncated":true,"entities":{"hashtags":[{"text":"LaCafeteraElHumorNOesDelito","indices":[0,28]}],"symbols":[],"user_mentions":[],"urls":[{"url":"https:\/\/t.co\/2DbFXv1vII","expanded_url":"https:\/\/twitter.com\/i\/web\/status\/819457142939930624","display_url":"twitter.com\/i\/web\/status\/8\u2026","indices":[117,140]}]},"source":"\u003ca href=\"http:\/\/twitter.com\" rel=\"nofollow\"\u003eTwitter Web Client\u003c\/a\u003e","in_reply_to_status_id":null,"in_reply_to_status_id_str":null,"in_reply_to_user_id":null,"in_reply_to_user_id_str":null,"in_reply_to_screen_name":null,"user":{"id":41827245,"id_str":"41827245","name":"uVeJuegos.com","screen_name":"uVeJuegos","location":"Espa\u00f1a","description":"Twitter oficial del portal. Aqu\u00ed hablamos de juegos famosos, indies, retros... pero nunca de anchoas","url":"https:\/\/t.co\/31P73kI1iW","entities":{"url":{"urls":[{"url":"https:\/\/t.co\/31P73kI1iW","expanded_url":"http:\/\/uvejuegos.com","display_url":"uvejuegos.com","indices":[0,23]}]},"description":{"urls":[]}},"protected":false,"followers_count":2301,"friends_count":1296,"listed_count":125,"created_at":"Fri May 22 14:58:50 +0000 2009","favourites_count":936,"utc_offset":3600,"time_zone":"Madrid","geo_enabled":false,"verified":false,"statuses_count":24114,"lang":"es","contributors_enabled":false,"is_translator":false,"is_translation_enabled":false,"profile_background_color":"FFFFFF","profile_background_image_url":"http:\/\/pbs.twimg.com\/profile_background_images\/463618333388976128\/E_EtrJaq.jpeg","profile_background_image_url_https":"https:\/\/pbs.twimg.com\/profile_background_images\/463618333388976128\/E_EtrJaq.jpeg","profile_background_tile":false,"profile_image_url":"http:\/\/pbs.twimg.com\/profile_images\/774354504380735489\/2F11HvNm_normal.jpg","profile_image_url_https":"https:\/\/pbs.twimg.com\/profile_images\/774354504380735489\/2F11HvNm_normal.jpg","profile_banner_url":"https:\/\/pbs.twimg.com\/profile_banners\/41827245\/1473455816","profile_link_color":"91D2FA","profile_sidebar_border_color":"FFFFFF","profile_sidebar_fill_color":"EFB814","profile_text_color":"333333","profile_use_background_image":true,"has_extended_profile":false,"default_profile":false,"default_profile_image":false,"following":false,"follow_request_sent":false,"notifications":false,"translator_type":"none"},"geo":null,"coordinates":null,"place":null,"contributors":null,"is_quote_status":false,"retweet_count":0,"favorite_count":0,"favorited":false,"retweeted":false,"possibly_sensitive":false,"possibly_sensitive_appealable":false,"lang":"es"}
