{"created_at":"Thu Jan 12 08:13:04 +0000 2017","id":819457150472704001,"id_str":"819457150472704001","text":"@OyeMaria @Rekhta wow finally! I've been cribbing about it to for so long. Shukriya!","truncated":false,"entities":{"hashtags":[],"symbols":[],"user_mentions":[{"screen_name":"OyeMaria","name":"Marie Gold","id":52703658,"id_str":"52703658","indices":[0,9]},{"screen_name":"Rekhta","name":"Rekhta","id":598524600,"id_str":"598524600","indices":[10,17]}],"urls":[]},"source":"\u003ca href=\"http:\/\/twitter.com\/download\/iphone\" rel=\"nofollow\"\u003eTwitter for iPhone\u003c\/a\u003e","in_reply_to_status_id":819430389672509440,"in_reply_to_status_id_str":"819430389672509440","in_reply_to_user_id":52703658,"in_reply_to_user_id_str":"52703658","in_reply_to_screen_name":"OyeMaria","user":{"id":2990665813,"id_str":"2990665813","name":"Yashraj","screen_name":"Yashraj__","location":"Mumbai, India","description":"The curtains are closed, someone's peeking from inside. The door is reluctantly ajar.","url":null,"entities":{"description":{"urls":[]}},"protected":false,"followers_count":77,"friends_count":114,"listed_count":10,"created_at":"Tue Jan 20 04:13:46 +0000 2015","favourites_count":9890,"utc_offset":null,"time_zone":null,"geo_enabled":true,"verified":false,"statuses_count":1262,"lang":"en","contributors_enabled":false,"is_translator":false,"is_translation_enabled":false,"profile_background_color":"C0DEED","profile_background_image_url":"http:\/\/abs.twimg.com\/images\/themes\/theme1\/bg.png","profile_background_image_url_https":"https:\/\/abs.twimg.com\/images\/themes\/theme1\/bg.png","profile_background_tile":false,"profile_image_url":"http:\/\/pbs.twimg.com\/profile_images\/804965810946985984\/FNHnnM2B_normal.jpg","profile_image_url_https":"https:\/\/pbs.twimg.com\/profile_images\/804965810946985984\/FNHnnM2B_normal.jpg","profile_banner_url":"https:\/\/pbs.twimg.com\/profile_banners\/2990665813\/1427913878","profile_link_color":"1DA1F2","profile_sidebar_border_color":"C0DEED","profile_sidebar_fill_color":"DDEEF6","profile_text_color":"333333","profile_use_background_image":true,"has_extended_profile":true,"default_profile":true,"default_profile_image":false,"following":false,"follow_request_sent":false,"notifications":false,"translator_type":"none"},"geo":null,"coordinates":null,"place":null,"contributors":null,"is_quote_status":false,"retweet_count":0,"favorite_count":0,"favorited":false,"retweeted":false,"lang":"en"}
