{"created_at":"Thu Jan 12 08:13:02 +0000 2017","id":819457143048994816,"id_str":"819457143048994816","text":"@colinyearwood  ok let's invest 5k how and what are pros and cons I need 50% asap on with a guarantee as well","truncated":false,"entities":{"hashtags":[],"symbols":[],"user_mentions":[{"screen_name":"colinyearwood","name":"Colin Yearwood","id":9638962,"id_str":"9638962","indices":[0,14]}],"urls":[]},"source":"\u003ca href=\"http:\/\/twitter.com\/download\/iphone\" rel=\"nofollow\"\u003eTwitter for iPhone\u003c\/a\u003e","in_reply_to_status_id":null,"in_reply_to_status_id_str":null,"in_reply_to_user_id":9638962,"in_reply_to_user_id_str":"9638962","in_reply_to_screen_name":"colinyearwood","user":{"id":715039942548799488,"id_str":"715039942548799488","name":"Anthony Tone","screen_name":"Dk1tone","location":"United States colorado","description":"MMA News NFL all Sports US & World News Humor Music Denver Broncos Football Instagram @Beast_Tone#pipe layer construction","url":null,"entities":{"description":{"urls":[]}},"protected":false,"followers_count":286,"friends_count":248,"listed_count":10,"created_at":"Wed Mar 30 04:56:21 +0000 2016","favourites_count":8496,"utc_offset":null,"time_zone":null,"geo_enabled":false,"verified":false,"statuses_count":5899,"lang":"en","contributors_enabled":false,"is_translator":false,"is_translation_enabled":false,"profile_background_color":"F5F8FA","profile_background_image_url":null,"profile_background_image_url_https":null,"profile_background_tile":false,"profile_image_url":"http:\/\/pbs.twimg.com\/profile_images\/715043563898343424\/RuuTfTnH_normal.jpg","profile_image_url_https":"https:\/\/pbs.twimg.com\/profile_images\/715043563898343424\/RuuTfTnH_normal.jpg","profile_banner_url":"https:\/\/pbs.twimg.com\/profile_banners\/715039942548799488\/1468165035","profile_link_color":"1DA1F2","profile_sidebar_border_color":"C0DEED","profile_sidebar_fill_color":"DDEEF6","profile_text_color":"333333","profile_use_background_image":true,"has_extended_profile":false,"default_profile":true,"default_profile_image":false,"following":false,"follow_request_sent":false,"notifications":false,"translator_type":"none"},"geo":null,"coordinates":null,"place":null,"contributors":null,"is_quote_status":false,"retweet_count":0,"favorite_count":0,"favorited":false,"retweeted":false,"lang":"en"}
