{"created_at":"Thu Jan 12 08:13:06 +0000 2017","id":819457160358793217,"id_str":"819457160358793217","text":"Just up smh","truncated":false,"entities":{"hashtags":[],"symbols":[],"user_mentions":[],"urls":[]},"source":"\u003ca href=\"http:\/\/twitter.com\/download\/iphone\" rel=\"nofollow\"\u003eTwitter for iPhone\u003c\/a\u003e","in_reply_to_status_id":null,"in_reply_to_status_id_str":null,"in_reply_to_user_id":null,"in_reply_to_user_id_str":null,"in_reply_to_screen_name":null,"user":{"id":394519994,"id_str":"394519994","name":"P R i S S Y","screen_name":"PRETTY_PRiSSSY","location":"somewhere sitting pretty\u2728","description":"FB---Ciera Macc SC---Shes_Prissy Insta---Shes_Prissy    #TeamMaccForever","url":null,"entities":{"description":{"urls":[]}},"protected":false,"followers_count":683,"friends_count":361,"listed_count":0,"created_at":"Thu Oct 20 06:19:02 +0000 2011","favourites_count":44,"utc_offset":-21600,"time_zone":"Central Time (US & Canada)","geo_enabled":true,"verified":false,"statuses_count":8036,"lang":"en","contributors_enabled":false,"is_translator":false,"is_translation_enabled":false,"profile_background_color":"642D8B","profile_background_image_url":"http:\/\/pbs.twimg.com\/profile_background_images\/528391014\/tumblr_le4h5mxogv1qc1j5so1_500_large_large.jpg","profile_background_image_url_https":"https:\/\/pbs.twimg.com\/profile_background_images\/528391014\/tumblr_le4h5mxogv1qc1j5so1_500_large_large.jpg","profile_background_tile":true,"profile_image_url":"http:\/\/pbs.twimg.com\/profile_images\/818833255516540928\/qRdFvxkO_normal.jpg","profile_image_url_https":"https:\/\/pbs.twimg.com\/profile_images\/818833255516540928\/qRdFvxkO_normal.jpg","profile_banner_url":"https:\/\/pbs.twimg.com\/profile_banners\/394519994\/1484061208","profile_link_color":"FF00EE","profile_sidebar_border_color":"D966D1","profile_sidebar_fill_color":"02070A","profile_text_color":"E620C8","profile_use_background_image":true,"has_extended_profile":true,"default_profile":false,"default_profile_image":false,"following":false,"follow_request_sent":false,"notifications":false,"translator_type":"none"},"geo":null,"coordinates":null,"place":null,"contributors":null,"is_quote_status":false,"retweet_count":0,"favorite_count":0,"favorited":false,"retweeted":false,"lang":"en"}
