{"created_at":"Thu Jan 12 08:13:01 +0000 2017","id":819457139550945280,"id_str":"819457139550945280","text":"\u0627\u062c\u0639\u0644\u0646\u064a \u064a\u0627\u0644\u0644\u0647 \u0645\u0646 \u0627\u0644\u0645\u0628\u062a\u0633\u0645\u064a\u0646 \u062f\u0648\u0645\u0627\u064b\u060c \n\u0627\u062c\u0639\u0644\u0646\u064a \u0643\u063a\u064a\u0645\u0629 \u0633\u0631\u064e\u062a \u0648\u0644\u0627 \u0636\u0631\u0651\u062a \ud83d\udcad.","truncated":false,"entities":{"hashtags":[],"symbols":[],"user_mentions":[],"urls":[]},"source":"\u003ca href=\"http:\/\/twitter.com\/download\/iphone\" rel=\"nofollow\"\u003eTwitter for iPhone\u003c\/a\u003e","in_reply_to_status_id":null,"in_reply_to_status_id_str":null,"in_reply_to_user_id":null,"in_reply_to_user_id_str":null,"in_reply_to_screen_name":null,"user":{"id":3805340892,"id_str":"3805340892","name":"\u2765l \u2696","screen_name":"i_5jjjl","location":"\u300e \u043a.\u03c5\u03b7\u03b9\u03bd | \u062c\u0627\u0645\u0639\u064a\u0629 \u300f ","description":"|| \u0641\u0640\u0627\u0646\u064a\u06be \u064a \u0627\u0644\u0644\u0647 \u060c \u0641\u0644\u0622 \u062a\u062c\u0639\u0644\u0647\u0640\u0622 \u062a\u0634\u0642\u064a\u0646\u064a ||","url":null,"entities":{"description":{"urls":[]}},"protected":false,"followers_count":520,"friends_count":96,"listed_count":0,"created_at":"Tue Oct 06 17:26:29 +0000 2015","favourites_count":471,"utc_offset":null,"time_zone":null,"geo_enabled":false,"verified":false,"statuses_count":4473,"lang":"ar","contributors_enabled":false,"is_translator":false,"is_translation_enabled":false,"profile_background_color":"C0DEED","profile_background_image_url":"http:\/\/abs.twimg.com\/images\/themes\/theme1\/bg.png","profile_background_image_url_https":"https:\/\/abs.twimg.com\/images\/themes\/theme1\/bg.png","profile_background_tile":false,"profile_image_url":"http:\/\/pbs.twimg.com\/profile_images\/677090553318780928\/X-d31z_J_normal.jpg","profile_image_url_https":"https:\/\/pbs.twimg.com\/profile_images\/677090553318780928\/X-d31z_J_normal.jpg","profile_banner_url":"https:\/\/pbs.twimg.com\/profile_banners\/3805340892\/1467208567","profile_link_color":"1DA1F2","profile_sidebar_border_color":"C0DEED","profile_sidebar_fill_color":"DDEEF6","profile_text_color":"333333","profile_use_background_image":true,"has_extended_profile":false,"default_profile":true,"default_profile_image":false,"following":false,"follow_request_sent":false,"notifications":false,"translator_type":"none"},"geo":null,"coordinates":null,"place":null,"contributors":null,"is_quote_status":false,"retweet_count":1,"favorite_count":2,"favorited":false,"retweeted":false,"lang":"ar"}
