{"created_at":"Thu Jan 12 08:13:02 +0000 2017","id":819457145661857792,"id_str":"819457145661857792","text":"@mh_bndbq \n\u306a\u306b\u304c\u3042\u3063\u305f\u3002","truncated":false,"entities":{"hashtags":[],"symbols":[],"user_mentions":[{"screen_name":"mh_bndbq","name":"\u307e\u3086\u3093\u3086\u3093\ufe0e\u263a\ufe0e","id":763306953946693633,"id_str":"763306953946693633","indices":[0,9]}],"urls":[]},"source":"\u003ca href=\"http:\/\/twitter.com\/download\/iphone\" rel=\"nofollow\"\u003eTwitter for iPhone\u003c\/a\u003e","in_reply_to_status_id":819453025261453312,"in_reply_to_status_id_str":"819453025261453312","in_reply_to_user_id":763306953946693633,"in_reply_to_user_id_str":"763306953946693633","in_reply_to_screen_name":"mh_bndbq","user":{"id":777835754785341440,"id_str":"777835754785341440","name":"m a h i r u \u2661","screen_name":"mahirun_0714","location":"\u30c0\u30a4\u30a8\u30c3\u30c8\u3001\u3001","description":":(\ud83c\udfeb)nawajhs :(\ud83c\udfc0)BBC\u26f9\ud83c\udffb\u200d\u2640\ufe0f :(\u30ea\u30e0\u3063\u305f\u3089\u2192\u30d6\u30ed\u30c3\u30af)","url":null,"entities":{"description":{"urls":[]}},"protected":false,"followers_count":126,"friends_count":41,"listed_count":0,"created_at":"Mon Sep 19 11:44:30 +0000 2016","favourites_count":1194,"utc_offset":null,"time_zone":null,"geo_enabled":false,"verified":false,"statuses_count":557,"lang":"ja","contributors_enabled":false,"is_translator":false,"is_translation_enabled":false,"profile_background_color":"F5F8FA","profile_background_image_url":null,"profile_background_image_url_https":null,"profile_background_tile":false,"profile_image_url":"http:\/\/pbs.twimg.com\/profile_images\/818806487568957440\/AAP8hmPG_normal.jpg","profile_image_url_https":"https:\/\/pbs.twimg.com\/profile_images\/818806487568957440\/AAP8hmPG_normal.jpg","profile_banner_url":"https:\/\/pbs.twimg.com\/profile_banners\/777835754785341440\/1484140358","profile_link_color":"1DA1F2","profile_sidebar_border_color":"C0DEED","profile_sidebar_fill_color":"DDEEF6","profile_text_color":"333333","profile_use_background_image":true,"has_extended_profile":true,"default_profile":true,"default_profile_image":false,"following":false,"follow_request_sent":false,"notifications":false,"translator_type":"none"},"geo":null,"coordinates":null,"place":null,"contributors":null,"is_quote_status":false,"retweet_count":0,"favorite_count":0,"favorited":false,"retweeted":false,"lang":"ja"}
