{"created_at":"Thu Jan 12 08:13:06 +0000 2017","id":819457161680060416,"id_str":"819457161680060416","text":"\"I'm just a little boy from Bradford and now I''m smashing it\"\n#HappyBirthdayZaynMalik https:\/\/t.co\/PgIGVJZgEP","truncated":false,"entities":{"hashtags":[{"text":"HappyBirthdayZaynMalik","indices":[63,86]}],"symbols":[],"user_mentions":[],"urls":[],"media":[{"id":819394017788043264,"id_str":"819394017788043264","indices":[87,110],"media_url":"http:\/\/pbs.twimg.com\/media\/C18ShJFWIAAxTSd.jpg","media_url_https":"https:\/\/pbs.twimg.com\/media\/C18ShJFWIAAxTSd.jpg","url":"https:\/\/t.co\/PgIGVJZgEP","display_url":"pic.twitter.com\/PgIGVJZgEP","expanded_url":"https:\/\/twitter.com\/L0UlSCUL0N\/status\/819394032241623041\/photo\/1","type":"photo","sizes":{"small":{"w":400,"h":225,"resize":"fit"},"medium":{"w":400,"h":225,"resize":"fit"},"large":{"w":400,"h":225,"resize":"fit"},"thumb":{"w":150,"h":150,"resize":"crop"}},"source_status_id":819394032241623041,"source_status_id_str":"819394032241623041","source_user_id":1625800886,"source_user_id_str":"1625800886"}]},"extended_entities":{"media":[{"id":819394017788043264,"id_str":"819394017788043264","indices":[87,110],"media_url":"http:\/\/pbs.twimg.com\/media\/C18ShJFWIAAxTSd.jpg","media_url_https":"https:\/\/pbs.twimg.com\/media\/C18ShJFWIAAxTSd.jpg","url":"https:\/\/t.co\/PgIGVJZgEP","display_url":"pic.twitter.com\/PgIGVJZgEP","expanded_url":"https:\/\/twitter.com\/L0UlSCUL0N\/status\/819394032241623041\/photo\/1","type":"photo","sizes":{"small":{"w":400,"h":225,"resize":"fit"},"medium":{"w":400,"h":225,"resize":"fit"},"large":{"w":400,"h":225,"resize":"fit"},"thumb":{"w":150,"h":150,"resize":"crop"}},"source_status_id":819394032241623041,"source_status_id_str":"819394032241623041","source_user_id":1625800886,"source_user_id_str":"1625800886"},{"id":819394026843598848,"id_str":"819394026843598848","indices":[87,110],"media_url":"http:\/\/pbs.twimg.com\/media\/C18Shq0W8AAESvf.jpg","media_url_https":"https:\/\/pbs.twimg.com\/media\/C18Shq0W8AAESvf.jpg","url":"https:\/\/t.co\/PgIGVJZgEP","display_url":"pic.twitter.com\/PgIGVJZgEP","expanded_url":"https:\/\/twitter.com\/L0UlSCUL0N\/status\/819394032241623041\/photo\/1","type":"photo","sizes":{"medium":{"w":313,"h":470,"resize":"fit"},"large":{"w":313,"h":470,"resize":"fit"},"small":{"w":313,"h":470,"resize":"fit"},"thumb":{"w":150,"h":150,"resize":"crop"}},"source_status_id":819394032241623041,"source_status_id_str":"819394032241623041","source_user_id":1625800886,"source_user_id_str":"1625800886"}]},"source":"\u003ca href=\"http:\/\/www.tweetcaster.com\" rel=\"nofollow\"\u003eTweetCaster for Android\u003c\/a\u003e","in_reply_to_status_id":null,"in_reply_to_status_id_str":null,"in_reply_to_user_id":null,"in_reply_to_user_id_str":null,"in_reply_to_screen_name":null,"user":{"id":2776675578,"id_str":"2776675578","name":"ronaldo","screen_name":"12ronaldo3","location":"","description":"","url":null,"entities":{"description":{"urls":[]}},"protected":false,"followers_count":4,"friends_count":16,"listed_count":1,"created_at":"Thu Aug 28 16:02:29 +0000 2014","favourites_count":622,"utc_offset":null,"time_zone":null,"geo_enabled":false,"verified":false,"statuses_count":1688,"lang":"en","contributors_enabled":false,"is_translator":false,"is_translation_enabled":false,"profile_background_color":"C0DEED","profile_background_image_url":"http:\/\/abs.twimg.com\/images\/themes\/theme1\/bg.png","profile_background_image_url_https":"https:\/\/abs.twimg.com\/images\/themes\/theme1\/bg.png","profile_background_tile":false,"profile_image_url":"http:\/\/abs.twimg.com\/sticky\/default_profile_images\/default_profile_5_normal.png","profile_image_url_https":"https:\/\/abs.twimg.com\/sticky\/default_profile_images\/default_profile_5_normal.png","profile_link_color":"1DA1F2","profile_sidebar_border_color":"C0DEED","profile_sidebar_fill_color":"DDEEF6","profile_text_color":"333333","profile_use_background_image":true,"has_extended_profile":false,"default_profile":true,"default_profile_image":true,"following":false,"follow_request_sent":false,"notifications":false,"translator_type":"none"},"geo":null,"coordinates":null,"place":null,"contributors":null,"is_quote_status":false,"retweet_count":0,"favorite_count":0,"favorited":false,"retweeted":false,"possibly_sensitive":false,"possibly_sensitive_appealable":false,"lang":"en"}
