{"created_at":"Thu Jan 12 08:13:01 +0000 2017","id":819457139009691649,"id_str":"819457139009691649","text":"That 'I-should-restrain-myself-from-bugging-you' feeling.","truncated":false,"entities":{"hashtags":[],"symbols":[],"user_mentions":[],"urls":[]},"source":"\u003ca href=\"http:\/\/twitter.com\/download\/android\" rel=\"nofollow\"\u003eTwitter for Android\u003c\/a\u003e","in_reply_to_status_id":null,"in_reply_to_status_id_str":null,"in_reply_to_user_id":null,"in_reply_to_user_id_str":null,"in_reply_to_screen_name":null,"user":{"id":605088670,"id_str":"605088670","name":"Dyoy","screen_name":"yourdyoy","location":"Neverland","description":"Semper fidelis.","url":null,"entities":{"description":{"urls":[]}},"protected":false,"followers_count":297,"friends_count":396,"listed_count":2,"created_at":"Mon Jun 11 03:48:26 +0000 2012","favourites_count":4540,"utc_offset":28800,"time_zone":"Beijing","geo_enabled":true,"verified":false,"statuses_count":9616,"lang":"en","contributors_enabled":false,"is_translator":false,"is_translation_enabled":false,"profile_background_color":"F5ABB5","profile_background_image_url":"http:\/\/pbs.twimg.com\/profile_background_images\/592096866407358464\/lAsHQn-R.jpg","profile_background_image_url_https":"https:\/\/pbs.twimg.com\/profile_background_images\/592096866407358464\/lAsHQn-R.jpg","profile_background_tile":true,"profile_image_url":"http:\/\/pbs.twimg.com\/profile_images\/820195055767941121\/j5ZpXCOT_normal.jpg","profile_image_url_https":"https:\/\/pbs.twimg.com\/profile_images\/820195055767941121\/j5ZpXCOT_normal.jpg","profile_banner_url":"https:\/\/pbs.twimg.com\/profile_banners\/605088670\/1480074775","profile_link_color":"565051","profile_sidebar_border_color":"000000","profile_sidebar_fill_color":"7AC3EE","profile_text_color":"3D1957","profile_use_background_image":true,"has_extended_profile":true,"default_profile":false,"default_profile_image":false,"following":false,"follow_request_sent":false,"notifications":false,"translator_type":"none"},"geo":null,"coordinates":null,"place":null,"contributors":null,"is_quote_status":false,"retweet_count":0,"favorite_count":0,"favorited":false,"retweeted":false,"lang":"en"}
