{"created_at":"Thu Jan 12 08:13:05 +0000 2017","id":819457154419605504,"id_str":"819457154419605504","text":"i was trying to show dad the generic hand gesture the italian mafias do and said \"belissimo\" then my dad tried it but he went \"bon appetit\"","truncated":false,"entities":{"hashtags":[],"symbols":[],"user_mentions":[],"urls":[]},"source":"\u003ca href=\"http:\/\/twitter.com\/download\/iphone\" rel=\"nofollow\"\u003eTwitter for iPhone\u003c\/a\u003e","in_reply_to_status_id":null,"in_reply_to_status_id_str":null,"in_reply_to_user_id":null,"in_reply_to_user_id_str":null,"in_reply_to_screen_name":null,"user":{"id":76201441,"id_str":"76201441","name":"\u2693\ufe0fCaptain MX\u2693\ufe0f","screen_name":"dongdingwoo","location":"central valley CA","description":"\u273f i aim to please your monsta x needs \u273f your #1 K.A.R.D. promoter \u273f SnSxHQ \u273f MONSTA X\ud83c\udf1f\ubaac\uc2a4\ud0c0\uc5d1\uc2a4 \u273f WONHO\u2764\ufe0f\uc2e0\ud638\uc11d \u273f WJSN\ud83d\udcab\uc6b0\uc8fc\uc18c\ub140 \u273f EXY\u2764\ucd94\uc18c\uc815 \u273f taco meat \u273f i stan monbebes \u273f","url":null,"entities":{"description":{"urls":[]}},"protected":false,"followers_count":284,"friends_count":668,"listed_count":24,"created_at":"Tue Sep 22 00:44:34 +0000 2009","favourites_count":8178,"utc_offset":-28800,"time_zone":"Pacific Time (US & Canada)","geo_enabled":false,"verified":false,"statuses_count":188284,"lang":"en","contributors_enabled":false,"is_translator":false,"is_translation_enabled":false,"profile_background_color":"FFF04D","profile_background_image_url":"http:\/\/abs.twimg.com\/images\/themes\/theme19\/bg.gif","profile_background_image_url_https":"https:\/\/abs.twimg.com\/images\/themes\/theme19\/bg.gif","profile_background_tile":false,"profile_image_url":"http:\/\/pbs.twimg.com\/profile_images\/787169393998344193\/itG_Hufs_normal.jpg","profile_image_url_https":"https:\/\/pbs.twimg.com\/profile_images\/787169393998344193\/itG_Hufs_normal.jpg","profile_banner_url":"https:\/\/pbs.twimg.com\/profile_banners\/76201441\/1480325552","profile_link_color":"0099CC","profile_sidebar_border_color":"FFF8AD","profile_sidebar_fill_color":"F6FFD1","profile_text_color":"333333","profile_use_background_image":true,"has_extended_profile":true,"default_profile":false,"default_profile_image":false,"following":false,"follow_request_sent":false,"notifications":false,"translator_type":"none"},"geo":null,"coordinates":null,"place":null,"contributors":null,"is_quote_status":false,"retweet_count":0,"favorite_count":0,"favorited":false,"retweeted":false,"lang":"en"}
