{"created_at":"Thu Jan 12 08:13:01 +0000 2017","id":819457139856973825,"id_str":"819457139856973825","text":"Huhuhu!\ud83d\ude2d\ud83d\ude2d\ud83d\ude2d","truncated":false,"entities":{"hashtags":[],"symbols":[],"user_mentions":[],"urls":[]},"source":"\u003ca href=\"http:\/\/twitter.com\/download\/android\" rel=\"nofollow\"\u003eTwitter for Android\u003c\/a\u003e","in_reply_to_status_id":null,"in_reply_to_status_id_str":null,"in_reply_to_user_id":null,"in_reply_to_user_id_str":null,"in_reply_to_screen_name":null,"user":{"id":4861831874,"id_str":"4861831874","name":"s h i \u2718","screen_name":"annshirlyyyy","location":"Antipolo City, Calabarzon","description":"Poleng deeply inlove \ud83d\udc9e || Seventeen \ud83d\udc95 ||","url":null,"entities":{"description":{"urls":[]}},"protected":false,"followers_count":525,"friends_count":431,"listed_count":1,"created_at":"Fri Feb 05 01:25:24 +0000 2016","favourites_count":8062,"utc_offset":-28800,"time_zone":"Pacific Time (US & Canada)","geo_enabled":true,"verified":false,"statuses_count":2902,"lang":"en","contributors_enabled":false,"is_translator":false,"is_translation_enabled":false,"profile_background_color":"F5F8FA","profile_background_image_url":null,"profile_background_image_url_https":null,"profile_background_tile":false,"profile_image_url":"http:\/\/pbs.twimg.com\/profile_images\/817233270148468737\/UGnDOVHV_normal.jpg","profile_image_url_https":"https:\/\/pbs.twimg.com\/profile_images\/817233270148468737\/UGnDOVHV_normal.jpg","profile_banner_url":"https:\/\/pbs.twimg.com\/profile_banners\/4861831874\/1482826710","profile_link_color":"1DA1F2","profile_sidebar_border_color":"C0DEED","profile_sidebar_fill_color":"DDEEF6","profile_text_color":"333333","profile_use_background_image":true,"has_extended_profile":true,"default_profile":true,"default_profile_image":false,"following":false,"follow_request_sent":false,"notifications":false,"translator_type":"none"},"geo":null,"coordinates":null,"place":null,"contributors":null,"is_quote_status":false,"retweet_count":1,"favorite_count":2,"favorited":false,"retweeted":false,"lang":"tl"}
