{"created_at":"Thu Jan 12 08:13:06 +0000 2017","id":819457160425803776,"id_str":"819457160425803776","text":"@i_v_amnos \n\n\u601d\u3044\u51fa\u304c\u7526\u308b\u2661\n\\( *\u00b4\u03c9`* )\/","truncated":false,"entities":{"hashtags":[],"symbols":[],"user_mentions":[{"screen_name":"i_v_amnos","name":"\u594f \u2745*\u0970\u0971","id":2322106446,"id_str":"2322106446","indices":[0,10]}],"urls":[]},"source":"\u003ca href=\"http:\/\/twitter.com\/download\/iphone\" rel=\"nofollow\"\u003eTwitter for iPhone\u003c\/a\u003e","in_reply_to_status_id":819426474658672640,"in_reply_to_status_id_str":"819426474658672640","in_reply_to_user_id":2322106446,"in_reply_to_user_id_str":"2322106446","in_reply_to_screen_name":"i_v_amnos","user":{"id":743717976210178049,"id_str":"743717976210178049","name":"\u3044\u3064\u306f\u3002","screen_name":"straycat_93","location":"\u65e5\u672c","description":"\u5d50\u5927\u597d\u304d \u5d50\u306e\u305f\u3081\u306e\u90e8\u5c4b\u3002\u306b\u306e\u3061\u3083\u3093\u597d\u304d\u306fJr,\u306e\u9803\u304b\u3089\u3002\u5d50\u306e\u4ef2\u826f\u3057\u306f\u6c38\u9060\u306b\u5927\u597d\u304d\u3002\u76f8\u8449\u304f\u3093\u304c\u597d\u304d\u306a \u306b\u306e\u3061\u3083\u3093\u304c\u5927\u597d\u304d\u2661 \u3044\u3044\u5927\u4eba\u3002\u5d50\u53cb\u9054\u3067 \u305f\u304f\u3055\u3093\u7e4b\u304c\u308a\u305f\u3044\u21902016\u5e7411\u670819\u65e5\u2190\u2190\u30c4\u30a2\u30fc\u521d\u53c2\u6226\ud83d\udc9a\ud83d\udc9b \ud83d\udc99\u2764\ud83d\udc9c \u732b \u98fc\u3063\u3066\u307e\u3059\u0dc6\u20db(* \u0951\ua4b3 \u0951*)","url":null,"entities":{"description":{"urls":[]}},"protected":false,"followers_count":38,"friends_count":250,"listed_count":1,"created_at":"Fri Jun 17 08:12:37 +0000 2016","favourites_count":2434,"utc_offset":null,"time_zone":null,"geo_enabled":false,"verified":false,"statuses_count":444,"lang":"en","contributors_enabled":false,"is_translator":false,"is_translation_enabled":false,"profile_background_color":"F5F8FA","profile_background_image_url":null,"profile_background_image_url_https":null,"profile_background_tile":false,"profile_image_url":"http:\/\/pbs.twimg.com\/profile_images\/820169886848557056\/ipYeySMA_normal.jpg","profile_image_url_https":"https:\/\/pbs.twimg.com\/profile_images\/820169886848557056\/ipYeySMA_normal.jpg","profile_banner_url":"https:\/\/pbs.twimg.com\/profile_banners\/743717976210178049\/1479736171","profile_link_color":"1DA1F2","profile_sidebar_border_color":"C0DEED","profile_sidebar_fill_color":"DDEEF6","profile_text_color":"333333","profile_use_background_image":true,"has_extended_profile":false,"default_profile":true,"default_profile_image":false,"following":false,"follow_request_sent":false,"notifications":false,"translator_type":"none"},"geo":null,"coordinates":null,"place":null,"contributors":null,"is_quote_status":false,"retweet_count":0,"favorite_count":1,"favorited":false,"retweeted":false,"lang":"ja"}
