{"created_at":"Thu Jan 12 08:13:02 +0000 2017","id":819457144189661184,"id_str":"819457144189661184","text":"@AFL @AFLFantasy I'd like to see AFL sides in Fantasy &amp; Supercoach come under the cap. More accurately reflecting reality.","truncated":false,"entities":{"hashtags":[],"symbols":[],"user_mentions":[{"screen_name":"AFL","name":"AFL","id":16319888,"id_str":"16319888","indices":[0,4]},{"screen_name":"AFLFantasy","name":"AFL Fantasy","id":24787181,"id_str":"24787181","indices":[5,16]}],"urls":[]},"source":"\u003ca href=\"https:\/\/mobile.twitter.com\" rel=\"nofollow\"\u003eMobile Web (M5)\u003c\/a\u003e","in_reply_to_status_id":819409193182466048,"in_reply_to_status_id_str":"819409193182466048","in_reply_to_user_id":16319888,"in_reply_to_user_id_str":"16319888","in_reply_to_screen_name":"AFL","user":{"id":17721301,"id_str":"17721301","name":"DNine","screen_name":"DNine","location":"Hoppers Crossing","description":"","url":null,"entities":{"description":{"urls":[]}},"protected":false,"followers_count":7,"friends_count":102,"listed_count":0,"created_at":"Fri Nov 28 22:16:12 +0000 2008","favourites_count":1,"utc_offset":-28800,"time_zone":"Pacific Time (US & Canada)","geo_enabled":false,"verified":false,"statuses_count":496,"lang":"en","contributors_enabled":false,"is_translator":false,"is_translation_enabled":false,"profile_background_color":"C0DEED","profile_background_image_url":"http:\/\/pbs.twimg.com\/profile_background_images\/785012951\/c9b7d1c18e659fc52ec1a4afa1424686.jpeg","profile_background_image_url_https":"https:\/\/pbs.twimg.com\/profile_background_images\/785012951\/c9b7d1c18e659fc52ec1a4afa1424686.jpeg","profile_background_tile":false,"profile_image_url":"http:\/\/pbs.twimg.com\/profile_images\/1883257551\/me2_normal.jpg","profile_image_url_https":"https:\/\/pbs.twimg.com\/profile_images\/1883257551\/me2_normal.jpg","profile_link_color":"0084B4","profile_sidebar_border_color":"FFFFFF","profile_sidebar_fill_color":"DDEEF6","profile_text_color":"333333","profile_use_background_image":true,"has_extended_profile":false,"default_profile":false,"default_profile_image":false,"following":false,"follow_request_sent":false,"notifications":false,"translator_type":"none"},"geo":null,"coordinates":null,"place":null,"contributors":null,"is_quote_status":false,"retweet_count":0,"favorite_count":0,"favorited":false,"retweeted":false,"lang":"en"}
