{"created_at":"Thu Jan 12 08:13:06 +0000 2017","id":819457158660165632,"id_str":"819457158660165632","text":"I can't sleep\ud83d\ude44","truncated":false,"entities":{"hashtags":[],"symbols":[],"user_mentions":[],"urls":[]},"source":"\u003ca href=\"http:\/\/twitter.com\/download\/iphone\" rel=\"nofollow\"\u003eTwitter for iPhone\u003c\/a\u003e","in_reply_to_status_id":null,"in_reply_to_status_id_str":null,"in_reply_to_user_id":null,"in_reply_to_user_id_str":null,"in_reply_to_screen_name":null,"user":{"id":3613253544,"id_str":"3613253544","name":"\u13e6am","screen_name":"CurrllyKaam","location":"CA\u2708\ufe0fHouston, TX","description":"19\u2728 I have a man leave me alone. #BlackLivesMatter","url":null,"entities":{"description":{"urls":[]}},"protected":false,"followers_count":1696,"friends_count":799,"listed_count":8,"created_at":"Sat Sep 19 06:51:33 +0000 2015","favourites_count":20004,"utc_offset":null,"time_zone":null,"geo_enabled":true,"verified":false,"statuses_count":25068,"lang":"en","contributors_enabled":false,"is_translator":false,"is_translation_enabled":false,"profile_background_color":"C0DEED","profile_background_image_url":"http:\/\/abs.twimg.com\/images\/themes\/theme1\/bg.png","profile_background_image_url_https":"https:\/\/abs.twimg.com\/images\/themes\/theme1\/bg.png","profile_background_tile":false,"profile_image_url":"http:\/\/pbs.twimg.com\/profile_images\/819466003495223296\/o8UA34Dw_normal.jpg","profile_image_url_https":"https:\/\/pbs.twimg.com\/profile_images\/819466003495223296\/o8UA34Dw_normal.jpg","profile_banner_url":"https:\/\/pbs.twimg.com\/profile_banners\/3613253544\/1481960328","profile_link_color":"1DA1F2","profile_sidebar_border_color":"C0DEED","profile_sidebar_fill_color":"DDEEF6","profile_text_color":"333333","profile_use_background_image":true,"has_extended_profile":true,"default_profile":true,"default_profile_image":false,"following":false,"follow_request_sent":false,"notifications":false,"translator_type":"none"},"geo":null,"coordinates":null,"place":null,"contributors":null,"is_quote_status":false,"retweet_count":5,"favorite_count":1,"favorited":false,"retweeted":false,"lang":"en"}
