{"created_at":"Thu Jan 12 08:13:04 +0000 2017","id":819457153777991680,"id_str":"819457153777991680","text":"@sayitaintpalmer yeah I got it I'm  bouta play back","truncated":false,"entities":{"hashtags":[],"symbols":[],"user_mentions":[{"screen_name":"sayitaintpalmer","name":"Ann \ud83d\udc8b","id":741977862555762688,"id_str":"741977862555762688","indices":[0,16]}],"urls":[]},"source":"\u003ca href=\"http:\/\/twitter.com\/download\/iphone\" rel=\"nofollow\"\u003eTwitter for iPhone\u003c\/a\u003e","in_reply_to_status_id":819457052540104704,"in_reply_to_status_id_str":"819457052540104704","in_reply_to_user_id":741977862555762688,"in_reply_to_user_id_str":"741977862555762688","in_reply_to_screen_name":"sayitaintpalmer","user":{"id":413552030,"id_str":"413552030","name":"\u15f7E\u1455KY \ud83d\udc8b\ud83d\udda4","screen_name":"____kashawna","location":"\u2113\u03b1 \u2113\u03b1 \u2113\u03b1\u0438\u2202 \u2764\ufe0f","description":"\u15f7E\u1455KY \u15efIT\u157c T\u157cE GOO\u15ea Y\u15e9 K\u144eO\u15ef \ud83d\ude1c\ud83d\ude1d\ud83d\udc81\ud83c\udffd \u144eE\u142fE\u1587 \u15f0\u15e9KE \u1515O\u15f0EO\u144eE \u15e9 \u146d\u1587IO\u1587ITY \u15ef\u157cE\u144e \u15e9\u14aa\u14aa YO\u144c \u15e9\u1587E I\u1515 \u15e9\u144e O\u146dTIO\u144e \ud83d\ude45\ud83c\udffd","url":null,"entities":{"description":{"urls":[]}},"protected":false,"followers_count":1073,"friends_count":1025,"listed_count":2,"created_at":"Wed Nov 16 00:56:59 +0000 2011","favourites_count":2693,"utc_offset":-18000,"time_zone":"Eastern Time (US & Canada)","geo_enabled":true,"verified":false,"statuses_count":47364,"lang":"en","contributors_enabled":false,"is_translator":false,"is_translation_enabled":false,"profile_background_color":"CE3333","profile_background_image_url":"http:\/\/pbs.twimg.com\/profile_background_images\/822138905\/a8be279fdb479485a7f55e15fc21888d.jpeg","profile_background_image_url_https":"https:\/\/pbs.twimg.com\/profile_background_images\/822138905\/a8be279fdb479485a7f55e15fc21888d.jpeg","profile_background_tile":true,"profile_image_url":"http:\/\/pbs.twimg.com\/profile_images\/818665087862968320\/ipZ3GZCe_normal.jpg","profile_image_url_https":"https:\/\/pbs.twimg.com\/profile_images\/818665087862968320\/ipZ3GZCe_normal.jpg","profile_banner_url":"https:\/\/pbs.twimg.com\/profile_banners\/413552030\/1483811592","profile_link_color":"CE4453","profile_sidebar_border_color":"FFFFFF","profile_sidebar_fill_color":"DDEEF6","profile_text_color":"333333","profile_use_background_image":true,"has_extended_profile":false,"default_profile":false,"default_profile_image":false,"following":false,"follow_request_sent":false,"notifications":false,"translator_type":"none"},"geo":null,"coordinates":null,"place":null,"contributors":null,"is_quote_status":false,"retweet_count":0,"favorite_count":0,"favorited":false,"retweeted":false,"lang":"en"}
