{"created_at":"Thu Jan 12 08:13:02 +0000 2017","id":819457142302343169,"id_str":"819457142302343169","text":"@KoKane_Kowgirl \ud83d\ude02 real one huh","truncated":false,"entities":{"hashtags":[],"symbols":[],"user_mentions":[{"screen_name":"KoKane_Kowgirl","name":"L U C H I N I","id":34837515,"id_str":"34837515","indices":[0,15]}],"urls":[]},"source":"\u003ca href=\"http:\/\/twitter.com\/download\/iphone\" rel=\"nofollow\"\u003eTwitter for iPhone\u003c\/a\u003e","in_reply_to_status_id":819456468390998016,"in_reply_to_status_id_str":"819456468390998016","in_reply_to_user_id":34837515,"in_reply_to_user_id_str":"34837515","in_reply_to_screen_name":"KoKane_Kowgirl","user":{"id":376526884,"id_str":"376526884","name":"MADEMAN \ud83d\udc73\ud83c\udffe","screen_name":"MADEMAN_I_AM","location":"MURKGOMERY , ALABAMA ","description":"Heart cold but its made of gold.","url":"https:\/\/t.co\/0RCWNEH0Ch","entities":{"url":{"urls":[{"url":"https:\/\/t.co\/0RCWNEH0Ch","expanded_url":"http:\/\/soundcloud.com\/mademancorleone","display_url":"soundcloud.com\/mademancorleone","indices":[0,23]}]},"description":{"urls":[]}},"protected":false,"followers_count":2567,"friends_count":641,"listed_count":6,"created_at":"Tue Sep 20 01:37:03 +0000 2011","favourites_count":5082,"utc_offset":-21600,"time_zone":"Central Time (US & Canada)","geo_enabled":true,"verified":false,"statuses_count":83869,"lang":"en","contributors_enabled":false,"is_translator":false,"is_translation_enabled":false,"profile_background_color":"131516","profile_background_image_url":"http:\/\/abs.twimg.com\/images\/themes\/theme14\/bg.gif","profile_background_image_url_https":"https:\/\/abs.twimg.com\/images\/themes\/theme14\/bg.gif","profile_background_tile":true,"profile_image_url":"http:\/\/pbs.twimg.com\/profile_images\/819799681781755905\/-aTpJpgW_normal.jpg","profile_image_url_https":"https:\/\/pbs.twimg.com\/profile_images\/819799681781755905\/-aTpJpgW_normal.jpg","profile_banner_url":"https:\/\/pbs.twimg.com\/profile_banners\/376526884\/1456334994","profile_link_color":"009999","profile_sidebar_border_color":"EEEEEE","profile_sidebar_fill_color":"EFEFEF","profile_text_color":"333333","profile_use_background_image":true,"has_extended_profile":true,"default_profile":false,"default_profile_image":false,"following":false,"follow_request_sent":false,"notifications":false,"translator_type":"none"},"geo":null,"coordinates":null,"place":null,"contributors":null,"is_quote_status":false,"retweet_count":0,"favorite_count":0,"favorited":false,"retweeted":false,"lang":"en"}
