{"created_at":"Thu Jan 12 08:13:06 +0000 2017","id":819457159125671937,"id_str":"819457159125671937","text":"\u0627\u0644\u062f\u0639\u0627\u0621 \u0644\u0645\u0646 \u0644\u0628\u0633 \u062b\u0648\u0628\u0627\u064b \u062c\u062f\u064a\u062f\u0627\u064b:\u0625\u0644\u0628\u0650\u0633\u0652 \u062c\u064e\u062f\u0650\u064a\u062f\u0627\u064b \u0648\u0639\u0650\u0634\u0652 \u062d\u0645\u064a\u062f\u0627\u064b \u0648\u0645\u064f\u062a\u0652 \u0634\u0647\u064a\u062f\u0627\u064b https:\/\/t.co\/aAzW2YRIgR","truncated":false,"entities":{"hashtags":[],"symbols":[],"user_mentions":[],"urls":[{"url":"https:\/\/t.co\/aAzW2YRIgR","expanded_url":"http:\/\/du3a.org","display_url":"du3a.org","indices":[70,93]}]},"source":"\u003ca href=\"http:\/\/du3a.org\" rel=\"nofollow\"\u003e\u062a\u0637\u0628\u0640\u0640\u0640\u064a\u0640\u0642 \u062f\u0639\u0640\u0640\u0640\u0640\u0640\u0627\u0621 \u003c\/a\u003e","in_reply_to_status_id":null,"in_reply_to_status_id_str":null,"in_reply_to_user_id":null,"in_reply_to_user_id_str":null,"in_reply_to_screen_name":null,"user":{"id":819119677825761280,"id_str":"819119677825761280","name":"\ud83d\udc94\u274c","screen_name":"p_z11i","location":"\u062f\u0628\u064a, \u0627\u0644\u0627\u0645\u0627\u0631\u0627\u062a \u0627\u0644\u0639\u0631\u0628\u064a\u0629 \u0627\u0644\u0645\u062a\u062d\u062f\u0629","description":"\u0627\u0644\u0623\u0645\u064f\u0627\u0646\u064a\u064e \u0644\u0648 \u0647\u0650\u064a \u0628\u0639\u064a\u062f\u0629 \u0645\u0627\u0639\u0644\u0649 \u0631\u0628\u0650\u0643 \u0645\u064f\u062d\u0627\u0644 \u060c\u2661\ud83d\udcad\u2764","url":null,"entities":{"description":{"urls":[]}},"protected":false,"followers_count":62,"friends_count":420,"listed_count":0,"created_at":"Wed Jan 11 09:52:04 +0000 2017","favourites_count":1,"utc_offset":null,"time_zone":null,"geo_enabled":false,"verified":false,"statuses_count":90,"lang":"ar","contributors_enabled":false,"is_translator":false,"is_translation_enabled":false,"profile_background_color":"F5F8FA","profile_background_image_url":null,"profile_background_image_url_https":null,"profile_background_tile":false,"profile_image_url":"http:\/\/pbs.twimg.com\/profile_images\/819191138435338242\/Y-0QXpYP_normal.jpg","profile_image_url_https":"https:\/\/pbs.twimg.com\/profile_images\/819191138435338242\/Y-0QXpYP_normal.jpg","profile_banner_url":"https:\/\/pbs.twimg.com\/profile_banners\/819119677825761280\/1484128581","profile_link_color":"1DA1F2","profile_sidebar_border_color":"C0DEED","profile_sidebar_fill_color":"DDEEF6","profile_text_color":"333333","profile_use_background_image":true,"has_extended_profile":true,"default_profile":true,"default_profile_image":false,"following":false,"follow_request_sent":false,"notifications":false,"translator_type":"none"},"geo":null,"coordinates":null,"place":null,"contributors":null,"is_quote_status":false,"retweet_count":0,"favorite_count":0,"favorited":false,"retweeted":false,"possibly_sensitive":false,"possibly_sensitive_appealable":false,"lang":"ar"}
