{"created_at":"Thu Jan 12 08:13:02 +0000 2017","id":819457141929103360,"id_str":"819457141929103360","text":"@tsuaveee bruh I made it a tradition to get Taco Bell every paycheck. Especially those damn Doritos tacos","truncated":false,"entities":{"hashtags":[],"symbols":[],"user_mentions":[{"screen_name":"tsuaveee","name":"terique \ud83d\udc10","id":240003164,"id_str":"240003164","indices":[0,9]}],"urls":[]},"source":"\u003ca href=\"http:\/\/twitter.com\/download\/iphone\" rel=\"nofollow\"\u003eTwitter for iPhone\u003c\/a\u003e","in_reply_to_status_id":819456484216111104,"in_reply_to_status_id_str":"819456484216111104","in_reply_to_user_id":240003164,"in_reply_to_user_id_str":"240003164","in_reply_to_screen_name":"tsuaveee","user":{"id":3218890002,"id_str":"3218890002","name":"i respect women","screen_name":"baldguybigshoe","location":"","description":"\ud83e\udd22\ud83e\udd22\ud83e\udd22\ud83e\udd22\ud83e\udd22","url":null,"entities":{"description":{"urls":[]}},"protected":false,"followers_count":185,"friends_count":133,"listed_count":1,"created_at":"Mon May 18 04:24:46 +0000 2015","favourites_count":4765,"utc_offset":null,"time_zone":null,"geo_enabled":false,"verified":false,"statuses_count":7734,"lang":"en","contributors_enabled":false,"is_translator":false,"is_translation_enabled":false,"profile_background_color":"C0DEED","profile_background_image_url":"http:\/\/abs.twimg.com\/images\/themes\/theme1\/bg.png","profile_background_image_url_https":"https:\/\/abs.twimg.com\/images\/themes\/theme1\/bg.png","profile_background_tile":false,"profile_image_url":"http:\/\/pbs.twimg.com\/profile_images\/819852505102385152\/3BBKJtrW_normal.jpg","profile_image_url_https":"https:\/\/pbs.twimg.com\/profile_images\/819852505102385152\/3BBKJtrW_normal.jpg","profile_banner_url":"https:\/\/pbs.twimg.com\/profile_banners\/3218890002\/1484211605","profile_link_color":"1DA1F2","profile_sidebar_border_color":"C0DEED","profile_sidebar_fill_color":"DDEEF6","profile_text_color":"333333","profile_use_background_image":true,"has_extended_profile":true,"default_profile":true,"default_profile_image":false,"following":false,"follow_request_sent":false,"notifications":false,"translator_type":"none"},"geo":null,"coordinates":null,"place":null,"contributors":null,"is_quote_status":false,"retweet_count":1,"favorite_count":1,"favorited":false,"retweeted":false,"lang":"en"}
