{"created_at":"Thu Jan 12 08:13:01 +0000 2017","id":819457139269861376,"id_str":"819457139269861376","text":"\"I'm just a squirrel trying to nut\"","truncated":false,"entities":{"hashtags":[],"symbols":[],"user_mentions":[],"urls":[]},"source":"\u003ca href=\"http:\/\/twitter.com\/download\/iphone\" rel=\"nofollow\"\u003eTwitter for iPhone\u003c\/a\u003e","in_reply_to_status_id":null,"in_reply_to_status_id_str":null,"in_reply_to_user_id":null,"in_reply_to_user_id_str":null,"in_reply_to_screen_name":null,"user":{"id":2369681689,"id_str":"2369681689","name":"Mr. Brightside","screen_name":"Heidddd","location":"Austin, TX","description":"Simple is complex ~ Snap - JustHeid","url":"https:\/\/t.co\/vjrcvqhJaD","entities":{"url":{"urls":[{"url":"https:\/\/t.co\/vjrcvqhJaD","expanded_url":"https:\/\/youtu.be\/vWnlM3AGH2A","display_url":"youtu.be\/vWnlM3AGH2A","indices":[0,23]}]},"description":{"urls":[]}},"protected":false,"followers_count":144,"friends_count":152,"listed_count":2,"created_at":"Mon Mar 03 02:09:50 +0000 2014","favourites_count":1734,"utc_offset":-28800,"time_zone":"Pacific Time (US & Canada)","geo_enabled":true,"verified":false,"statuses_count":1887,"lang":"en","contributors_enabled":false,"is_translator":false,"is_translation_enabled":false,"profile_background_color":"C0DEED","profile_background_image_url":"http:\/\/abs.twimg.com\/images\/themes\/theme1\/bg.png","profile_background_image_url_https":"https:\/\/abs.twimg.com\/images\/themes\/theme1\/bg.png","profile_background_tile":false,"profile_image_url":"http:\/\/pbs.twimg.com\/profile_images\/819946814690430977\/ZjEoBrTD_normal.jpg","profile_image_url_https":"https:\/\/pbs.twimg.com\/profile_images\/819946814690430977\/ZjEoBrTD_normal.jpg","profile_banner_url":"https:\/\/pbs.twimg.com\/profile_banners\/2369681689\/1484208740","profile_link_color":"1DA1F2","profile_sidebar_border_color":"C0DEED","profile_sidebar_fill_color":"DDEEF6","profile_text_color":"333333","profile_use_background_image":true,"has_extended_profile":true,"default_profile":true,"default_profile_image":false,"following":false,"follow_request_sent":false,"notifications":false,"translator_type":"none"},"geo":null,"coordinates":null,"place":null,"contributors":null,"is_quote_status":false,"retweet_count":1,"favorite_count":1,"favorited":false,"retweeted":false,"lang":"en"}
