{"created_at":"Thu Jan 12 08:13:04 +0000 2017","id":819457151642968064,"id_str":"819457151642968064","text":"I love that we were at @dassalo's little show when this crowd surfing tradition started and now THE @grantdenyer wa\u2026 https:\/\/t.co\/w4NArG1WYJ","truncated":true,"entities":{"hashtags":[],"symbols":[],"user_mentions":[{"screen_name":"dassalo","name":"Tommy Dassalo","id":23168152,"id_str":"23168152","indices":[23,31]},{"screen_name":"grantdenyer","name":"Grant Denyer","id":37879200,"id_str":"37879200","indices":[100,112]}],"urls":[{"url":"https:\/\/t.co\/w4NArG1WYJ","expanded_url":"https:\/\/twitter.com\/i\/web\/status\/819457151642968064","display_url":"twitter.com\/i\/web\/status\/8\u2026","indices":[117,140]}]},"source":"\u003ca href=\"http:\/\/www.tweetcaster.com\" rel=\"nofollow\"\u003eTweetCaster for Android\u003c\/a\u003e","in_reply_to_status_id":null,"in_reply_to_status_id_str":null,"in_reply_to_user_id":null,"in_reply_to_user_id_str":null,"in_reply_to_screen_name":null,"user":{"id":132158476,"id_str":"132158476","name":"Ghost","screen_name":"11thGhost","location":"Australia, or thereabouts","description":"I was there when I was born. Everything after that is ambiguous at best.","url":null,"entities":{"description":{"urls":[]}},"protected":false,"followers_count":118,"friends_count":225,"listed_count":9,"created_at":"Mon Apr 12 12:54:16 +0000 2010","favourites_count":215,"utc_offset":36000,"time_zone":"Brisbane","geo_enabled":false,"verified":false,"statuses_count":3435,"lang":"en","contributors_enabled":false,"is_translator":false,"is_translation_enabled":false,"profile_background_color":"000000","profile_background_image_url":"http:\/\/abs.twimg.com\/images\/themes\/theme6\/bg.gif","profile_background_image_url_https":"https:\/\/abs.twimg.com\/images\/themes\/theme6\/bg.gif","profile_background_tile":false,"profile_image_url":"http:\/\/pbs.twimg.com\/profile_images\/616403035070164992\/q4bQ6aKj_normal.png","profile_image_url_https":"https:\/\/pbs.twimg.com\/profile_images\/616403035070164992\/q4bQ6aKj_normal.png","profile_banner_url":"https:\/\/pbs.twimg.com\/profile_banners\/132158476\/1356014495","profile_link_color":"3B94D9","profile_sidebar_border_color":"000000","profile_sidebar_fill_color":"000000","profile_text_color":"000000","profile_use_background_image":false,"has_extended_profile":false,"default_profile":false,"default_profile_image":false,"following":false,"follow_request_sent":false,"notifications":false,"translator_type":"none"},"geo":null,"coordinates":null,"place":null,"contributors":null,"is_quote_status":true,"quoted_status_id":819455710220038144,"quoted_status_id_str":"819455710220038144","quoted_status":{"created_at":"Thu Jan 12 08:07:20 +0000 2017","id":819455710220038144,"id_str":"819455710220038144","text":"@DumDumClub @24absters @dassalo I'll hold you to the bit where u said there's crowd surfing at the live shows!!","truncated":false,"entities":{"hashtags":[],"symbols":[],"user_mentions":[{"screen_name":"DumDumClub","name":"Little Dum Dum Club","id":220299672,"id_str":"220299672","indices":[0,11]},{"screen_name":"24absters","name":"Abby Page","id":931393004,"id_str":"931393004","indices":[12,22]},{"screen_name":"dassalo","name":"Tommy Dassalo","id":23168152,"id_str":"23168152","indices":[23,31]}],"urls":[]},"source":"\u003ca href=\"http:\/\/twitter.com\/download\/iphone\" rel=\"nofollow\"\u003eTwitter for iPhone\u003c\/a\u003e","in_reply_to_status_id":819454007861080064,"in_reply_to_status_id_str":"819454007861080064","in_reply_to_user_id":220299672,"in_reply_to_user_id_str":"220299672","in_reply_to_screen_name":"DumDumClub","user":{"id":37879200,"id_str":"37879200","name":"Grant Denyer","screen_name":"grantdenyer","location":"Australia","description":"host of Family Feud - champion race driver world record holder - crap daredevil - bobble head - owns 3 cows. Instagram: @grantdenyer","url":"https:\/\/t.co\/LVb4cBzT8D","entities":{"url":{"urls":[{"url":"https:\/\/t.co\/LVb4cBzT8D","expanded_url":"http:\/\/www.grantdenyer.com.au","display_url":"grantdenyer.com.au","indices":[0,23]}]},"description":{"urls":[]}},"protected":false,"followers_count":113917,"friends_count":741,"listed_count":340,"created_at":"Tue May 05 07:26:14 +0000 2009","favourites_count":8568,"utc_offset":39600,"time_zone":"Sydney","geo_enabled":true,"verified":true,"statuses_count":5070,"lang":"en","contributors_enabled":false,"is_translator":false,"is_translation_enabled":false,"profile_background_color":"C0DEED","profile_background_image_url":"http:\/\/abs.twimg.com\/images\/themes\/theme1\/bg.png","profile_background_image_url_https":"https:\/\/abs.twimg.com\/images\/themes\/theme1\/bg.png","profile_background_tile":false,"profile_image_url":"http:\/\/pbs.twimg.com\/profile_images\/806817171913326593\/iYYhpvuf_normal.jpg","profile_image_url_https":"https:\/\/pbs.twimg.com\/profile_images\/806817171913326593\/iYYhpvuf_normal.jpg","profile_banner_url":"https:\/\/pbs.twimg.com\/profile_banners\/37879200\/1481074704","profile_link_color":"1DA1F2","profile_sidebar_border_color":"C0DEED","profile_sidebar_fill_color":"DDEEF6","profile_text_color":"333333","profile_use_background_image":true,"has_extended_profile":false,"default_profile":true,"default_profile_image":false,"following":false,"follow_request_sent":false,"notifications":false,"translator_type":"none"},"geo":null,"coordinates":null,"place":null,"contributors":null,"is_quote_status":false,"retweet_count":0,"favorite_count":5,"favorited":false,"retweeted":false,"lang":"en"},"retweet_count":0,"favorite_count":3,"favorited":false,"retweeted":false,"possibly_sensitive":false,"possibly_sensitive_appealable":false,"lang":"en"}
