{"created_at":"Thu Jan 12 08:13:03 +0000 2017","id":819457148992241664,"id_str":"819457148992241664","text":"@howaboutnooo S\u00e6t i galop!","truncated":false,"entities":{"hashtags":[],"symbols":[],"user_mentions":[{"screen_name":"howaboutnooo","name":"Brigitte","id":15016679,"id_str":"15016679","indices":[0,13]}],"urls":[]},"source":"\u003ca href=\"https:\/\/about.twitter.com\/products\/tweetdeck\" rel=\"nofollow\"\u003eTweetDeck\u003c\/a\u003e","in_reply_to_status_id":819456439160868864,"in_reply_to_status_id_str":"819456439160868864","in_reply_to_user_id":15016679,"in_reply_to_user_id_str":"15016679","in_reply_to_screen_name":"howaboutnooo","user":{"id":1174712342,"id_str":"1174712342","name":"Troels Trier","screen_name":"troelstrier","location":"K\u00f8benhavn","description":"Kommunikationskonsulent hos Socialdemokratiet, der skal sparke gang i den digitale og visuelle kommunikation.","url":"http:\/\/t.co\/42JoKjbVqR","entities":{"url":{"urls":[{"url":"http:\/\/t.co\/42JoKjbVqR","expanded_url":"http:\/\/www.linkedin.com\/in\/troelstrier","display_url":"linkedin.com\/in\/troelstrier","indices":[0,22]}]},"description":{"urls":[]}},"protected":false,"followers_count":1837,"friends_count":1691,"listed_count":59,"created_at":"Wed Feb 13 10:08:23 +0000 2013","favourites_count":2944,"utc_offset":3600,"time_zone":"Ljubljana","geo_enabled":true,"verified":true,"statuses_count":5818,"lang":"da","contributors_enabled":false,"is_translator":false,"is_translation_enabled":false,"profile_background_color":"C0DEED","profile_background_image_url":"http:\/\/abs.twimg.com\/images\/themes\/theme1\/bg.png","profile_background_image_url_https":"https:\/\/abs.twimg.com\/images\/themes\/theme1\/bg.png","profile_background_tile":false,"profile_image_url":"http:\/\/pbs.twimg.com\/profile_images\/602073295438028803\/v-K_37FC_normal.jpg","profile_image_url_https":"https:\/\/pbs.twimg.com\/profile_images\/602073295438028803\/v-K_37FC_normal.jpg","profile_banner_url":"https:\/\/pbs.twimg.com\/profile_banners\/1174712342\/1482511295","profile_link_color":"1B95E0","profile_sidebar_border_color":"C0DEED","profile_sidebar_fill_color":"DDEEF6","profile_text_color":"333333","profile_use_background_image":true,"has_extended_profile":false,"default_profile":false,"default_profile_image":false,"following":false,"follow_request_sent":false,"notifications":false,"translator_type":"none"},"geo":null,"coordinates":null,"place":null,"contributors":null,"is_quote_status":false,"retweet_count":0,"favorite_count":0,"favorited":false,"retweeted":false,"lang":"da"}
