{"created_at":"Thu Jan 12 08:13:03 +0000 2017","id":819457148165963776,"id_str":"819457148165963776","text":"ALV!!! @Picos1107_Twich https:\/\/t.co\/TDbM51Jv8n","truncated":false,"entities":{"hashtags":[],"symbols":[],"user_mentions":[{"screen_name":"Picos1107_Twich","name":"Picos1107#PicosArmy","id":3287881579,"id_str":"3287881579","indices":[7,23]}],"urls":[],"media":[{"id":819457116058615808,"id_str":"819457116058615808","indices":[24,47],"media_url":"http:\/\/pbs.twimg.com\/media\/C19L58dXAAAZ3JX.jpg","media_url_https":"https:\/\/pbs.twimg.com\/media\/C19L58dXAAAZ3JX.jpg","url":"https:\/\/t.co\/TDbM51Jv8n","display_url":"pic.twitter.com\/TDbM51Jv8n","expanded_url":"https:\/\/twitter.com\/iTzSirBlackS2\/status\/819457148165963776\/photo\/1","type":"photo","sizes":{"large":{"w":854,"h":480,"resize":"fit"},"thumb":{"w":150,"h":150,"resize":"crop"},"medium":{"w":854,"h":480,"resize":"fit"},"small":{"w":680,"h":382,"resize":"fit"}}}]},"extended_entities":{"media":[{"id":819457116058615808,"id_str":"819457116058615808","indices":[24,47],"media_url":"http:\/\/pbs.twimg.com\/media\/C19L58dXAAAZ3JX.jpg","media_url_https":"https:\/\/pbs.twimg.com\/media\/C19L58dXAAAZ3JX.jpg","url":"https:\/\/t.co\/TDbM51Jv8n","display_url":"pic.twitter.com\/TDbM51Jv8n","expanded_url":"https:\/\/twitter.com\/iTzSirBlackS2\/status\/819457148165963776\/photo\/1","type":"photo","sizes":{"large":{"w":854,"h":480,"resize":"fit"},"thumb":{"w":150,"h":150,"resize":"crop"},"medium":{"w":854,"h":480,"resize":"fit"},"small":{"w":680,"h":382,"resize":"fit"}}}]},"source":"\u003ca href=\"http:\/\/twitter.com\" rel=\"nofollow\"\u003eTwitter Web Client\u003c\/a\u003e","in_reply_to_status_id":null,"in_reply_to_status_id_str":null,"in_reply_to_user_id":null,"in_reply_to_user_id_str":null,"in_reply_to_screen_name":null,"user":{"id":3292378155,"id_str":"3292378155","name":"Camilo De Fernanda","screen_name":"iTzSirBlackS2","location":"Colombia","description":"Intento de Streamer y YouTuber | SILVER II\n  | Fernanda el amor de mi vida\ud83d\ude0d\ud83d\udc9f\ud83d\udc96\ud83d\udc96\ud83d\udc97\ud83d\udc97\ud83d\udc9f |#HailCuquetos","url":null,"entities":{"description":{"urls":[]}},"protected":false,"followers_count":230,"friends_count":67,"listed_count":2,"created_at":"Thu May 21 04:08:40 +0000 2015","favourites_count":2307,"utc_offset":null,"time_zone":null,"geo_enabled":false,"verified":false,"statuses_count":2434,"lang":"es","contributors_enabled":false,"is_translator":false,"is_translation_enabled":false,"profile_background_color":"000000","profile_background_image_url":"http:\/\/abs.twimg.com\/images\/themes\/theme1\/bg.png","profile_background_image_url_https":"https:\/\/abs.twimg.com\/images\/themes\/theme1\/bg.png","profile_background_tile":false,"profile_image_url":"http:\/\/pbs.twimg.com\/profile_images\/817956355088719872\/1uvjKxmM_normal.jpg","profile_image_url_https":"https:\/\/pbs.twimg.com\/profile_images\/817956355088719872\/1uvjKxmM_normal.jpg","profile_banner_url":"https:\/\/pbs.twimg.com\/profile_banners\/3292378155\/1480838246","profile_link_color":"FAB81E","profile_sidebar_border_color":"000000","profile_sidebar_fill_color":"000000","profile_text_color":"000000","profile_use_background_image":false,"has_extended_profile":true,"default_profile":false,"default_profile_image":false,"following":false,"follow_request_sent":false,"notifications":false,"translator_type":"none"},"geo":null,"coordinates":null,"place":null,"contributors":null,"is_quote_status":false,"retweet_count":0,"favorite_count":1,"favorited":false,"retweeted":false,"possibly_sensitive":false,"possibly_sensitive_appealable":false,"lang":"und"}
