{"created_at":"Thu Jan 12 08:13:05 +0000 2017","id":819457157368201218,"id_str":"819457157368201218","text":"@ughmadii ah man I hate that and can totally relate but education wise","truncated":false,"entities":{"hashtags":[],"symbols":[],"user_mentions":[{"screen_name":"ughmadii","name":"madi","id":3371094985,"id_str":"3371094985","indices":[0,9]}],"urls":[]},"source":"\u003ca href=\"http:\/\/twitter.com\/download\/iphone\" rel=\"nofollow\"\u003eTwitter for iPhone\u003c\/a\u003e","in_reply_to_status_id":819455646642761728,"in_reply_to_status_id_str":"819455646642761728","in_reply_to_user_id":3371094985,"in_reply_to_user_id_str":"3371094985","in_reply_to_screen_name":"ughmadii","user":{"id":3094880173,"id_str":"3094880173","name":"megan","screen_name":"tomlinsonslatte","location":"los angeles","description":"and the pursuit of happiness. be happy.","url":null,"entities":{"description":{"urls":[]}},"protected":false,"followers_count":1607,"friends_count":135,"listed_count":37,"created_at":"Wed Mar 18 03:40:19 +0000 2015","favourites_count":14001,"utc_offset":-28800,"time_zone":"Pacific Time (US & Canada)","geo_enabled":true,"verified":false,"statuses_count":15807,"lang":"en","contributors_enabled":false,"is_translator":false,"is_translation_enabled":false,"profile_background_color":"C0DEED","profile_background_image_url":"http:\/\/abs.twimg.com\/images\/themes\/theme1\/bg.png","profile_background_image_url_https":"https:\/\/abs.twimg.com\/images\/themes\/theme1\/bg.png","profile_background_tile":false,"profile_image_url":"http:\/\/pbs.twimg.com\/profile_images\/817140732569866240\/h-8bMcQ-_normal.jpg","profile_image_url_https":"https:\/\/pbs.twimg.com\/profile_images\/817140732569866240\/h-8bMcQ-_normal.jpg","profile_banner_url":"https:\/\/pbs.twimg.com\/profile_banners\/3094880173\/1483656528","profile_link_color":"1DA1F2","profile_sidebar_border_color":"C0DEED","profile_sidebar_fill_color":"DDEEF6","profile_text_color":"333333","profile_use_background_image":true,"has_extended_profile":true,"default_profile":true,"default_profile_image":false,"following":false,"follow_request_sent":false,"notifications":false,"translator_type":"none"},"geo":null,"coordinates":null,"place":null,"contributors":null,"is_quote_status":false,"retweet_count":0,"favorite_count":1,"favorited":false,"retweeted":false,"lang":"en"}
