{"created_at":"Thu Jan 12 08:13:02 +0000 2017","id":819457144101761024,"id_str":"819457144101761024","text":"I want to sleep all day smh","truncated":false,"entities":{"hashtags":[],"symbols":[],"user_mentions":[],"urls":[]},"source":"\u003ca href=\"http:\/\/twitter.com\/download\/android\" rel=\"nofollow\"\u003eTwitter for Android\u003c\/a\u003e","in_reply_to_status_id":null,"in_reply_to_status_id_str":null,"in_reply_to_user_id":null,"in_reply_to_user_id_str":null,"in_reply_to_screen_name":null,"user":{"id":1463807042,"id_str":"1463807042","name":"sonia","screen_name":"dorkboysgirl","location":"","description":"@NouChill \/\/ Manchester united \ud83c\udf38","url":null,"entities":{"description":{"urls":[]}},"protected":false,"followers_count":125,"friends_count":202,"listed_count":1,"created_at":"Tue May 28 04:23:34 +0000 2013","favourites_count":1603,"utc_offset":-28800,"time_zone":"Pacific Time (US & Canada)","geo_enabled":false,"verified":false,"statuses_count":11240,"lang":"en","contributors_enabled":false,"is_translator":false,"is_translation_enabled":false,"profile_background_color":"1A1B1F","profile_background_image_url":"http:\/\/pbs.twimg.com\/profile_background_images\/617749504192679936\/8W91AWMX.jpg","profile_background_image_url_https":"https:\/\/pbs.twimg.com\/profile_background_images\/617749504192679936\/8W91AWMX.jpg","profile_background_tile":false,"profile_image_url":"http:\/\/pbs.twimg.com\/profile_images\/819494304112660480\/RK6KiWUg_normal.jpg","profile_image_url_https":"https:\/\/pbs.twimg.com\/profile_images\/819494304112660480\/RK6KiWUg_normal.jpg","profile_banner_url":"https:\/\/pbs.twimg.com\/profile_banners\/1463807042\/1484208144","profile_link_color":"F58EA8","profile_sidebar_border_color":"000000","profile_sidebar_fill_color":"000000","profile_text_color":"000000","profile_use_background_image":true,"has_extended_profile":true,"default_profile":false,"default_profile_image":false,"following":false,"follow_request_sent":false,"notifications":false,"translator_type":"none"},"geo":null,"coordinates":null,"place":null,"contributors":null,"is_quote_status":false,"retweet_count":0,"favorite_count":1,"favorited":false,"retweeted":false,"lang":"en"}
