{"created_at":"Thu Jan 12 08:13:06 +0000 2017","id":819457158978813952,"id_str":"819457158978813952","text":"@speedymeter syedih bacanya. \ud83d\ude2d","truncated":false,"entities":{"hashtags":[],"symbols":[],"user_mentions":[{"screen_name":"speedymeter","name":"chandra","id":70034900,"id_str":"70034900","indices":[0,12]}],"urls":[]},"source":"\u003ca href=\"http:\/\/twitter.com\/download\/android\" rel=\"nofollow\"\u003eTwitter for Android\u003c\/a\u003e","in_reply_to_status_id":819456806254559234,"in_reply_to_status_id_str":"819456806254559234","in_reply_to_user_id":70034900,"in_reply_to_user_id_str":"70034900","in_reply_to_screen_name":"speedymeter","user":{"id":136911943,"id_str":"136911943","name":"e l i z a m o t o","screen_name":"elizamoto","location":"not that necessary","description":"i'm just making a scene. you are the one who create it into drama","url":null,"entities":{"description":{"urls":[]}},"protected":false,"followers_count":2820,"friends_count":504,"listed_count":25,"created_at":"Sun Apr 25 07:22:54 +0000 2010","favourites_count":878,"utc_offset":25200,"time_zone":"Jakarta","geo_enabled":true,"verified":false,"statuses_count":73645,"lang":"en","contributors_enabled":false,"is_translator":false,"is_translation_enabled":false,"profile_background_color":"709397","profile_background_image_url":"http:\/\/pbs.twimg.com\/profile_background_images\/861668480\/8315de963dffde5f9c1e0c3734dadcf5.jpeg","profile_background_image_url_https":"https:\/\/pbs.twimg.com\/profile_background_images\/861668480\/8315de963dffde5f9c1e0c3734dadcf5.jpeg","profile_background_tile":true,"profile_image_url":"http:\/\/pbs.twimg.com\/profile_images\/817946683493355520\/QoCS1Ce7_normal.jpg","profile_image_url_https":"https:\/\/pbs.twimg.com\/profile_images\/817946683493355520\/QoCS1Ce7_normal.jpg","profile_banner_url":"https:\/\/pbs.twimg.com\/profile_banners\/136911943\/1367814860","profile_link_color":"FF3300","profile_sidebar_border_color":"FFFFFF","profile_sidebar_fill_color":"DDEEF6","profile_text_color":"333333","profile_use_background_image":true,"has_extended_profile":true,"default_profile":false,"default_profile_image":false,"following":false,"follow_request_sent":false,"notifications":false,"translator_type":"none"},"geo":null,"coordinates":null,"place":null,"contributors":null,"is_quote_status":false,"retweet_count":0,"favorite_count":0,"favorited":false,"retweeted":false,"lang":"in"}
