{"created_at":"Thu Jan 12 08:13:04 +0000 2017","id":819457152725225472,"id_str":"819457152725225472","text":"@sdutKevinAcee great. and I bet the bolts will be in the HOF game, too. \ud83d\ude2d\ud83d\ude02","truncated":false,"entities":{"hashtags":[],"symbols":[],"user_mentions":[{"screen_name":"sdutKevinAcee","name":"Kevin Acee","id":15918994,"id_str":"15918994","indices":[0,14]}],"urls":[]},"source":"\u003ca href=\"http:\/\/twitter.com\/download\/android\" rel=\"nofollow\"\u003eTwitter for Android\u003c\/a\u003e","in_reply_to_status_id":819452941136494596,"in_reply_to_status_id_str":"819452941136494596","in_reply_to_user_id":15918994,"in_reply_to_user_id_str":"15918994","in_reply_to_screen_name":"sdutKevinAcee","user":{"id":23016096,"id_str":"23016096","name":"Robb Laffoon","screen_name":"RobertLaffoon","location":"Darkness on the Edge of Town","description":"Slicker than an oiled up whore at a fishing derby.  I sing songs about the beach in @TWYHBand.","url":"https:\/\/t.co\/1N461h2f0v","entities":{"url":{"urls":[{"url":"https:\/\/t.co\/1N461h2f0v","expanded_url":"http:\/\/bit.ly\/PvjewN","display_url":"bit.ly\/PvjewN","indices":[0,23]}]},"description":{"urls":[]}},"protected":false,"followers_count":588,"friends_count":136,"listed_count":14,"created_at":"Fri Mar 06 02:17:12 +0000 2009","favourites_count":10082,"utc_offset":-28800,"time_zone":"Pacific Time (US & Canada)","geo_enabled":true,"verified":false,"statuses_count":14354,"lang":"en","contributors_enabled":false,"is_translator":false,"is_translation_enabled":false,"profile_background_color":"9AE4E8","profile_background_image_url":"http:\/\/pbs.twimg.com\/profile_background_images\/387968221\/theboss.jpg","profile_background_image_url_https":"https:\/\/pbs.twimg.com\/profile_background_images\/387968221\/theboss.jpg","profile_background_tile":true,"profile_image_url":"http:\/\/pbs.twimg.com\/profile_images\/774178532788310016\/jawmmeP1_normal.jpg","profile_image_url_https":"https:\/\/pbs.twimg.com\/profile_images\/774178532788310016\/jawmmeP1_normal.jpg","profile_banner_url":"https:\/\/pbs.twimg.com\/profile_banners\/23016096\/1475910461","profile_link_color":"0084B4","profile_sidebar_border_color":"BDDCAD","profile_sidebar_fill_color":"DDFFCC","profile_text_color":"333333","profile_use_background_image":true,"has_extended_profile":true,"default_profile":false,"default_profile_image":false,"following":false,"follow_request_sent":false,"notifications":false,"translator_type":"none"},"geo":null,"coordinates":null,"place":null,"contributors":null,"is_quote_status":false,"retweet_count":0,"favorite_count":1,"favorited":false,"retweeted":false,"lang":"en"}
