{"created_at":"Thu Jan 12 08:13:04 +0000 2017","id":819457151601143808,"id_str":"819457151601143808","text":"@RichieOnTV why am I tearing up from watching this? This is why I watch it the show. It's amazing and it isn't afraid to go there.","truncated":false,"entities":{"hashtags":[],"symbols":[],"user_mentions":[{"screen_name":"RichieOnTV","name":"Richie","id":36552171,"id_str":"36552171","indices":[0,11]}],"urls":[]},"source":"\u003ca href=\"http:\/\/twitter.com\/download\/iphone\" rel=\"nofollow\"\u003eTwitter for iPhone\u003c\/a\u003e","in_reply_to_status_id":819403479471058944,"in_reply_to_status_id_str":"819403479471058944","in_reply_to_user_id":36552171,"in_reply_to_user_id_str":"36552171","in_reply_to_screen_name":"RichieOnTV","user":{"id":742381178,"id_str":"742381178","name":"Sophisticated Savage","screen_name":"DJZooWap","location":"Queens, New York","description":"A 21 yr old With A Humorous Mind - XO\/OVO  - Make her B.I.T.D","url":"https:\/\/t.co\/BcKUUuCsLL","entities":{"url":{"urls":[{"url":"https:\/\/t.co\/BcKUUuCsLL","expanded_url":"http:\/\/Instagram.com\/djplaysit","display_url":"Instagram.com\/djplaysit","indices":[0,23]}]},"description":{"urls":[]}},"protected":false,"followers_count":840,"friends_count":2226,"listed_count":14,"created_at":"Tue Aug 07 07:26:04 +0000 2012","favourites_count":1215,"utc_offset":-18000,"time_zone":"Eastern Time (US & Canada)","geo_enabled":true,"verified":false,"statuses_count":4280,"lang":"en","contributors_enabled":false,"is_translator":false,"is_translation_enabled":false,"profile_background_color":"C0DEED","profile_background_image_url":"http:\/\/abs.twimg.com\/images\/themes\/theme1\/bg.png","profile_background_image_url_https":"https:\/\/abs.twimg.com\/images\/themes\/theme1\/bg.png","profile_background_tile":false,"profile_image_url":"http:\/\/pbs.twimg.com\/profile_images\/698798559219609600\/jfu9ZisI_normal.jpg","profile_image_url_https":"https:\/\/pbs.twimg.com\/profile_images\/698798559219609600\/jfu9ZisI_normal.jpg","profile_banner_url":"https:\/\/pbs.twimg.com\/profile_banners\/742381178\/1472110114","profile_link_color":"C20000","profile_sidebar_border_color":"C0DEED","profile_sidebar_fill_color":"DDEEF6","profile_text_color":"333333","profile_use_background_image":true,"has_extended_profile":true,"default_profile":false,"default_profile_image":false,"following":false,"follow_request_sent":false,"notifications":false,"translator_type":"none"},"geo":null,"coordinates":null,"place":null,"contributors":null,"is_quote_status":false,"retweet_count":0,"favorite_count":3,"favorited":false,"retweeted":false,"lang":"en"}
