{"created_at":"Thu Jan 12 08:13:05 +0000 2017","id":819457155816271874,"id_str":"819457155816271874","text":"\u3084\u3063\u3068\u5b66\u6821\u304a\u308f\u3063\u305f\u3041\u3002\n\u307b\u3093\u3067 \u5b9f\u6280\u30c6\u30b9\u30c8\u3082\n\u30d6\u30c4\u30d6\u30c4\u8a00\u3044\u306a\u304c\u3089 \u5272\u3068\u3067\u304d\u305f \ud83d\ude07\n\u305a\u30fc\u3063\u3068 \u304d\u3080\u3066\u3043 \u7b11\u3046\u3051\u3093\n\u9593\u9055\u3048\u3068\u3093\u304b\u304a\u3082\u30fc\u305f\u3089\n\u30b0\u30ed\u30fc\u30d6\u3064\u3051\u305f\u77ac\u9593\u306b\u7834\u304f\u308f\n\u30d6\u30c4\u30d6\u30c4\u8a00\u3044\u306a\u304c\u3089\u5fc5\u6b7b\u306b\u3057\u3068\u308b\u3068\u3053\u307f\u3066\n\u5fc5\u6b7b\u611f\u4f1d\u308f\u3063\u3066\u304d\u3066\u308f\u3089\u3051\u305f\u8a00\u308f\u308c\u308b\u3057\n\u3067\u3082\u7d50\u679c\u30aa\u30fc\u30e9\u30a4 \ud83d\udc4b\ud83d\udc4b","truncated":false,"entities":{"hashtags":[],"symbols":[],"user_mentions":[],"urls":[]},"source":"\u003ca href=\"http:\/\/twitter.com\/download\/iphone\" rel=\"nofollow\"\u003eTwitter for iPhone\u003c\/a\u003e","in_reply_to_status_id":null,"in_reply_to_status_id_str":null,"in_reply_to_user_id":null,"in_reply_to_user_id_str":null,"in_reply_to_screen_name":null,"user":{"id":2746766683,"id_str":"2746766683","name":"a i k a \ud83c\udf3b\ud83c\udf3b\ud83c\udf3b","screen_name":"aichikimal","location":"\u3068\u306a\u308a\u306e\u3068\u3068\u308d\n","description":"JPN : OKYM \ud83c\udf51 20age \u2605 \u6d25\u5c71\u6771 \u21e8 \u52dd\u9593\u7530 \u21e8 IDEHC \u2605 \u697d\u3057\u304f\u751f\u304d\u308b ( \u00a8\u032e ) reggae (\u2661) RAY PERSIA BES RISKYDICE REDSPIDER \u2764\ufe0e","url":"https:\/\/t.co\/RoN06gkZKz","entities":{"url":{"urls":[{"url":"https:\/\/t.co\/RoN06gkZKz","expanded_url":"https:\/\/Instagram.com\/aichikimall","display_url":"Instagram.com\/aichikimall","indices":[0,23]}]},"description":{"urls":[]}},"protected":false,"followers_count":1151,"friends_count":821,"listed_count":3,"created_at":"Tue Aug 19 21:23:10 +0000 2014","favourites_count":11514,"utc_offset":null,"time_zone":null,"geo_enabled":true,"verified":false,"statuses_count":16884,"lang":"ja","contributors_enabled":false,"is_translator":false,"is_translation_enabled":false,"profile_background_color":"C0DEED","profile_background_image_url":"http:\/\/abs.twimg.com\/images\/themes\/theme1\/bg.png","profile_background_image_url_https":"https:\/\/abs.twimg.com\/images\/themes\/theme1\/bg.png","profile_background_tile":false,"profile_image_url":"http:\/\/pbs.twimg.com\/profile_images\/814780401604431872\/0cdr5VJf_normal.jpg","profile_image_url_https":"https:\/\/pbs.twimg.com\/profile_images\/814780401604431872\/0cdr5VJf_normal.jpg","profile_banner_url":"https:\/\/pbs.twimg.com\/profile_banners\/2746766683\/1483962823","profile_link_color":"1DA1F2","profile_sidebar_border_color":"C0DEED","profile_sidebar_fill_color":"DDEEF6","profile_text_color":"333333","profile_use_background_image":true,"has_extended_profile":true,"default_profile":true,"default_profile_image":false,"following":false,"follow_request_sent":false,"notifications":false,"translator_type":"none"},"geo":null,"coordinates":null,"place":{"id":"2e0214bf8fffce3e","url":"https:\/\/api.twitter.com\/1.1\/geo\/id\/2e0214bf8fffce3e.json","place_type":"city","name":"\u5317\u533a","full_name":"\u5ca1\u5c71 \u5317\u533a","country_code":"JP","country":"\u65e5\u672c","contained_within":[],"bounding_box":{"type":"Polygon","coordinates":[[[133.739451,34.618703],[133.994635,34.618703],[133.994635,34.948925],[133.739451,34.948925]]]},"attributes":{}},"contributors":null,"is_quote_status":false,"retweet_count":0,"favorite_count":1,"favorited":false,"retweeted":false,"lang":"ja"}
