{"created_at":"Thu Jan 12 08:13:02 +0000 2017","id":819457142579077120,"id_str":"819457142579077120","text":"@KOUZUU Does herr's have a Twitter aCC I'm GONNA ASK THEM TO SHIP ME SOME RAGIN RANCH","truncated":false,"entities":{"hashtags":[],"symbols":[],"user_mentions":[{"screen_name":"KOUZUU","name":"suushine","id":139585632,"id_str":"139585632","indices":[0,7]}],"urls":[]},"source":"\u003ca href=\"http:\/\/twitter.com\/download\/iphone\" rel=\"nofollow\"\u003eTwitter for iPhone\u003c\/a\u003e","in_reply_to_status_id":819456964229038080,"in_reply_to_status_id_str":"819456964229038080","in_reply_to_user_id":139585632,"in_reply_to_user_id_str":"139585632","in_reply_to_screen_name":"KOUZUU","user":{"id":3200868303,"id_str":"3200868303","name":"x","screen_name":"jadedeffects","location":"","description":"follow for the art, stay for the Sadness\u2122 || icon with @bloodypunkred || https:\/\/t.co\/iFFIWEzeHn","url":"https:\/\/t.co\/atq1HKw8lm","entities":{"url":{"urls":[{"url":"https:\/\/t.co\/atq1HKw8lm","expanded_url":"http:\/\/thejadedoptimist.deviantart.com","display_url":"thejadedoptimist.deviantart.com","indices":[0,23]}]},"description":{"urls":[{"url":"https:\/\/t.co\/iFFIWEzeHn","expanded_url":"https:\/\/curiouscat.me\/jadedeffects","display_url":"curiouscat.me\/jadedeffects","indices":[73,96]}]}},"protected":false,"followers_count":178,"friends_count":150,"listed_count":17,"created_at":"Fri Apr 24 11:51:54 +0000 2015","favourites_count":8203,"utc_offset":-28800,"time_zone":"Pacific Time (US & Canada)","geo_enabled":false,"verified":false,"statuses_count":16419,"lang":"en","contributors_enabled":false,"is_translator":false,"is_translation_enabled":false,"profile_background_color":"000000","profile_background_image_url":"http:\/\/pbs.twimg.com\/profile_background_images\/685346039411412992\/KUySyoSo.png","profile_background_image_url_https":"https:\/\/pbs.twimg.com\/profile_background_images\/685346039411412992\/KUySyoSo.png","profile_background_tile":true,"profile_image_url":"http:\/\/pbs.twimg.com\/profile_images\/766864204217352192\/3MWtX1i-_normal.jpg","profile_image_url_https":"https:\/\/pbs.twimg.com\/profile_images\/766864204217352192\/3MWtX1i-_normal.jpg","profile_banner_url":"https:\/\/pbs.twimg.com\/profile_banners\/3200868303\/1466495249","profile_link_color":"89C9FA","profile_sidebar_border_color":"000000","profile_sidebar_fill_color":"000000","profile_text_color":"000000","profile_use_background_image":true,"has_extended_profile":true,"default_profile":false,"default_profile_image":false,"following":false,"follow_request_sent":false,"notifications":false,"translator_type":"none"},"geo":null,"coordinates":null,"place":null,"contributors":null,"is_quote_status":false,"retweet_count":0,"favorite_count":0,"favorited":false,"retweeted":false,"lang":"en"}
