{"created_at":"Thu Jan 12 08:13:01 +0000 2017","id":819457139055927296,"id_str":"819457139055927296","text":"@tone6543 clearly was \ud83d\ude10","truncated":false,"entities":{"hashtags":[],"symbols":[],"user_mentions":[{"screen_name":"tone6543","name":"Reverse Flash\u26a1\ufe0f\ud83d\udca5","id":872182088,"id_str":"872182088","indices":[0,9]}],"urls":[]},"source":"\u003ca href=\"http:\/\/twitter.com\/download\/android\" rel=\"nofollow\"\u003eTwitter for Android\u003c\/a\u003e","in_reply_to_status_id":819456121782071297,"in_reply_to_status_id_str":"819456121782071297","in_reply_to_user_id":872182088,"in_reply_to_user_id_str":"872182088","in_reply_to_screen_name":"tone6543","user":{"id":707769311499296768,"id_str":"707769311499296768","name":"P R I N C E S S \ud83d\udc51\ud83c\udf80","screen_name":"xxkayyy_","location":"","description":"\ud83d\udc99 Antonio Is M I N E \ud83d\udc99 \n\n             Mami \ud83d\udcab\u2763","url":null,"entities":{"description":{"urls":[]}},"protected":false,"followers_count":58,"friends_count":125,"listed_count":0,"created_at":"Thu Mar 10 03:25:28 +0000 2016","favourites_count":187,"utc_offset":null,"time_zone":null,"geo_enabled":false,"verified":false,"statuses_count":764,"lang":"en","contributors_enabled":false,"is_translator":false,"is_translation_enabled":false,"profile_background_color":"F5F8FA","profile_background_image_url":null,"profile_background_image_url_https":null,"profile_background_tile":false,"profile_image_url":"http:\/\/pbs.twimg.com\/profile_images\/819707908481044480\/6dg3yLKl_normal.jpg","profile_image_url_https":"https:\/\/pbs.twimg.com\/profile_images\/819707908481044480\/6dg3yLKl_normal.jpg","profile_banner_url":"https:\/\/pbs.twimg.com\/profile_banners\/707769311499296768\/1484268570","profile_link_color":"1DA1F2","profile_sidebar_border_color":"C0DEED","profile_sidebar_fill_color":"DDEEF6","profile_text_color":"333333","profile_use_background_image":true,"has_extended_profile":true,"default_profile":true,"default_profile_image":false,"following":false,"follow_request_sent":false,"notifications":false,"translator_type":"none"},"geo":null,"coordinates":null,"place":null,"contributors":null,"is_quote_status":false,"retweet_count":0,"favorite_count":0,"favorited":false,"retweeted":false,"lang":"en"}
