{"created_at":"Thu Jan 12 08:13:04 +0000 2017","id":819457152670691328,"id_str":"819457152670691328","text":"I Haven't Been Sick All Break.. Now FOUR Days Before I Go Back My Nose Running Like Shit!!!!! \ud83d\ude44\ud83d\ude44\ud83d\ude44\ud83d\ude44\ud83d\ude44\ud83d\ude44\ud83d\ude44\ud83d\ude44\ud83d\ude44\ud83d\ude44\ud83d\ude44\ud83d\ude44\ud83d\ude44\ud83d\ude44\ud83d\ude44\ud83d\ude44\ud83d\ude44\ud83d\ude44\ud83d\ude44\ud83d\ude44\ud83d\ude44","truncated":false,"entities":{"hashtags":[],"symbols":[],"user_mentions":[],"urls":[]},"source":"\u003ca href=\"http:\/\/twitter.com\/download\/iphone\" rel=\"nofollow\"\u003eTwitter for iPhone\u003c\/a\u003e","in_reply_to_status_id":null,"in_reply_to_status_id_str":null,"in_reply_to_user_id":null,"in_reply_to_user_id_str":null,"in_reply_to_screen_name":null,"user":{"id":518053575,"id_str":"518053575","name":"Charity Celeste","screen_name":"CCrockss12","location":"Apple Valley, Minnesota(:","description":"I'm Lit, Lurk On. l PVAMU '19 l MN \u2708\ufe0f TX l When God Is For You, Who Can Be Against You.  l","url":null,"entities":{"description":{"urls":[]}},"protected":false,"followers_count":1571,"friends_count":1558,"listed_count":7,"created_at":"Thu Mar 08 00:17:07 +0000 2012","favourites_count":8930,"utc_offset":-28800,"time_zone":"Pacific Time (US & Canada)","geo_enabled":true,"verified":false,"statuses_count":13369,"lang":"en","contributors_enabled":false,"is_translator":false,"is_translation_enabled":false,"profile_background_color":"642D8B","profile_background_image_url":"http:\/\/abs.twimg.com\/images\/themes\/theme10\/bg.gif","profile_background_image_url_https":"https:\/\/abs.twimg.com\/images\/themes\/theme10\/bg.gif","profile_background_tile":false,"profile_image_url":"http:\/\/pbs.twimg.com\/profile_images\/805617126656643072\/hNdpVRKY_normal.jpg","profile_image_url_https":"https:\/\/pbs.twimg.com\/profile_images\/805617126656643072\/hNdpVRKY_normal.jpg","profile_banner_url":"https:\/\/pbs.twimg.com\/profile_banners\/518053575\/1443902722","profile_link_color":"00FFFF","profile_sidebar_border_color":"65B0DA","profile_sidebar_fill_color":"7AC3EE","profile_text_color":"3D1957","profile_use_background_image":true,"has_extended_profile":true,"default_profile":false,"default_profile_image":false,"following":false,"follow_request_sent":false,"notifications":false,"translator_type":"none"},"geo":null,"coordinates":null,"place":{"id":"5f2ad2e8059e53c5","url":"https:\/\/api.twitter.com\/1.1\/geo\/id\/5f2ad2e8059e53c5.json","place_type":"city","name":"Burnsville","full_name":"Burnsville, MN","country_code":"US","country":"United States","contained_within":[],"bounding_box":{"type":"Polygon","coordinates":[[[-93.3298112,44.716911],[-93.222028,44.716911],[-93.222028,44.828464],[-93.3298112,44.828464]]]},"attributes":{}},"contributors":null,"is_quote_status":false,"retweet_count":0,"favorite_count":3,"favorited":false,"retweeted":false,"lang":"en"}
