{"created_at":"Thu Jan 12 08:13:04 +0000 2017","id":819457153085804544,"id_str":"819457153085804544","text":"Hey hey I wanna be a rockstar","truncated":false,"entities":{"hashtags":[],"symbols":[],"user_mentions":[],"urls":[]},"source":"\u003ca href=\"http:\/\/twitter.com\/download\/iphone\" rel=\"nofollow\"\u003eTwitter for iPhone\u003c\/a\u003e","in_reply_to_status_id":null,"in_reply_to_status_id_str":null,"in_reply_to_user_id":null,"in_reply_to_user_id_str":null,"in_reply_to_screen_name":null,"user":{"id":1049893231,"id_str":"1049893231","name":"Bria Lyric","screen_name":"chaybree21","location":"","description":"in this crazy thing called love, in it to win the best woman I could only dreamed of. finding her was hard keeping her is getting harder love is love though \ud83d\ude48","url":null,"entities":{"description":{"urls":[]}},"protected":false,"followers_count":122,"friends_count":423,"listed_count":3,"created_at":"Mon Dec 31 08:54:38 +0000 2012","favourites_count":1716,"utc_offset":null,"time_zone":null,"geo_enabled":true,"verified":false,"statuses_count":2824,"lang":"en","contributors_enabled":false,"is_translator":false,"is_translation_enabled":false,"profile_background_color":"000000","profile_background_image_url":"http:\/\/abs.twimg.com\/images\/themes\/theme1\/bg.png","profile_background_image_url_https":"https:\/\/abs.twimg.com\/images\/themes\/theme1\/bg.png","profile_background_tile":false,"profile_image_url":"http:\/\/pbs.twimg.com\/profile_images\/800584889863016448\/RIDPIsPq_normal.jpg","profile_image_url_https":"https:\/\/pbs.twimg.com\/profile_images\/800584889863016448\/RIDPIsPq_normal.jpg","profile_banner_url":"https:\/\/pbs.twimg.com\/profile_banners\/1049893231\/1449675305","profile_link_color":"9266CC","profile_sidebar_border_color":"000000","profile_sidebar_fill_color":"000000","profile_text_color":"000000","profile_use_background_image":false,"has_extended_profile":true,"default_profile":false,"default_profile_image":false,"following":false,"follow_request_sent":false,"notifications":false,"translator_type":"none"},"geo":null,"coordinates":null,"place":null,"contributors":null,"is_quote_status":false,"retweet_count":0,"favorite_count":0,"favorited":false,"retweeted":false,"lang":"en"}
