{"created_at":"Thu Jan 12 08:13:05 +0000 2017","id":819457157712281600,"id_str":"819457157712281600","text":"Today is #KissAGingerDay I'm the lucky one that gets to kiss 2! My beautiful little girl and handsome little boy \ud83d\udc96\ud83d\udc99\u2026 https:\/\/t.co\/fPRQ2L44jo","truncated":true,"entities":{"hashtags":[{"text":"KissAGingerDay","indices":[9,24]}],"symbols":[],"user_mentions":[],"urls":[{"url":"https:\/\/t.co\/fPRQ2L44jo","expanded_url":"https:\/\/twitter.com\/i\/web\/status\/819457157712281600","display_url":"twitter.com\/i\/web\/status\/8\u2026","indices":[117,140]}]},"source":"\u003ca href=\"http:\/\/twitter.com\/download\/iphone\" rel=\"nofollow\"\u003eTwitter for iPhone\u003c\/a\u003e","in_reply_to_status_id":null,"in_reply_to_status_id_str":null,"in_reply_to_user_id":null,"in_reply_to_user_id_str":null,"in_reply_to_screen_name":null,"user":{"id":332298492,"id_str":"332298492","name":"Kelly Blundell","screen_name":"kelly_blundell","location":"United Kingdom","description":"Mummy of 2! Loves #Marvel, #DC, #Comics, #Lego, #Disney, #Gaming, #PS4. I'm basically a kid with a bank account. Whinging life and motherhood.","url":null,"entities":{"description":{"urls":[]}},"protected":false,"followers_count":184,"friends_count":388,"listed_count":12,"created_at":"Sat Jul 09 15:15:39 +0000 2011","favourites_count":1487,"utc_offset":0,"time_zone":"London","geo_enabled":true,"verified":false,"statuses_count":1969,"lang":"en","contributors_enabled":false,"is_translator":false,"is_translation_enabled":false,"profile_background_color":"C0DEED","profile_background_image_url":"http:\/\/pbs.twimg.com\/profile_background_images\/286558670\/background.jpg","profile_background_image_url_https":"https:\/\/pbs.twimg.com\/profile_background_images\/286558670\/background.jpg","profile_background_tile":true,"profile_image_url":"http:\/\/pbs.twimg.com\/profile_images\/809116020623413249\/-_UpwPbj_normal.jpg","profile_image_url_https":"https:\/\/pbs.twimg.com\/profile_images\/809116020623413249\/-_UpwPbj_normal.jpg","profile_banner_url":"https:\/\/pbs.twimg.com\/profile_banners\/332298492\/1481742509","profile_link_color":"0084B4","profile_sidebar_border_color":"C0DEED","profile_sidebar_fill_color":"DDEEF6","profile_text_color":"333333","profile_use_background_image":true,"has_extended_profile":false,"default_profile":false,"default_profile_image":false,"following":false,"follow_request_sent":false,"notifications":false,"translator_type":"none"},"geo":null,"coordinates":null,"place":null,"contributors":null,"is_quote_status":false,"retweet_count":0,"favorite_count":0,"favorited":false,"retweeted":false,"possibly_sensitive":false,"possibly_sensitive_appealable":false,"lang":"en"}
