{"created_at":"Thu Jan 12 08:13:02 +0000 2017","id":819457144038760448,"id_str":"819457144038760448","text":"@Datoism I did. Couldn't understand what the abbreviation meant. So how are you so certain his removal is linked with that RTI query?","truncated":false,"entities":{"hashtags":[],"symbols":[],"user_mentions":[{"screen_name":"Datoism","name":"#Bernie2020","id":115381807,"id_str":"115381807","indices":[0,8]}],"urls":[]},"source":"\u003ca href=\"http:\/\/twitter.com\/download\/android\" rel=\"nofollow\"\u003eTwitter for Android\u003c\/a\u003e","in_reply_to_status_id":819456536242073600,"in_reply_to_status_id_str":"819456536242073600","in_reply_to_user_id":115381807,"in_reply_to_user_id_str":"115381807","in_reply_to_screen_name":"Datoism","user":{"id":115377354,"id_str":"115377354","name":"TheCoolGhai","screen_name":"TheCoolghai","location":"India ","description":"I tweet Utter Shit. RT's ARE endorsements.","url":null,"entities":{"description":{"urls":[]}},"protected":false,"followers_count":333,"friends_count":332,"listed_count":11,"created_at":"Thu Feb 18 13:23:17 +0000 2010","favourites_count":710,"utc_offset":19800,"time_zone":"New Delhi","geo_enabled":true,"verified":false,"statuses_count":16375,"lang":"en","contributors_enabled":false,"is_translator":false,"is_translation_enabled":false,"profile_background_color":"FFFFFF","profile_background_image_url":"http:\/\/pbs.twimg.com\/profile_background_images\/563121145\/Batman_Wall_1920x1200_cool_twitter_backgrounds.jpg","profile_background_image_url_https":"https:\/\/pbs.twimg.com\/profile_background_images\/563121145\/Batman_Wall_1920x1200_cool_twitter_backgrounds.jpg","profile_background_tile":true,"profile_image_url":"http:\/\/pbs.twimg.com\/profile_images\/2189336089\/TheCoolGhai_normal","profile_image_url_https":"https:\/\/pbs.twimg.com\/profile_images\/2189336089\/TheCoolGhai_normal","profile_banner_url":"https:\/\/pbs.twimg.com\/profile_banners\/115377354\/1364912529","profile_link_color":"2891E2","profile_sidebar_border_color":"BABAB2","profile_sidebar_fill_color":"BABAB2","profile_text_color":"47484D","profile_use_background_image":true,"has_extended_profile":false,"default_profile":false,"default_profile_image":false,"following":false,"follow_request_sent":false,"notifications":false,"translator_type":"regular"},"geo":null,"coordinates":null,"place":null,"contributors":null,"is_quote_status":false,"retweet_count":0,"favorite_count":0,"favorited":false,"retweeted":false,"lang":"en"}
