{"created_at":"Thu Jan 12 08:13:02 +0000 2017","id":819457145414397953,"id_str":"819457145414397953","text":"https:\/\/t.co\/03s2jsfRv8","truncated":false,"entities":{"hashtags":[],"symbols":[],"user_mentions":[],"urls":[],"media":[{"id":819457130029682688,"id_str":"819457130029682688","indices":[0,23],"media_url":"http:\/\/pbs.twimg.com\/media\/C19L6wgUkAAcXMW.jpg","media_url_https":"https:\/\/pbs.twimg.com\/media\/C19L6wgUkAAcXMW.jpg","url":"https:\/\/t.co\/03s2jsfRv8","display_url":"pic.twitter.com\/03s2jsfRv8","expanded_url":"https:\/\/twitter.com\/Bara1996Matsu\/status\/819457145414397953\/photo\/1","type":"photo","sizes":{"large":{"w":640,"h":1136,"resize":"fit"},"small":{"w":383,"h":680,"resize":"fit"},"thumb":{"w":150,"h":150,"resize":"crop"},"medium":{"w":640,"h":1136,"resize":"fit"}}}]},"extended_entities":{"media":[{"id":819457130029682688,"id_str":"819457130029682688","indices":[0,23],"media_url":"http:\/\/pbs.twimg.com\/media\/C19L6wgUkAAcXMW.jpg","media_url_https":"https:\/\/pbs.twimg.com\/media\/C19L6wgUkAAcXMW.jpg","url":"https:\/\/t.co\/03s2jsfRv8","display_url":"pic.twitter.com\/03s2jsfRv8","expanded_url":"https:\/\/twitter.com\/Bara1996Matsu\/status\/819457145414397953\/photo\/1","type":"photo","sizes":{"large":{"w":640,"h":1136,"resize":"fit"},"small":{"w":383,"h":680,"resize":"fit"},"thumb":{"w":150,"h":150,"resize":"crop"},"medium":{"w":640,"h":1136,"resize":"fit"}}}]},"source":"\u003ca href=\"http:\/\/twitter.com\/download\/iphone\" rel=\"nofollow\"\u003eTwitter for iPhone\u003c\/a\u003e","in_reply_to_status_id":null,"in_reply_to_status_id_str":null,"in_reply_to_user_id":null,"in_reply_to_user_id_str":null,"in_reply_to_screen_name":null,"user":{"id":2905777092,"id_str":"2905777092","name":"\u307e\u3063\u3064\u3041\u3093(T.T.I.S\u3320)\u2605\u00d75","screen_name":"Bara1996Matsu","location":"\u3044\u3070\u3089\u304d\u306e\u3059\u307f\u3063\u3053","description":"(\u4f11\u696d\u30b5\u30d0\u30b2\u30fc\u30de\u30fc)\u30ab\u30b9\u30bf\u30e0\u30ea\u30ea\u30a3\u3001\u306d\u3093\u3069\u308d\u3044\u3069\u3001\u30ea\u30c8\u30eb\u30a2\u30fc\u30e2\u30ea\u30fc\u304c\u8da3\u5473\u3063\u30b3\u30de\u64ae\u308a\u3082\u3002\u0669( '\u03c9' )\u0648 (\u3046\u3061\u306e\u5b50\u306eTwitter\u2192@ManakaLILY)\u2026 \u7121\u8a00\u30d5\u30a9\u30ed\u30fc\u3059\u3044\u307e\u3057\u3047\u3093\u3002\u30b3\u30de\u64ae\u308a\u3001\u5c04\u6483\u52d5\u753b\u306a\u3069\u306fYouTube\u306b\u4e0a\u3052\u3066\u307e\u3059\u3002\u30c1\u30e3\u30f3\u30cd\u30eb\u767b\u9332\u3057\u3066\u304f\u308c\u305f\u3089\u5b09\u3057\u3044\u306a\u3041(^^\u266a(\u30b0\u30ed\u30c3\u30af\u30a4\u30f3\u30b9\u30c8\u30e9\u30af\u30bf\u30fc(\u4eee)","url":"https:\/\/t.co\/pqnCg1x4rr","entities":{"url":{"urls":[{"url":"https:\/\/t.co\/pqnCg1x4rr","expanded_url":"https:\/\/m.youtube.com\/channel\/UC6Yr3RADgel9oV1UsAUoh_w","display_url":"m.youtube.com\/channel\/UC6Yr3\u2026","indices":[0,23]}]},"description":{"urls":[]}},"protected":false,"followers_count":1101,"friends_count":1014,"listed_count":28,"created_at":"Fri Nov 21 07:07:25 +0000 2014","favourites_count":2850,"utc_offset":null,"time_zone":null,"geo_enabled":true,"verified":false,"statuses_count":65707,"lang":"ja","contributors_enabled":false,"is_translator":false,"is_translation_enabled":false,"profile_background_color":"C0DEED","profile_background_image_url":"http:\/\/abs.twimg.com\/images\/themes\/theme1\/bg.png","profile_background_image_url_https":"https:\/\/abs.twimg.com\/images\/themes\/theme1\/bg.png","profile_background_tile":false,"profile_image_url":"http:\/\/pbs.twimg.com\/profile_images\/696670956287164416\/BjWQg3ig_normal.jpg","profile_image_url_https":"https:\/\/pbs.twimg.com\/profile_images\/696670956287164416\/BjWQg3ig_normal.jpg","profile_banner_url":"https:\/\/pbs.twimg.com\/profile_banners\/2905777092\/1482375770","profile_link_color":"1DA1F2","profile_sidebar_border_color":"C0DEED","profile_sidebar_fill_color":"DDEEF6","profile_text_color":"333333","profile_use_background_image":true,"has_extended_profile":true,"default_profile":true,"default_profile_image":false,"following":false,"follow_request_sent":false,"notifications":false,"translator_type":"none"},"geo":null,"coordinates":null,"place":null,"contributors":null,"is_quote_status":false,"retweet_count":0,"favorite_count":1,"favorited":false,"retweeted":false,"possibly_sensitive":false,"possibly_sensitive_appealable":false,"lang":"und"}
