{"created_at":"Thu Jan 12 08:13:02 +0000 2017","id":819457144806260736,"id_str":"819457144806260736","text":"There they go. I must run and catch up with them, beause I am their leader!  Mohandas Gandhi #mohandasgandhi","truncated":false,"entities":{"hashtags":[{"text":"mohandasgandhi","indices":[93,108]}],"symbols":[],"user_mentions":[],"urls":[]},"source":"\u003ca href=\"http:\/\/twittbot.net\/\" rel=\"nofollow\"\u003etwittbot.net\u003c\/a\u003e","in_reply_to_status_id":null,"in_reply_to_status_id_str":null,"in_reply_to_user_id":null,"in_reply_to_user_id_str":null,"in_reply_to_screen_name":null,"user":{"id":3045789438,"id_str":"3045789438","name":"Mintje Barimbing","screen_name":"hunaiei45bns__","location":"Manchester City","description":"What I want is to clean the crimson stain that dripping on this white snow #07Ghost #OC #TalesOfLegacy #DualSword #Dagger #Sorcerer","url":null,"entities":{"description":{"urls":[]}},"protected":false,"followers_count":27,"friends_count":0,"listed_count":24,"created_at":"Fri Feb 27 08:04:00 +0000 2015","favourites_count":0,"utc_offset":0,"time_zone":"London","geo_enabled":false,"verified":false,"statuses_count":26868,"lang":"id","contributors_enabled":false,"is_translator":false,"is_translation_enabled":false,"profile_background_color":"C0DEED","profile_background_image_url":"http:\/\/abs.twimg.com\/images\/themes\/theme1\/bg.png","profile_background_image_url_https":"https:\/\/abs.twimg.com\/images\/themes\/theme1\/bg.png","profile_background_tile":false,"profile_image_url":"http:\/\/pbs.twimg.com\/profile_images\/571461567061835776\/xyg1hv0-_normal.png","profile_image_url_https":"https:\/\/pbs.twimg.com\/profile_images\/571461567061835776\/xyg1hv0-_normal.png","profile_banner_url":"https:\/\/pbs.twimg.com\/profile_banners\/3045789438\/1425082036","profile_link_color":"1DA1F2","profile_sidebar_border_color":"C0DEED","profile_sidebar_fill_color":"DDEEF6","profile_text_color":"333333","profile_use_background_image":true,"has_extended_profile":false,"default_profile":true,"default_profile_image":false,"following":false,"follow_request_sent":false,"notifications":false,"translator_type":"none"},"geo":null,"coordinates":null,"place":null,"contributors":null,"is_quote_status":false,"retweet_count":0,"favorite_count":0,"favorited":false,"retweeted":false,"lang":"en"}
