{"created_at":"Thu Jan 12 08:13:04 +0000 2017","id":819457151588507648,"id_str":"819457151588507648","text":"@javid_jo @M__A__Z__I  \ud83d\ude12","truncated":false,"entities":{"hashtags":[],"symbols":[],"user_mentions":[{"screen_name":"javid_jo","name":"JO","id":818139335207911424,"id_str":"818139335207911424","indices":[0,9]},{"screen_name":"M__A__Z__I","name":"\u0645\u0627\u0632\u06cc","id":1953490771,"id_str":"1953490771","indices":[10,21]}],"urls":[]},"source":"\u003ca href=\"http:\/\/twitter.com\/download\/iphone\" rel=\"nofollow\"\u003eTwitter for iPhone\u003c\/a\u003e","in_reply_to_status_id":null,"in_reply_to_status_id_str":null,"in_reply_to_user_id":818139335207911424,"in_reply_to_user_id_str":"818139335207911424","in_reply_to_screen_name":"javid_jo","user":{"id":816428520738000897,"id_str":"816428520738000897","name":"mary potter","screen_name":"marrypotteer","location":"iran, shiraz","description":"Like waves of sweet fire,i'm safe within","url":null,"entities":{"description":{"urls":[]}},"protected":false,"followers_count":26,"friends_count":45,"listed_count":0,"created_at":"Tue Jan 03 23:38:22 +0000 2017","favourites_count":197,"utc_offset":null,"time_zone":null,"geo_enabled":true,"verified":false,"statuses_count":42,"lang":"en","contributors_enabled":false,"is_translator":false,"is_translation_enabled":false,"profile_background_color":"F5F8FA","profile_background_image_url":null,"profile_background_image_url_https":null,"profile_background_tile":false,"profile_image_url":"http:\/\/pbs.twimg.com\/profile_images\/816614178706296832\/qyIuJ6Z0_normal.jpg","profile_image_url_https":"https:\/\/pbs.twimg.com\/profile_images\/816614178706296832\/qyIuJ6Z0_normal.jpg","profile_banner_url":"https:\/\/pbs.twimg.com\/profile_banners\/816428520738000897\/1483579158","profile_link_color":"1DA1F2","profile_sidebar_border_color":"C0DEED","profile_sidebar_fill_color":"DDEEF6","profile_text_color":"333333","profile_use_background_image":true,"has_extended_profile":true,"default_profile":true,"default_profile_image":false,"following":false,"follow_request_sent":false,"notifications":false,"translator_type":"none"},"geo":null,"coordinates":null,"place":null,"contributors":null,"is_quote_status":false,"retweet_count":0,"favorite_count":1,"favorited":false,"retweeted":false,"lang":"und"}
