{"created_at":"Thu Jan 12 08:13:01 +0000 2017","id":819457139899043840,"id_str":"819457139899043840","text":"If David leaves me on read one more fucking time I will end his life","truncated":false,"entities":{"hashtags":[],"symbols":[],"user_mentions":[],"urls":[]},"source":"\u003ca href=\"http:\/\/twitter.com\/download\/iphone\" rel=\"nofollow\"\u003eTwitter for iPhone\u003c\/a\u003e","in_reply_to_status_id":null,"in_reply_to_status_id_str":null,"in_reply_to_user_id":null,"in_reply_to_user_id_str":null,"in_reply_to_screen_name":null,"user":{"id":594116089,"id_str":"594116089","name":"\u00c4bb\u0178 \ud83d\udc51","screen_name":"abby_sanches","location":"diRty","description":"~ Snapchat abby_sanches ~ Cancer \u264b\ufe0f ~ #FREEDALTON #FREETRELLI","url":"https:\/\/t.co\/GgB1p0zjkL","entities":{"url":{"urls":[{"url":"https:\/\/t.co\/GgB1p0zjkL","expanded_url":"http:\/\/Instagram.com\/abbysanches10\/","display_url":"Instagram.com\/abbysanches10\/","indices":[0,23]}]},"description":{"urls":[]}},"protected":false,"followers_count":590,"friends_count":205,"listed_count":0,"created_at":"Tue May 29 23:09:35 +0000 2012","favourites_count":15802,"utc_offset":-18000,"time_zone":"Eastern Time (US & Canada)","geo_enabled":true,"verified":false,"statuses_count":19596,"lang":"en","contributors_enabled":false,"is_translator":false,"is_translation_enabled":false,"profile_background_color":"C0DEED","profile_background_image_url":"http:\/\/pbs.twimg.com\/profile_background_images\/565515454\/imagesCAKQR8E1.jpg","profile_background_image_url_https":"https:\/\/pbs.twimg.com\/profile_background_images\/565515454\/imagesCAKQR8E1.jpg","profile_background_tile":true,"profile_image_url":"http:\/\/pbs.twimg.com\/profile_images\/817547298519547909\/CSWSY6wt_normal.jpg","profile_image_url_https":"https:\/\/pbs.twimg.com\/profile_images\/817547298519547909\/CSWSY6wt_normal.jpg","profile_banner_url":"https:\/\/pbs.twimg.com\/profile_banners\/594116089\/1482416719","profile_link_color":"B300AD","profile_sidebar_border_color":"000000","profile_sidebar_fill_color":"DDEEF6","profile_text_color":"333333","profile_use_background_image":true,"has_extended_profile":true,"default_profile":false,"default_profile_image":false,"following":false,"follow_request_sent":false,"notifications":false,"translator_type":"none"},"geo":null,"coordinates":null,"place":null,"contributors":null,"is_quote_status":false,"retweet_count":0,"favorite_count":1,"favorited":false,"retweeted":false,"lang":"en"}
