{"created_at":"Thu Jan 12 08:13:02 +0000 2017","id":819457142705033217,"id_str":"819457142705033217","text":"Born single and die single your right.. man i miss this fucking girl :( my baba gone away forever no forgiveness understandable:'(","truncated":false,"entities":{"hashtags":[],"symbols":[],"user_mentions":[],"urls":[]},"source":"\u003ca href=\"http:\/\/twitter.com\/download\/android\" rel=\"nofollow\"\u003eTwitter for Android\u003c\/a\u003e","in_reply_to_status_id":null,"in_reply_to_status_id_str":null,"in_reply_to_user_id":null,"in_reply_to_user_id_str":null,"in_reply_to_screen_name":null,"user":{"id":85594544,"id_str":"85594544","name":"Ryan","screen_name":"lebron_james05","location":"scarborough ","description":"","url":null,"entities":{"description":{"urls":[]}},"protected":false,"followers_count":0,"friends_count":3,"listed_count":0,"created_at":"Tue Oct 27 15:40:09 +0000 2009","favourites_count":161,"utc_offset":-21600,"time_zone":"Central Time (US & Canada)","geo_enabled":true,"verified":false,"statuses_count":2794,"lang":"en","contributors_enabled":false,"is_translator":false,"is_translation_enabled":false,"profile_background_color":"000000","profile_background_image_url":"http:\/\/pbs.twimg.com\/profile_background_images\/864294120\/9b6e1337dc8894553174d3a47af8e034.png","profile_background_image_url_https":"https:\/\/pbs.twimg.com\/profile_background_images\/864294120\/9b6e1337dc8894553174d3a47af8e034.png","profile_background_tile":true,"profile_image_url":"http:\/\/pbs.twimg.com\/profile_images\/819469635837980672\/kQIAmyvB_normal.jpg","profile_image_url_https":"https:\/\/pbs.twimg.com\/profile_images\/819469635837980672\/kQIAmyvB_normal.jpg","profile_banner_url":"https:\/\/pbs.twimg.com\/profile_banners\/85594544\/1378325388","profile_link_color":"4D064D","profile_sidebar_border_color":"000000","profile_sidebar_fill_color":"DDEEF6","profile_text_color":"333333","profile_use_background_image":true,"has_extended_profile":false,"default_profile":false,"default_profile_image":false,"following":false,"follow_request_sent":false,"notifications":false,"translator_type":"none"},"geo":null,"coordinates":null,"place":null,"contributors":null,"is_quote_status":false,"retweet_count":0,"favorite_count":0,"favorited":false,"retweeted":false,"lang":"en"}
