{"created_at":"Thu Jan 12 08:13:02 +0000 2017","id":819457144785342465,"id_str":"819457144785342465","text":"I'm looking for someone to build my website does anyone have any recommendations?","truncated":false,"entities":{"hashtags":[],"symbols":[],"user_mentions":[],"urls":[]},"source":"\u003ca href=\"http:\/\/twitter.com\/download\/iphone\" rel=\"nofollow\"\u003eTwitter for iPhone\u003c\/a\u003e","in_reply_to_status_id":null,"in_reply_to_status_id_str":null,"in_reply_to_user_id":null,"in_reply_to_user_id_str":null,"in_reply_to_screen_name":null,"user":{"id":796682288939536385,"id_str":"796682288939536385","name":"INFINITY IPTV","screen_name":"infinity_iptv","location":"ENGLAND","description":"All Sports, movies ch's over 600 channels in HD. All UK 3pm games covered. Supplied to any device Smart tv Firestick Fire tv Kodi Laptop Phone\/tablet Plex, Mag","url":"https:\/\/t.co\/ohTPglJLlZ","entities":{"url":{"urls":[{"url":"https:\/\/t.co\/ohTPglJLlZ","expanded_url":"http:\/\/bit.ly\/2jevbtf","display_url":"bit.ly\/2jevbtf","indices":[0,23]}]},"description":{"urls":[]}},"protected":false,"followers_count":656,"friends_count":746,"listed_count":2,"created_at":"Thu Nov 10 11:53:54 +0000 2016","favourites_count":264,"utc_offset":null,"time_zone":null,"geo_enabled":false,"verified":false,"statuses_count":476,"lang":"en","contributors_enabled":false,"is_translator":false,"is_translation_enabled":false,"profile_background_color":"F5F8FA","profile_background_image_url":null,"profile_background_image_url_https":null,"profile_background_tile":false,"profile_image_url":"http:\/\/pbs.twimg.com\/profile_images\/796687595992453120\/sIP1BYOi_normal.jpg","profile_image_url_https":"https:\/\/pbs.twimg.com\/profile_images\/796687595992453120\/sIP1BYOi_normal.jpg","profile_banner_url":"https:\/\/pbs.twimg.com\/profile_banners\/796682288939536385\/1479332842","profile_link_color":"1DA1F2","profile_sidebar_border_color":"C0DEED","profile_sidebar_fill_color":"DDEEF6","profile_text_color":"333333","profile_use_background_image":true,"has_extended_profile":false,"default_profile":true,"default_profile_image":false,"following":false,"follow_request_sent":false,"notifications":false,"translator_type":"none"},"geo":null,"coordinates":null,"place":null,"contributors":null,"is_quote_status":false,"retweet_count":3,"favorite_count":6,"favorited":false,"retweeted":false,"lang":"en"}
