{"created_at":"Thu Jan 12 08:13:02 +0000 2017","id":819457144420532224,"id_str":"819457144420532224","text":"@maciekiwan Nie bij Maciej piany. Obama w Berlinie powiedzia\u0142 \u017ce tyklo Merkel pomaga w Afganistanie potem \u017ce to \"polskie obozy\" i wsio okey","truncated":false,"entities":{"hashtags":[],"symbols":[],"user_mentions":[{"screen_name":"maciekiwan","name":"Maciej Iwan","id":818556958072565760,"id_str":"818556958072565760","indices":[0,11]}],"urls":[]},"source":"\u003ca href=\"https:\/\/mobile.twitter.com\" rel=\"nofollow\"\u003eMobile Web (M5)\u003c\/a\u003e","in_reply_to_status_id":819456325847498752,"in_reply_to_status_id_str":"819456325847498752","in_reply_to_user_id":818556958072565760,"in_reply_to_user_id_str":"818556958072565760","in_reply_to_screen_name":"maciekiwan","user":{"id":768484678064041984,"id_str":"768484678064041984","name":"ZenobiZenu\u015bZenka","screen_name":"ttbasi","location":"Polska.","description":"Jestem: Sterem Okr\u0119tem \u017beglarzem.Prezentuje w\u0142asne pogl\u0105dy. Testuj\u0105c czy KRP jest dla ubogich.Interesuje Ci\u0119 moja g\u0119ba? Poogl\u0105daj w\u0142asn\u0105. Troluje za free.","url":"https:\/\/t.co\/d7bowXjxFQ","entities":{"url":{"urls":[{"url":"https:\/\/t.co\/d7bowXjxFQ","expanded_url":"http:\/\/www.hipokryzja.com","display_url":"hipokryzja.com","indices":[0,23]}]},"description":{"urls":[]}},"protected":false,"followers_count":59,"friends_count":48,"listed_count":0,"created_at":"Wed Aug 24 16:26:39 +0000 2016","favourites_count":9215,"utc_offset":3600,"time_zone":"Warsaw","geo_enabled":false,"verified":false,"statuses_count":13669,"lang":"pl","contributors_enabled":false,"is_translator":false,"is_translation_enabled":false,"profile_background_color":"000000","profile_background_image_url":"http:\/\/abs.twimg.com\/images\/themes\/theme1\/bg.png","profile_background_image_url_https":"https:\/\/abs.twimg.com\/images\/themes\/theme1\/bg.png","profile_background_tile":false,"profile_image_url":"http:\/\/pbs.twimg.com\/profile_images\/815828822989881344\/n2VjhXDa_normal.jpg","profile_image_url_https":"https:\/\/pbs.twimg.com\/profile_images\/815828822989881344\/n2VjhXDa_normal.jpg","profile_banner_url":"https:\/\/pbs.twimg.com\/profile_banners\/768484678064041984\/1480378333","profile_link_color":"F58EA8","profile_sidebar_border_color":"000000","profile_sidebar_fill_color":"000000","profile_text_color":"000000","profile_use_background_image":false,"has_extended_profile":false,"default_profile":false,"default_profile_image":false,"following":false,"follow_request_sent":false,"notifications":false,"translator_type":"none"},"geo":null,"coordinates":null,"place":null,"contributors":null,"is_quote_status":false,"retweet_count":0,"favorite_count":0,"favorited":false,"retweeted":false,"lang":"pl"}
