{"created_at":"Thu Jan 12 08:13:03 +0000 2017","id":819457148908236800,"id_str":"819457148908236800","text":"@Fidel562 i got a 1 year old who looks up to me. Who needs shelter, food, &amp; clothes. And school wasn't giving me the funds to supply that","truncated":false,"entities":{"hashtags":[],"symbols":[],"user_mentions":[{"screen_name":"Fidel562","name":"Fidel Palomo","id":271246163,"id_str":"271246163","indices":[0,9]}],"urls":[]},"source":"\u003ca href=\"http:\/\/twitter.com\/download\/iphone\" rel=\"nofollow\"\u003eTwitter for iPhone\u003c\/a\u003e","in_reply_to_status_id":819456697479536640,"in_reply_to_status_id_str":"819456697479536640","in_reply_to_user_id":271246163,"in_reply_to_user_id_str":"271246163","in_reply_to_screen_name":"Fidel562","user":{"id":271246163,"id_str":"271246163","name":"Fidel Palomo","screen_name":"Fidel562","location":"Lakewood, CA","description":"Sept. 2 | 20 | Daddy to a Mermaid \u2764\ufe0f\u200d\u200d| Michoac\u00e1n \ud83c\uddf2\ud83c\uddfd\ud83d\udc80","url":null,"entities":{"description":{"urls":[]}},"protected":false,"followers_count":440,"friends_count":553,"listed_count":1,"created_at":"Thu Mar 24 04:03:18 +0000 2011","favourites_count":7617,"utc_offset":-25200,"time_zone":"Arizona","geo_enabled":false,"verified":false,"statuses_count":7241,"lang":"en","contributors_enabled":false,"is_translator":false,"is_translation_enabled":false,"profile_background_color":"C0DEED","profile_background_image_url":"http:\/\/pbs.twimg.com\/profile_background_images\/221869460\/pittsburgh01.jpg","profile_background_image_url_https":"https:\/\/pbs.twimg.com\/profile_background_images\/221869460\/pittsburgh01.jpg","profile_background_tile":true,"profile_image_url":"http:\/\/pbs.twimg.com\/profile_images\/792422943217192961\/KmYcZh8u_normal.jpg","profile_image_url_https":"https:\/\/pbs.twimg.com\/profile_images\/792422943217192961\/KmYcZh8u_normal.jpg","profile_banner_url":"https:\/\/pbs.twimg.com\/profile_banners\/271246163\/1469002032","profile_link_color":"0084B4","profile_sidebar_border_color":"C0DEED","profile_sidebar_fill_color":"DDEEF6","profile_text_color":"333333","profile_use_background_image":true,"has_extended_profile":true,"default_profile":false,"default_profile_image":false,"following":false,"follow_request_sent":false,"notifications":false,"translator_type":"none"},"geo":null,"coordinates":null,"place":null,"contributors":null,"is_quote_status":false,"retweet_count":0,"favorite_count":1,"favorited":false,"retweeted":false,"lang":"en"}
