{"created_at":"Thu Jan 12 08:13:06 +0000 2017","id":819457160723607552,"id_str":"819457160723607552","text":"I with this test transmission last forever....  #redfm1049","truncated":false,"entities":{"hashtags":[{"text":"redfm1049","indices":[48,58]}],"symbols":[],"user_mentions":[],"urls":[]},"source":"\u003ca href=\"http:\/\/twitter.com\/download\/android\" rel=\"nofollow\"\u003eTwitter for Android\u003c\/a\u003e","in_reply_to_status_id":null,"in_reply_to_status_id_str":null,"in_reply_to_user_id":null,"in_reply_to_user_id_str":null,"in_reply_to_screen_name":null,"user":{"id":3178136480,"id_str":"3178136480","name":"Jack Nike","screen_name":"Jack_The_Snitch","location":"Whiphaeshire.gd","description":"Service industries beware","url":"http:\/\/t.co\/5TcPwvPv2X","entities":{"url":{"urls":[{"url":"http:\/\/t.co\/5TcPwvPv2X","expanded_url":"http:\/\/www.dontsnitchlooseships.com","display_url":"dontsnitchlooseships.com","indices":[0,22]}]},"description":{"urls":[]}},"protected":false,"followers_count":1,"friends_count":44,"listed_count":0,"created_at":"Tue Apr 28 11:45:42 +0000 2015","favourites_count":2,"utc_offset":null,"time_zone":null,"geo_enabled":false,"verified":false,"statuses_count":26,"lang":"en","contributors_enabled":false,"is_translator":false,"is_translation_enabled":false,"profile_background_color":"C0DEED","profile_background_image_url":"http:\/\/abs.twimg.com\/images\/themes\/theme1\/bg.png","profile_background_image_url_https":"https:\/\/abs.twimg.com\/images\/themes\/theme1\/bg.png","profile_background_tile":false,"profile_image_url":"http:\/\/pbs.twimg.com\/profile_images\/593021346776420352\/1o6kuB8i_normal.jpg","profile_image_url_https":"https:\/\/pbs.twimg.com\/profile_images\/593021346776420352\/1o6kuB8i_normal.jpg","profile_link_color":"1DA1F2","profile_sidebar_border_color":"C0DEED","profile_sidebar_fill_color":"DDEEF6","profile_text_color":"333333","profile_use_background_image":true,"has_extended_profile":false,"default_profile":true,"default_profile_image":false,"following":false,"follow_request_sent":false,"notifications":false,"translator_type":"none"},"geo":null,"coordinates":null,"place":null,"contributors":null,"is_quote_status":false,"retweet_count":0,"favorite_count":0,"favorited":false,"retweeted":false,"lang":"en"}
