{"created_at":"Thu Jan 12 08:13:04 +0000 2017","id":819457151521423360,"id_str":"819457151521423360","text":"@Niestyshakes I-I don't even know what this means","truncated":false,"entities":{"hashtags":[],"symbols":[],"user_mentions":[{"screen_name":"Niestyshakes","name":"Niestyshakes","id":2429895973,"id_str":"2429895973","indices":[0,13]}],"urls":[]},"source":"\u003ca href=\"http:\/\/twitter.com\" rel=\"nofollow\"\u003eTwitter Web Client\u003c\/a\u003e","in_reply_to_status_id":819456297447944194,"in_reply_to_status_id_str":"819456297447944194","in_reply_to_user_id":2429895973,"in_reply_to_user_id_str":"2429895973","in_reply_to_screen_name":"Niestyshakes","user":{"id":3130171397,"id_str":"3130171397","name":"Nog Aficionado  Yaya","screen_name":"YayaLoL__","location":"","description":"I tweet about League of Legends. I'm starting to write articles. Adore top laners.","url":null,"entities":{"description":{"urls":[]}},"protected":false,"followers_count":136,"friends_count":195,"listed_count":3,"created_at":"Mon Mar 30 23:55:14 +0000 2015","favourites_count":2637,"utc_offset":-28800,"time_zone":"Pacific Time (US & Canada)","geo_enabled":false,"verified":false,"statuses_count":7807,"lang":"en","contributors_enabled":false,"is_translator":false,"is_translation_enabled":false,"profile_background_color":"000000","profile_background_image_url":"http:\/\/abs.twimg.com\/images\/themes\/theme1\/bg.png","profile_background_image_url_https":"https:\/\/abs.twimg.com\/images\/themes\/theme1\/bg.png","profile_background_tile":false,"profile_image_url":"http:\/\/pbs.twimg.com\/profile_images\/803809680178946049\/pSJmOnDY_normal.jpg","profile_image_url_https":"https:\/\/pbs.twimg.com\/profile_images\/803809680178946049\/pSJmOnDY_normal.jpg","profile_banner_url":"https:\/\/pbs.twimg.com\/profile_banners\/3130171397\/1446081824","profile_link_color":"ABB8C2","profile_sidebar_border_color":"000000","profile_sidebar_fill_color":"000000","profile_text_color":"000000","profile_use_background_image":false,"has_extended_profile":false,"default_profile":false,"default_profile_image":false,"following":false,"follow_request_sent":false,"notifications":false,"translator_type":"none"},"geo":null,"coordinates":null,"place":null,"contributors":null,"is_quote_status":false,"retweet_count":0,"favorite_count":0,"favorited":false,"retweeted":false,"lang":"en"}
