{"created_at":"Thu Jan 12 08:13:03 +0000 2017","id":819457146882576384,"id_str":"819457146882576384","text":"I liked a @YouTube video https:\/\/t.co\/kKUUOAv7gx\u00a0 Night Before Nintendo Switch Conference!","truncated":false,"entities":{"hashtags":[],"symbols":[],"user_mentions":[{"screen_name":"YouTube","name":"YouTube","id":10228272,"id_str":"10228272","indices":[10,18]}],"urls":[{"url":"https:\/\/t.co\/kKUUOAv7gx","expanded_url":"http:\/\/youtu.be\/Zlo27GPCfE8?a","display_url":"youtu.be\/Zlo27GPCfE8?a","indices":[25,48]}]},"source":"\u003ca href=\"https:\/\/www.socialoomph.com\" rel=\"nofollow\"\u003eSocialOomph\u003c\/a\u003e","in_reply_to_status_id":null,"in_reply_to_status_id_str":null,"in_reply_to_user_id":null,"in_reply_to_user_id_str":null,"in_reply_to_screen_name":null,"user":{"id":811166415717732352,"id_str":"811166415717732352","name":"Helena D.","screen_name":"DonaldHelen18","location":"","description":"Swimming from begining","url":null,"entities":{"description":{"urls":[]}},"protected":false,"followers_count":2,"friends_count":0,"listed_count":0,"created_at":"Tue Dec 20 11:08:39 +0000 2016","favourites_count":0,"utc_offset":null,"time_zone":null,"geo_enabled":false,"verified":false,"statuses_count":109,"lang":"en","contributors_enabled":false,"is_translator":false,"is_translation_enabled":false,"profile_background_color":"F5F8FA","profile_background_image_url":null,"profile_background_image_url_https":null,"profile_background_tile":false,"profile_image_url":"http:\/\/pbs.twimg.com\/profile_images\/813948468251095040\/IYMrDaMi_normal.jpg","profile_image_url_https":"https:\/\/pbs.twimg.com\/profile_images\/813948468251095040\/IYMrDaMi_normal.jpg","profile_banner_url":"https:\/\/pbs.twimg.com\/profile_banners\/811166415717732352\/1482895489","profile_link_color":"1DA1F2","profile_sidebar_border_color":"C0DEED","profile_sidebar_fill_color":"DDEEF6","profile_text_color":"333333","profile_use_background_image":true,"has_extended_profile":false,"default_profile":true,"default_profile_image":false,"following":false,"follow_request_sent":false,"notifications":false,"translator_type":"none"},"geo":null,"coordinates":null,"place":null,"contributors":null,"is_quote_status":false,"retweet_count":0,"favorite_count":0,"favorited":false,"retweeted":false,"possibly_sensitive":false,"possibly_sensitive_appealable":false,"lang":"en"}
