{"created_at":"Thu Jan 12 08:13:06 +0000 2017","id":819457160333627393,"id_str":"819457160333627393","text":"And I'm so sick of love songs \nSo tired of tears","truncated":false,"entities":{"hashtags":[],"symbols":[],"user_mentions":[],"urls":[]},"source":"\u003ca href=\"http:\/\/twitter.com\/download\/android\" rel=\"nofollow\"\u003eTwitter for Android\u003c\/a\u003e","in_reply_to_status_id":null,"in_reply_to_status_id_str":null,"in_reply_to_user_id":null,"in_reply_to_user_id_str":null,"in_reply_to_screen_name":null,"user":{"id":722210966,"id_str":"722210966","name":"leizi","screen_name":"maspqlei","location":"gorpa city, PR","description":"Emo, g\u00f3tica leve, roqueira, otome, urban conceitual, darkness.","url":"https:\/\/t.co\/MCpiIPhX09","entities":{"url":{"urls":[{"url":"https:\/\/t.co\/MCpiIPhX09","expanded_url":"http:\/\/instagram.com\/maspqlei","display_url":"instagram.com\/maspqlei","indices":[0,23]}]},"description":{"urls":[]}},"protected":false,"followers_count":1428,"friends_count":594,"listed_count":1,"created_at":"Sat Jul 28 13:46:40 +0000 2012","favourites_count":34720,"utc_offset":-7200,"time_zone":"Brasilia","geo_enabled":true,"verified":false,"statuses_count":65905,"lang":"pt","contributors_enabled":false,"is_translator":false,"is_translation_enabled":false,"profile_background_color":"303030","profile_background_image_url":"http:\/\/pbs.twimg.com\/profile_background_images\/464923179245244416\/UJBeiPPI.jpeg","profile_background_image_url_https":"https:\/\/pbs.twimg.com\/profile_background_images\/464923179245244416\/UJBeiPPI.jpeg","profile_background_tile":true,"profile_image_url":"http:\/\/pbs.twimg.com\/profile_images\/784987776165023744\/jI3CrGqJ_normal.jpg","profile_image_url_https":"https:\/\/pbs.twimg.com\/profile_images\/784987776165023744\/jI3CrGqJ_normal.jpg","profile_banner_url":"https:\/\/pbs.twimg.com\/profile_banners\/722210966\/1474879260","profile_link_color":"111111","profile_sidebar_border_color":"000000","profile_sidebar_fill_color":"E5507E","profile_text_color":"362720","profile_use_background_image":true,"has_extended_profile":true,"default_profile":false,"default_profile_image":false,"following":false,"follow_request_sent":false,"notifications":false,"translator_type":"regular"},"geo":null,"coordinates":null,"place":null,"contributors":null,"is_quote_status":false,"retweet_count":0,"favorite_count":0,"favorited":false,"retweeted":false,"lang":"en"}
