{"created_at":"Thu Jan 12 08:13:05 +0000 2017","id":819457156122447872,"id_str":"819457156122447872","text":"I'm wittit https:\/\/t.co\/CEf8Ca2mnx","truncated":false,"entities":{"hashtags":[],"symbols":[],"user_mentions":[],"urls":[{"url":"https:\/\/t.co\/CEf8Ca2mnx","expanded_url":"https:\/\/twitter.com\/bigcbootyg\/status\/819456243391557632","display_url":"twitter.com\/bigcbootyg\/sta\u2026","indices":[11,34]}]},"source":"\u003ca href=\"http:\/\/twitter.com\/download\/iphone\" rel=\"nofollow\"\u003eTwitter for iPhone\u003c\/a\u003e","in_reply_to_status_id":null,"in_reply_to_status_id_str":null,"in_reply_to_user_id":null,"in_reply_to_user_id_str":null,"in_reply_to_screen_name":null,"user":{"id":2236885646,"id_str":"2236885646","name":"Matthew G","screen_name":"Mlguthrie98","location":"goin back to cali ","description":"T W\u0100Y","url":null,"entities":{"description":{"urls":[]}},"protected":false,"followers_count":582,"friends_count":192,"listed_count":4,"created_at":"Mon Dec 09 02:36:21 +0000 2013","favourites_count":41071,"utc_offset":null,"time_zone":null,"geo_enabled":false,"verified":false,"statuses_count":23075,"lang":"en","contributors_enabled":false,"is_translator":false,"is_translation_enabled":false,"profile_background_color":"C0DEED","profile_background_image_url":"http:\/\/abs.twimg.com\/images\/themes\/theme1\/bg.png","profile_background_image_url_https":"https:\/\/abs.twimg.com\/images\/themes\/theme1\/bg.png","profile_background_tile":false,"profile_image_url":"http:\/\/pbs.twimg.com\/profile_images\/758129879846047745\/IcLtA9FZ_normal.jpg","profile_image_url_https":"https:\/\/pbs.twimg.com\/profile_images\/758129879846047745\/IcLtA9FZ_normal.jpg","profile_banner_url":"https:\/\/pbs.twimg.com\/profile_banners\/2236885646\/1477373148","profile_link_color":"1DA1F2","profile_sidebar_border_color":"C0DEED","profile_sidebar_fill_color":"DDEEF6","profile_text_color":"333333","profile_use_background_image":true,"has_extended_profile":true,"default_profile":true,"default_profile_image":false,"following":false,"follow_request_sent":false,"notifications":false,"translator_type":"none"},"geo":null,"coordinates":null,"place":null,"contributors":null,"is_quote_status":true,"retweet_count":0,"favorite_count":2,"favorited":false,"retweeted":false,"possibly_sensitive":false,"possibly_sensitive_appealable":false,"lang":"en"}
