{"created_at":"Thu Jan 12 08:13:06 +0000 2017","id":819457161050882048,"id_str":"819457161050882048","text":"i hateeee my friends","truncated":false,"entities":{"hashtags":[],"symbols":[],"user_mentions":[],"urls":[]},"source":"\u003ca href=\"http:\/\/twitter.com\/download\/iphone\" rel=\"nofollow\"\u003eTwitter for iPhone\u003c\/a\u003e","in_reply_to_status_id":null,"in_reply_to_status_id_str":null,"in_reply_to_user_id":null,"in_reply_to_user_id_str":null,"in_reply_to_screen_name":null,"user":{"id":3373077143,"id_str":"3373077143","name":"hanna","screen_name":"catchthesehannz","location":"New Orleans","description":"you're either with me or in my way\ud83d\ude47\u200d\u2640\ufe0f","url":null,"entities":{"description":{"urls":[]}},"protected":false,"followers_count":603,"friends_count":325,"listed_count":3,"created_at":"Sun Jul 12 23:25:03 +0000 2015","favourites_count":22557,"utc_offset":-28800,"time_zone":"Pacific Time (US & Canada)","geo_enabled":true,"verified":false,"statuses_count":35298,"lang":"en","contributors_enabled":false,"is_translator":false,"is_translation_enabled":false,"profile_background_color":"C0DEED","profile_background_image_url":"http:\/\/abs.twimg.com\/images\/themes\/theme1\/bg.png","profile_background_image_url_https":"https:\/\/abs.twimg.com\/images\/themes\/theme1\/bg.png","profile_background_tile":false,"profile_image_url":"http:\/\/pbs.twimg.com\/profile_images\/815312330900865028\/PMXPFMXx_normal.jpg","profile_image_url_https":"https:\/\/pbs.twimg.com\/profile_images\/815312330900865028\/PMXPFMXx_normal.jpg","profile_link_color":"1DA1F2","profile_sidebar_border_color":"C0DEED","profile_sidebar_fill_color":"DDEEF6","profile_text_color":"333333","profile_use_background_image":true,"has_extended_profile":false,"default_profile":true,"default_profile_image":false,"following":false,"follow_request_sent":false,"notifications":false,"translator_type":"none"},"geo":null,"coordinates":null,"place":null,"contributors":null,"is_quote_status":false,"retweet_count":0,"favorite_count":0,"favorited":false,"retweeted":false,"lang":"en"}
