{"created_at":"Thu Jan 12 08:13:04 +0000 2017","id":819457154180464641,"id_str":"819457154180464641","text":"2017\u5e7401\u670812\u65e5 17\u664213\u5206\n \u96fb\u6e90\u96fb\u5727\uff1a 12.55","truncated":false,"entities":{"hashtags":[],"symbols":[],"user_mentions":[],"urls":[]},"source":"\u003ca href=\"http:\/\/www.iweave.jp\" rel=\"nofollow\"\u003eSolarPowerMonitor\u003c\/a\u003e","in_reply_to_status_id":null,"in_reply_to_status_id_str":null,"in_reply_to_user_id":null,"in_reply_to_user_id_str":null,"in_reply_to_screen_name":null,"user":{"id":2443087242,"id_str":"2443087242","name":"iWeave\u306e\u5b9f\u9a13\u5ba4","screen_name":"iWeaveLabs","location":"","description":"@iweave_jp \u304c\u5b9f\u9a13\u7684\u306a\u4f55\u304b\u3092\u3064\u3076\u3084\u304d\u307e\u3059\u3002","url":"http:\/\/t.co\/uS0NUVQpu2","entities":{"url":{"urls":[{"url":"http:\/\/t.co\/uS0NUVQpu2","expanded_url":"http:\/\/www.iweave.jp\/","display_url":"iweave.jp","indices":[0,22]}]},"description":{"urls":[]}},"protected":false,"followers_count":1,"friends_count":3,"listed_count":0,"created_at":"Mon Apr 14 01:46:12 +0000 2014","favourites_count":0,"utc_offset":32400,"time_zone":"Tokyo","geo_enabled":false,"verified":false,"statuses_count":13782,"lang":"ja","contributors_enabled":false,"is_translator":false,"is_translation_enabled":false,"profile_background_color":"C0DEED","profile_background_image_url":"http:\/\/abs.twimg.com\/images\/themes\/theme1\/bg.png","profile_background_image_url_https":"https:\/\/abs.twimg.com\/images\/themes\/theme1\/bg.png","profile_background_tile":false,"profile_image_url":"http:\/\/pbs.twimg.com\/profile_images\/455888298427174913\/3gAnktYv_normal.jpeg","profile_image_url_https":"https:\/\/pbs.twimg.com\/profile_images\/455888298427174913\/3gAnktYv_normal.jpeg","profile_banner_url":"https:\/\/pbs.twimg.com\/profile_banners\/2443087242\/1397528455","profile_link_color":"1DA1F2","profile_sidebar_border_color":"C0DEED","profile_sidebar_fill_color":"DDEEF6","profile_text_color":"333333","profile_use_background_image":true,"has_extended_profile":false,"default_profile":true,"default_profile_image":false,"following":false,"follow_request_sent":false,"notifications":false,"translator_type":"none"},"geo":null,"coordinates":null,"place":null,"contributors":null,"is_quote_status":false,"retweet_count":0,"favorite_count":0,"favorited":false,"retweeted":false,"lang":"ja"}
