{"created_at":"Thu Jan 12 08:13:04 +0000 2017","id":819457151638896641,"id_str":"819457151638896641","text":"@thatmelanintho I like how its only female hygiene as per usual:\/ stupid bitch let's go shove our armpits in heir face","truncated":false,"entities":{"hashtags":[],"symbols":[],"user_mentions":[{"screen_name":"thatmelanintho","name":"quavo ratatouille","id":3399749218,"id_str":"3399749218","indices":[0,15]}],"urls":[]},"source":"\u003ca href=\"http:\/\/twitter.com\/download\/android\" rel=\"nofollow\"\u003eTwitter for Android\u003c\/a\u003e","in_reply_to_status_id":819348717497098240,"in_reply_to_status_id_str":"819348717497098240","in_reply_to_user_id":3399749218,"in_reply_to_user_id_str":"3399749218","in_reply_to_screen_name":"thatmelanintho","user":{"id":3400037493,"id_str":"3400037493","name":"\u2642lipstick boy\u2640","screen_name":"sea_skunk","location":"watching futurama","description":"My name's yours what's Lucia \/ Aquarius \/ 7teen \/ queer \/ the love child of Adam Ant, Leigh Bowery and Boy George \/ Face painter from Belfast \/\nig: @seaskunk","url":"https:\/\/t.co\/OitsEPim3u","entities":{"url":{"urls":[{"url":"https:\/\/t.co\/OitsEPim3u","expanded_url":"http:\/\/seaskunk.tumblr.com","display_url":"seaskunk.tumblr.com","indices":[0,23]}]},"description":{"urls":[]}},"protected":false,"followers_count":2988,"friends_count":675,"listed_count":13,"created_at":"Sun Aug 02 14:18:50 +0000 2015","favourites_count":4609,"utc_offset":-28800,"time_zone":"Pacific Time (US & Canada)","geo_enabled":true,"verified":false,"statuses_count":6635,"lang":"en","contributors_enabled":false,"is_translator":false,"is_translation_enabled":false,"profile_background_color":"ACDED6","profile_background_image_url":"http:\/\/pbs.twimg.com\/profile_background_images\/685586555675754498\/XeulM5zx.jpg","profile_background_image_url_https":"https:\/\/pbs.twimg.com\/profile_background_images\/685586555675754498\/XeulM5zx.jpg","profile_background_tile":true,"profile_image_url":"http:\/\/pbs.twimg.com\/profile_images\/817280165394968576\/gOxvegvW_normal.jpg","profile_image_url_https":"https:\/\/pbs.twimg.com\/profile_images\/817280165394968576\/gOxvegvW_normal.jpg","profile_banner_url":"https:\/\/pbs.twimg.com\/profile_banners\/3400037493\/1470180067","profile_link_color":"038543","profile_sidebar_border_color":"000000","profile_sidebar_fill_color":"000000","profile_text_color":"000000","profile_use_background_image":true,"has_extended_profile":true,"default_profile":false,"default_profile_image":false,"following":false,"follow_request_sent":false,"notifications":false,"translator_type":"none"},"geo":null,"coordinates":null,"place":null,"contributors":null,"is_quote_status":false,"retweet_count":0,"favorite_count":1,"favorited":false,"retweeted":false,"lang":"en"}
