{"created_at":"Thu Jan 12 08:13:02 +0000 2017","id":819457144965726208,"id_str":"819457144965726208","text":"I'm at \u0639\u0628\u062f\u0627\u0644\u0644\u0647 \u0645\u0628\u0627\u0631\u0643 https:\/\/t.co\/l5E8zzxPQV","truncated":false,"entities":{"hashtags":[],"symbols":[],"user_mentions":[],"urls":[{"url":"https:\/\/t.co\/l5E8zzxPQV","expanded_url":"https:\/\/www.swarmapp.com\/c\/1EsJSl0Up8C","display_url":"swarmapp.com\/c\/1EsJSl0Up8C","indices":[21,44]}]},"source":"\u003ca href=\"http:\/\/foursquare.com\" rel=\"nofollow\"\u003eFoursquare\u003c\/a\u003e","in_reply_to_status_id":null,"in_reply_to_status_id_str":null,"in_reply_to_user_id":null,"in_reply_to_user_id_str":null,"in_reply_to_screen_name":null,"user":{"id":1645394449,"id_str":"1645394449","name":"alyahyouh_729","screen_name":"R_alyahyoh","location":"","description":"\u0627\u0644\u0644\u0647\u0645 \u0627\u0631\u062d\u0645 \u0644\u0637\u064a\u0641\u0647 \u0648\u0637\u0644\u0627\u0644 \u0627\u0644\u0639\u062c\u064a\u0645\u0627\u0646 \u0628\u0631\u062d\u0645\u062a\u0643 \u064a\u0627\u0631\u0628.                                 https:\/\/t.co\/4MwKoNRtEt","url":null,"entities":{"description":{"urls":[{"url":"https:\/\/t.co\/4MwKoNRtEt","expanded_url":"http:\/\/ask.fm\/r_alyahyoh","display_url":"ask.fm\/r_alyahyoh","indices":[77,100]}]}},"protected":false,"followers_count":58,"friends_count":72,"listed_count":0,"created_at":"Sun Aug 04 14:33:51 +0000 2013","favourites_count":40,"utc_offset":null,"time_zone":null,"geo_enabled":false,"verified":false,"statuses_count":767,"lang":"ar","contributors_enabled":false,"is_translator":false,"is_translation_enabled":false,"profile_background_color":"C0DEED","profile_background_image_url":"http:\/\/abs.twimg.com\/images\/themes\/theme1\/bg.png","profile_background_image_url_https":"https:\/\/abs.twimg.com\/images\/themes\/theme1\/bg.png","profile_background_tile":false,"profile_image_url":"http:\/\/pbs.twimg.com\/profile_images\/806117966412648448\/ooPHDkLS_normal.jpg","profile_image_url_https":"https:\/\/pbs.twimg.com\/profile_images\/806117966412648448\/ooPHDkLS_normal.jpg","profile_banner_url":"https:\/\/pbs.twimg.com\/profile_banners\/1645394449\/1476120658","profile_link_color":"1DA1F2","profile_sidebar_border_color":"C0DEED","profile_sidebar_fill_color":"DDEEF6","profile_text_color":"333333","profile_use_background_image":true,"has_extended_profile":true,"default_profile":true,"default_profile_image":false,"following":false,"follow_request_sent":false,"notifications":false,"translator_type":"none"},"geo":null,"coordinates":null,"place":null,"contributors":null,"is_quote_status":false,"retweet_count":0,"favorite_count":0,"favorited":false,"retweeted":false,"possibly_sensitive":false,"possibly_sensitive_appealable":false,"lang":"ar"}
