{"created_at":"Thu Jan 12 08:13:05 +0000 2017","id":819457157150216192,"id_str":"819457157150216192","text":"@NATNA__ I'm crying https:\/\/t.co\/l7OvMY9HLV","truncated":false,"entities":{"hashtags":[],"symbols":[],"user_mentions":[{"screen_name":"NATNA__","name":"Natna\ud83d\udd4a","id":2452438818,"id_str":"2452438818","indices":[0,8]}],"urls":[],"media":[{"id":819457100732571649,"id_str":"819457100732571649","indices":[20,43],"media_url":"http:\/\/pbs.twimg.com\/ext_tw_video_thumb\/819457100732571649\/pu\/img\/ZzWf4Otg6aVaQwq0.jpg","media_url_https":"https:\/\/pbs.twimg.com\/ext_tw_video_thumb\/819457100732571649\/pu\/img\/ZzWf4Otg6aVaQwq0.jpg","url":"https:\/\/t.co\/l7OvMY9HLV","display_url":"pic.twitter.com\/l7OvMY9HLV","expanded_url":"https:\/\/twitter.com\/NATNA__\/status\/819457157150216192\/video\/1","type":"photo","sizes":{"small":{"w":340,"h":604,"resize":"fit"},"large":{"w":720,"h":1280,"resize":"fit"},"thumb":{"w":150,"h":150,"resize":"crop"},"medium":{"w":600,"h":1067,"resize":"fit"}}}]},"extended_entities":{"media":[{"id":819457100732571649,"id_str":"819457100732571649","indices":[20,43],"media_url":"http:\/\/pbs.twimg.com\/ext_tw_video_thumb\/819457100732571649\/pu\/img\/ZzWf4Otg6aVaQwq0.jpg","media_url_https":"https:\/\/pbs.twimg.com\/ext_tw_video_thumb\/819457100732571649\/pu\/img\/ZzWf4Otg6aVaQwq0.jpg","url":"https:\/\/t.co\/l7OvMY9HLV","display_url":"pic.twitter.com\/l7OvMY9HLV","expanded_url":"https:\/\/twitter.com\/NATNA__\/status\/819457157150216192\/video\/1","type":"video","sizes":{"small":{"w":340,"h":604,"resize":"fit"},"large":{"w":720,"h":1280,"resize":"fit"},"thumb":{"w":150,"h":150,"resize":"crop"},"medium":{"w":600,"h":1067,"resize":"fit"}},"video_info":{"aspect_ratio":[9,16],"duration_millis":25100,"variants":[{"bitrate":2176000,"content_type":"video\/mp4","url":"https:\/\/video.twimg.com\/ext_tw_video\/819457100732571649\/pu\/vid\/720x1280\/--qEUoBtqekeThgW.mp4"},{"bitrate":320000,"content_type":"video\/mp4","url":"https:\/\/video.twimg.com\/ext_tw_video\/819457100732571649\/pu\/vid\/180x320\/2--oaNS_M7oZafzx.mp4"},{"content_type":"application\/x-mpegURL","url":"https:\/\/video.twimg.com\/ext_tw_video\/819457100732571649\/pu\/pl\/Fwrulgwbte4WQpzI.m3u8"},{"content_type":"application\/dash+xml","url":"https:\/\/video.twimg.com\/ext_tw_video\/819457100732571649\/pu\/pl\/Fwrulgwbte4WQpzI.mpd"},{"bitrate":832000,"content_type":"video\/mp4","url":"https:\/\/video.twimg.com\/ext_tw_video\/819457100732571649\/pu\/vid\/360x640\/h9zuvTmWARwCV2m6.mp4"}]},"additional_media_info":{"monetizable":false}}]},"source":"\u003ca href=\"http:\/\/twitter.com\/download\/iphone\" rel=\"nofollow\"\u003eTwitter for iPhone\u003c\/a\u003e","in_reply_to_status_id":819456606614290433,"in_reply_to_status_id_str":"819456606614290433","in_reply_to_user_id":2452438818,"in_reply_to_user_id_str":"2452438818","in_reply_to_screen_name":"NATNA__","user":{"id":2452438818,"id_str":"2452438818","name":"Natna\ud83d\udd4a","screen_name":"NATNA__","location":"","description":"fuck em we ball","url":null,"entities":{"description":{"urls":[]}},"protected":false,"followers_count":449,"friends_count":318,"listed_count":5,"created_at":"Sat Apr 19 05:16:04 +0000 2014","favourites_count":2566,"utc_offset":null,"time_zone":null,"geo_enabled":true,"verified":false,"statuses_count":12564,"lang":"en","contributors_enabled":false,"is_translator":false,"is_translation_enabled":false,"profile_background_color":"C0DEED","profile_background_image_url":"http:\/\/abs.twimg.com\/images\/themes\/theme1\/bg.png","profile_background_image_url_https":"https:\/\/abs.twimg.com\/images\/themes\/theme1\/bg.png","profile_background_tile":false,"profile_image_url":"http:\/\/pbs.twimg.com\/profile_images\/816883681096830976\/hXuXoqFF_normal.jpg","profile_image_url_https":"https:\/\/pbs.twimg.com\/profile_images\/816883681096830976\/hXuXoqFF_normal.jpg","profile_banner_url":"https:\/\/pbs.twimg.com\/profile_banners\/2452438818\/1483191360","profile_link_color":"1DA1F2","profile_sidebar_border_color":"C0DEED","profile_sidebar_fill_color":"DDEEF6","profile_text_color":"333333","profile_use_background_image":true,"has_extended_profile":true,"default_profile":true,"default_profile_image":false,"following":false,"follow_request_sent":false,"notifications":false,"translator_type":"none"},"geo":null,"coordinates":null,"place":null,"contributors":null,"is_quote_status":false,"retweet_count":0,"favorite_count":1,"favorited":false,"retweeted":false,"possibly_sensitive":false,"possibly_sensitive_appealable":false,"lang":"en"}
