{"created_at":"Thu Jan 12 08:13:04 +0000 2017","id":819457152183980032,"id_str":"819457152183980032","text":"@YungChefSRLC bro I'm 6'1 215 and run a 4.4 40 I'm the prototypical RB","truncated":false,"entities":{"hashtags":[],"symbols":[],"user_mentions":[{"screen_name":"YungChefSRLC","name":"Max Julien","id":255407855,"id_str":"255407855","indices":[0,13]}],"urls":[]},"source":"\u003ca href=\"http:\/\/twitter.com\/download\/iphone\" rel=\"nofollow\"\u003eTwitter for iPhone\u003c\/a\u003e","in_reply_to_status_id":819456710079172608,"in_reply_to_status_id_str":"819456710079172608","in_reply_to_user_id":255407855,"in_reply_to_user_id_str":"255407855","in_reply_to_screen_name":"YungChefSRLC","user":{"id":163305130,"id_str":"163305130","name":"AS KD \ud83d\udc36","screen_name":"dlowery_94","location":"HTX-DTX","description":"God|Family|Success|#BLACKLIVESMATTER\u270a\ud83c\udffe|\u03a9\u03a8\u03a6|Zulu Tre dog Spr.15\u26a1\u26a1\u26a1 SC: Dlowery_94","url":null,"entities":{"description":{"urls":[]}},"protected":false,"followers_count":2481,"friends_count":1935,"listed_count":12,"created_at":"Tue Jul 06 02:25:28 +0000 2010","favourites_count":1292,"utc_offset":-21600,"time_zone":"Central Time (US & Canada)","geo_enabled":true,"verified":false,"statuses_count":24989,"lang":"en","contributors_enabled":false,"is_translator":false,"is_translation_enabled":false,"profile_background_color":"000000","profile_background_image_url":"http:\/\/pbs.twimg.com\/profile_background_images\/884591305\/ace71e3f27b252b7464667979536864f.jpeg","profile_background_image_url_https":"https:\/\/pbs.twimg.com\/profile_background_images\/884591305\/ace71e3f27b252b7464667979536864f.jpeg","profile_background_tile":true,"profile_image_url":"http:\/\/pbs.twimg.com\/profile_images\/815442317683277824\/XQyg_hSH_normal.jpg","profile_image_url_https":"https:\/\/pbs.twimg.com\/profile_images\/815442317683277824\/XQyg_hSH_normal.jpg","profile_banner_url":"https:\/\/pbs.twimg.com\/profile_banners\/163305130\/1476066402","profile_link_color":"C74804","profile_sidebar_border_color":"000000","profile_sidebar_fill_color":"000000","profile_text_color":"111F7A","profile_use_background_image":true,"has_extended_profile":true,"default_profile":false,"default_profile_image":false,"following":false,"follow_request_sent":false,"notifications":false,"translator_type":"none"},"geo":null,"coordinates":null,"place":{"id":"18810aa5b43e76c7","url":"https:\/\/api.twitter.com\/1.1\/geo\/id\/18810aa5b43e76c7.json","place_type":"city","name":"Dallas","full_name":"Dallas, TX","country_code":"US","country":"United States","contained_within":[],"bounding_box":{"type":"Polygon","coordinates":[[[-96.977527,32.620678],[-96.54598,32.620678],[-96.54598,33.019039],[-96.977527,33.019039]]]},"attributes":{}},"contributors":null,"is_quote_status":false,"retweet_count":0,"favorite_count":0,"favorited":false,"retweeted":false,"lang":"en"}
