{"created_at":"Thu Jan 12 08:13:02 +0000 2017","id":819457145481625601,"id_str":"819457145481625601","text":"My professors probably was like \"I aint even about to try to be funny. I know she dont know\" and thatssss fineeeee. Tf.","truncated":false,"entities":{"hashtags":[],"symbols":[],"user_mentions":[],"urls":[]},"source":"\u003ca href=\"http:\/\/twitter.com\/download\/android\" rel=\"nofollow\"\u003eTwitter for Android\u003c\/a\u003e","in_reply_to_status_id":null,"in_reply_to_status_id_str":null,"in_reply_to_user_id":null,"in_reply_to_user_id_str":null,"in_reply_to_screen_name":null,"user":{"id":136722716,"id_str":"136722716","name":"Karmen \u2665\u2661\u2665","screen_name":"Karmen_BoBarmen","location":"","description":"Im just trying to live and be happy. Thats all.  3\/27\ud83c\udf37","url":null,"entities":{"description":{"urls":[]}},"protected":false,"followers_count":1390,"friends_count":1349,"listed_count":13,"created_at":"Sat Apr 24 18:38:13 +0000 2010","favourites_count":5822,"utc_offset":-21600,"time_zone":"Central Time (US & Canada)","geo_enabled":false,"verified":false,"statuses_count":49159,"lang":"en","contributors_enabled":false,"is_translator":false,"is_translation_enabled":false,"profile_background_color":"FF6699","profile_background_image_url":"http:\/\/pbs.twimg.com\/profile_background_images\/174876226\/pineapple.jpg","profile_background_image_url_https":"https:\/\/pbs.twimg.com\/profile_background_images\/174876226\/pineapple.jpg","profile_background_tile":true,"profile_image_url":"http:\/\/pbs.twimg.com\/profile_images\/652760698813063168\/ZjituPaX_normal.jpg","profile_image_url_https":"https:\/\/pbs.twimg.com\/profile_images\/652760698813063168\/ZjituPaX_normal.jpg","profile_banner_url":"https:\/\/pbs.twimg.com\/profile_banners\/136722716\/1410068708","profile_link_color":"B40B43","profile_sidebar_border_color":"CC3366","profile_sidebar_fill_color":"E5507E","profile_text_color":"362720","profile_use_background_image":true,"has_extended_profile":false,"default_profile":false,"default_profile_image":false,"following":false,"follow_request_sent":false,"notifications":false,"translator_type":"none"},"geo":null,"coordinates":null,"place":null,"contributors":null,"is_quote_status":false,"retweet_count":0,"favorite_count":0,"favorited":false,"retweeted":false,"lang":"en"}
