{"created_at":"Thu Jan 12 08:13:04 +0000 2017","id":819457151840251905,"id_str":"819457151840251905","text":"@JuanIsidro seriously! I've been waiting for a doppelg\u00e4nger narrative since forever!","truncated":false,"entities":{"hashtags":[],"symbols":[],"user_mentions":[{"screen_name":"JuanIsidro","name":"Juan Isidro Acevedo","id":38310604,"id_str":"38310604","indices":[0,11]}],"urls":[]},"source":"\u003ca href=\"http:\/\/twitter.com\/download\/iphone\" rel=\"nofollow\"\u003eTwitter for iPhone\u003c\/a\u003e","in_reply_to_status_id":819357857745432577,"in_reply_to_status_id_str":"819357857745432577","in_reply_to_user_id":38310604,"in_reply_to_user_id_str":"38310604","in_reply_to_screen_name":"JuanIsidro","user":{"id":76427119,"id_str":"76427119","name":"Joanne","screen_name":"possiblyjoanne","location":"Barcelona, Catalonia","description":"Outreach Specialist @Typeform| Constantly laughing or looking for food| Live for the hustle | Tweets are my own and in EN\/ES","url":"https:\/\/t.co\/200UFyGmOs","entities":{"url":{"urls":[{"url":"https:\/\/t.co\/200UFyGmOs","expanded_url":"http:\/\/ellaquiencome.com","display_url":"ellaquiencome.com","indices":[0,23]}]},"description":{"urls":[]}},"protected":false,"followers_count":944,"friends_count":399,"listed_count":30,"created_at":"Tue Sep 22 19:39:39 +0000 2009","favourites_count":15024,"utc_offset":3600,"time_zone":"Madrid","geo_enabled":false,"verified":false,"statuses_count":22543,"lang":"en","contributors_enabled":false,"is_translator":false,"is_translation_enabled":false,"profile_background_color":"000000","profile_background_image_url":"http:\/\/abs.twimg.com\/images\/themes\/theme1\/bg.png","profile_background_image_url_https":"https:\/\/abs.twimg.com\/images\/themes\/theme1\/bg.png","profile_background_tile":false,"profile_image_url":"http:\/\/pbs.twimg.com\/profile_images\/777107908618256384\/aj7us8Xd_normal.jpg","profile_image_url_https":"https:\/\/pbs.twimg.com\/profile_images\/777107908618256384\/aj7us8Xd_normal.jpg","profile_banner_url":"https:\/\/pbs.twimg.com\/profile_banners\/76427119\/1456326212","profile_link_color":"ABB8C2","profile_sidebar_border_color":"000000","profile_sidebar_fill_color":"000000","profile_text_color":"000000","profile_use_background_image":false,"has_extended_profile":false,"default_profile":false,"default_profile_image":false,"following":false,"follow_request_sent":false,"notifications":false,"translator_type":"none"},"geo":null,"coordinates":null,"place":null,"contributors":null,"is_quote_status":false,"retweet_count":0,"favorite_count":0,"favorited":false,"retweeted":false,"lang":"en"}
