{"created_at":"Thu Jan 12 08:13:05 +0000 2017","id":819457157653405697,"id_str":"819457157653405697","text":"Btw enjoy later @hperalejo @_markuspaterson . Ingat sa pagpunta at paguwi!\n\nMARKVEN FUNtasticDay","truncated":false,"entities":{"hashtags":[],"symbols":[],"user_mentions":[{"screen_name":"hperalejo","name":"Heaven Peralejo","id":808603502,"id_str":"808603502","indices":[16,26]},{"screen_name":"_markuspaterson","name":"Markus Paterson","id":1558844604,"id_str":"1558844604","indices":[27,43]}],"urls":[]},"source":"\u003ca href=\"http:\/\/twitter.com\/download\/android\" rel=\"nofollow\"\u003eTwitter for Android\u003c\/a\u003e","in_reply_to_status_id":null,"in_reply_to_status_id_str":null,"in_reply_to_user_id":null,"in_reply_to_user_id_str":null,"in_reply_to_screen_name":null,"user":{"id":765819738601558016,"id_str":"765819738601558016","name":"W I Z A R D","screen_name":"bw_hermione","location":"\u26a1 Hogwarts","description":"The brightest witch of her age.\nHermione Jean Granger.","url":null,"entities":{"description":{"urls":[]}},"protected":false,"followers_count":389,"friends_count":10,"listed_count":0,"created_at":"Wed Aug 17 07:57:08 +0000 2016","favourites_count":470,"utc_offset":-28800,"time_zone":"Pacific Time (US & Canada)","geo_enabled":false,"verified":false,"statuses_count":371,"lang":"en","contributors_enabled":false,"is_translator":false,"is_translation_enabled":false,"profile_background_color":"000000","profile_background_image_url":"http:\/\/abs.twimg.com\/images\/themes\/theme1\/bg.png","profile_background_image_url_https":"https:\/\/abs.twimg.com\/images\/themes\/theme1\/bg.png","profile_background_tile":false,"profile_image_url":"http:\/\/pbs.twimg.com\/profile_images\/813958664876748800\/LW3cgZUV_normal.jpg","profile_image_url_https":"https:\/\/pbs.twimg.com\/profile_images\/813958664876748800\/LW3cgZUV_normal.jpg","profile_banner_url":"https:\/\/pbs.twimg.com\/profile_banners\/765819738601558016\/1483253211","profile_link_color":"ABB8C2","profile_sidebar_border_color":"000000","profile_sidebar_fill_color":"000000","profile_text_color":"000000","profile_use_background_image":false,"has_extended_profile":false,"default_profile":false,"default_profile_image":false,"following":false,"follow_request_sent":false,"notifications":false,"translator_type":"none"},"geo":null,"coordinates":null,"place":null,"contributors":null,"is_quote_status":false,"retweet_count":2,"favorite_count":0,"favorited":false,"retweeted":false,"lang":"tl"}
