{"created_at":"Thu Jan 12 08:13:02 +0000 2017","id":819457145418616832,"id_str":"819457145418616832","text":"I just want to apologize to my girlfriend for my annoyance which never allows her to do her school work at home. Poor her.","truncated":false,"entities":{"hashtags":[],"symbols":[],"user_mentions":[],"urls":[]},"source":"\u003ca href=\"http:\/\/twitter.com\" rel=\"nofollow\"\u003eTwitter Web Client\u003c\/a\u003e","in_reply_to_status_id":null,"in_reply_to_status_id_str":null,"in_reply_to_user_id":null,"in_reply_to_user_id_str":null,"in_reply_to_screen_name":null,"user":{"id":791556563328651264,"id_str":"791556563328651264","name":"javs","screen_name":"javsme","location":"","description":"\ud83c\ude50 B.","url":null,"entities":{"description":{"urls":[]}},"protected":false,"followers_count":84,"friends_count":80,"listed_count":0,"created_at":"Thu Oct 27 08:26:05 +0000 2016","favourites_count":230,"utc_offset":-28800,"time_zone":"Pacific Time (US & Canada)","geo_enabled":false,"verified":false,"statuses_count":216,"lang":"en","contributors_enabled":false,"is_translator":false,"is_translation_enabled":false,"profile_background_color":"000000","profile_background_image_url":"http:\/\/abs.twimg.com\/images\/themes\/theme1\/bg.png","profile_background_image_url_https":"https:\/\/abs.twimg.com\/images\/themes\/theme1\/bg.png","profile_background_tile":false,"profile_image_url":"http:\/\/pbs.twimg.com\/profile_images\/820444133261049856\/-7Kn9dpK_normal.jpg","profile_image_url_https":"https:\/\/pbs.twimg.com\/profile_images\/820444133261049856\/-7Kn9dpK_normal.jpg","profile_banner_url":"https:\/\/pbs.twimg.com\/profile_banners\/791556563328651264\/1480199286","profile_link_color":"E81C4F","profile_sidebar_border_color":"000000","profile_sidebar_fill_color":"000000","profile_text_color":"000000","profile_use_background_image":false,"has_extended_profile":true,"default_profile":false,"default_profile_image":false,"following":false,"follow_request_sent":false,"notifications":false,"translator_type":"none"},"geo":null,"coordinates":null,"place":null,"contributors":null,"is_quote_status":false,"retweet_count":0,"favorite_count":1,"favorited":false,"retweeted":false,"lang":"en"}
