{"created_at":"Thu Jan 12 08:13:05 +0000 2017","id":819457157179510785,"id_str":"819457157179510785","text":"Man on the Moon will forever be my favorite Cudi song","truncated":false,"entities":{"hashtags":[],"symbols":[],"user_mentions":[],"urls":[]},"source":"\u003ca href=\"http:\/\/twitter.com\/download\/iphone\" rel=\"nofollow\"\u003eTwitter for iPhone\u003c\/a\u003e","in_reply_to_status_id":null,"in_reply_to_status_id_str":null,"in_reply_to_user_id":null,"in_reply_to_user_id_str":null,"in_reply_to_screen_name":null,"user":{"id":486097249,"id_str":"486097249","name":"tyler","screen_name":"i_am_tman","location":"Texas Forever","description":"enjoy where you are now \ud83d\udeb6\ud83c\udffd#TAMU19 \/\/ Aggie Men's Alliance","url":null,"entities":{"description":{"urls":[]}},"protected":false,"followers_count":662,"friends_count":565,"listed_count":5,"created_at":"Tue Feb 07 22:36:39 +0000 2012","favourites_count":2817,"utc_offset":-21600,"time_zone":"Central Time (US & Canada)","geo_enabled":true,"verified":false,"statuses_count":34173,"lang":"en","contributors_enabled":false,"is_translator":false,"is_translation_enabled":false,"profile_background_color":"000000","profile_background_image_url":"http:\/\/abs.twimg.com\/images\/themes\/theme1\/bg.png","profile_background_image_url_https":"https:\/\/abs.twimg.com\/images\/themes\/theme1\/bg.png","profile_background_tile":false,"profile_image_url":"http:\/\/pbs.twimg.com\/profile_images\/798457087722450945\/MUFgVrPL_normal.jpg","profile_image_url_https":"https:\/\/pbs.twimg.com\/profile_images\/798457087722450945\/MUFgVrPL_normal.jpg","profile_banner_url":"https:\/\/pbs.twimg.com\/profile_banners\/486097249\/1484283215","profile_link_color":"800000","profile_sidebar_border_color":"000000","profile_sidebar_fill_color":"000000","profile_text_color":"000000","profile_use_background_image":false,"has_extended_profile":true,"default_profile":false,"default_profile_image":false,"following":false,"follow_request_sent":false,"notifications":false,"translator_type":"none"},"geo":null,"coordinates":null,"place":null,"contributors":null,"is_quote_status":false,"retweet_count":0,"favorite_count":3,"favorited":false,"retweeted":false,"lang":"en"}
