{"created_at":"Thu Jan 12 08:13:03 +0000 2017","id":819457147222245378,"id_str":"819457147222245378","text":"@SorayaSpeaks @Vanessa_Gyan I wonder ooooo","truncated":false,"entities":{"hashtags":[],"symbols":[],"user_mentions":[{"screen_name":"SorayaSpeaks","name":"Ekua Judge of Spotes","id":380849851,"id_str":"380849851","indices":[0,13]},{"screen_name":"Vanessa_Gyan","name":"#SincerelyVee","id":28047668,"id_str":"28047668","indices":[14,27]}],"urls":[]},"source":"\u003ca href=\"http:\/\/twitter.com\/download\/android\" rel=\"nofollow\"\u003eTwitter for Android\u003c\/a\u003e","in_reply_to_status_id":819451153410826240,"in_reply_to_status_id_str":"819451153410826240","in_reply_to_user_id":380849851,"in_reply_to_user_id_str":"380849851","in_reply_to_screen_name":"SorayaSpeaks","user":{"id":562086606,"id_str":"562086606","name":"eben fiifi macdowell","screen_name":"macdowell2000","location":"ghana","description":"Actor,tv personality,up coming journalist, and a student","url":null,"entities":{"description":{"urls":[]}},"protected":false,"followers_count":345,"friends_count":229,"listed_count":4,"created_at":"Tue Apr 24 13:03:07 +0000 2012","favourites_count":734,"utc_offset":null,"time_zone":null,"geo_enabled":true,"verified":false,"statuses_count":4665,"lang":"en","contributors_enabled":false,"is_translator":false,"is_translation_enabled":false,"profile_background_color":"C0DEED","profile_background_image_url":"http:\/\/abs.twimg.com\/images\/themes\/theme1\/bg.png","profile_background_image_url_https":"https:\/\/abs.twimg.com\/images\/themes\/theme1\/bg.png","profile_background_tile":false,"profile_image_url":"http:\/\/pbs.twimg.com\/profile_images\/819517274159796224\/milgdWQR_normal.jpg","profile_image_url_https":"https:\/\/pbs.twimg.com\/profile_images\/819517274159796224\/milgdWQR_normal.jpg","profile_banner_url":"https:\/\/pbs.twimg.com\/profile_banners\/562086606\/1461162735","profile_link_color":"1DA1F2","profile_sidebar_border_color":"C0DEED","profile_sidebar_fill_color":"DDEEF6","profile_text_color":"333333","profile_use_background_image":true,"has_extended_profile":false,"default_profile":true,"default_profile_image":false,"following":false,"follow_request_sent":false,"notifications":false,"translator_type":"none"},"geo":null,"coordinates":null,"place":null,"contributors":null,"is_quote_status":false,"retweet_count":0,"favorite_count":0,"favorited":false,"retweeted":false,"lang":"en"}
