{"created_at":"Thu Jan 12 08:13:03 +0000 2017","id":819457147377504256,"id_str":"819457147377504256","text":"I'm finally almost to 1k followers on twitter \ud83d\ude02\ud83d\ude02\ud83d\ude02 totally different from the rest of my social life","truncated":false,"entities":{"hashtags":[],"symbols":[],"user_mentions":[],"urls":[]},"source":"\u003ca href=\"http:\/\/twitter.com\/download\/iphone\" rel=\"nofollow\"\u003eTwitter for iPhone\u003c\/a\u003e","in_reply_to_status_id":null,"in_reply_to_status_id_str":null,"in_reply_to_user_id":null,"in_reply_to_user_id_str":null,"in_reply_to_screen_name":null,"user":{"id":45976679,"id_str":"45976679","name":"p i n k y \ud83d\udc95","screen_name":"pinkyholmess","location":"Texas, USA","description":"","url":null,"entities":{"description":{"urls":[]}},"protected":false,"followers_count":999,"friends_count":990,"listed_count":9,"created_at":"Tue Jun 09 23:27:48 +0000 2009","favourites_count":1990,"utc_offset":-25200,"time_zone":"Mountain Time (US & Canada)","geo_enabled":true,"verified":false,"statuses_count":21183,"lang":"en","contributors_enabled":false,"is_translator":false,"is_translation_enabled":false,"profile_background_color":"030303","profile_background_image_url":"http:\/\/pbs.twimg.com\/profile_background_images\/275493899\/hello-kitty-jewelry-01.jpg","profile_background_image_url_https":"https:\/\/pbs.twimg.com\/profile_background_images\/275493899\/hello-kitty-jewelry-01.jpg","profile_background_tile":true,"profile_image_url":"http:\/\/pbs.twimg.com\/profile_images\/818919224747978753\/O2a5vqIV_normal.jpg","profile_image_url_https":"https:\/\/pbs.twimg.com\/profile_images\/818919224747978753\/O2a5vqIV_normal.jpg","profile_banner_url":"https:\/\/pbs.twimg.com\/profile_banners\/45976679\/1476246642","profile_link_color":"F0165E","profile_sidebar_border_color":"F7F7F7","profile_sidebar_fill_color":"050505","profile_text_color":"E33D8D","profile_use_background_image":true,"has_extended_profile":true,"default_profile":false,"default_profile_image":false,"following":false,"follow_request_sent":false,"notifications":false,"translator_type":"none"},"geo":null,"coordinates":null,"place":{"id":"1c69a67ad480e1b1","url":"https:\/\/api.twitter.com\/1.1\/geo\/id\/1c69a67ad480e1b1.json","place_type":"city","name":"Houston","full_name":"Houston, TX","country_code":"US","country":"United States","contained_within":[],"bounding_box":{"type":"Polygon","coordinates":[[[-95.823268,29.522325],[-95.069705,29.522325],[-95.069705,30.1546646],[-95.823268,30.1546646]]]},"attributes":{}},"contributors":null,"is_quote_status":false,"retweet_count":1,"favorite_count":2,"favorited":false,"retweeted":false,"lang":"en"}
