{"created_at":"Thu Jan 12 08:13:06 +0000 2017","id":819457161029947392,"id_str":"819457161029947392","text":"@sunabels oh get off my dick pls that's not what i meant &amp; u know it","truncated":false,"entities":{"hashtags":[],"symbols":[],"user_mentions":[{"screen_name":"sunabels","name":"* \u2727 \u00b7 \u02da \u2735 \u00b7 \u30fb\u00b0\u2606. \u263e *","id":2262850410,"id_str":"2262850410","indices":[0,9]}],"urls":[]},"source":"\u003ca href=\"http:\/\/twitter.com\/download\/iphone\" rel=\"nofollow\"\u003eTwitter for iPhone\u003c\/a\u003e","in_reply_to_status_id":819456625408962566,"in_reply_to_status_id_str":"819456625408962566","in_reply_to_user_id":2262850410,"in_reply_to_user_id_str":"2262850410","in_reply_to_screen_name":"sunabels","user":{"id":385483331,"id_str":"385483331","name":"valerie","screen_name":"mikhaylor","location":"state of grace","description":"it's okay if you were in love with him","url":"https:\/\/t.co\/1naAhF7oJY","entities":{"url":{"urls":[{"url":"https:\/\/t.co\/1naAhF7oJY","expanded_url":"http:\/\/curiouscat.me\/mickmilk","display_url":"curiouscat.me\/mickmilk","indices":[0,23]}]},"description":{"urls":[]}},"protected":false,"followers_count":1153,"friends_count":160,"listed_count":15,"created_at":"Wed Oct 05 15:44:39 +0000 2011","favourites_count":8117,"utc_offset":-36000,"time_zone":"Hawaii","geo_enabled":true,"verified":false,"statuses_count":23218,"lang":"ru","contributors_enabled":false,"is_translator":false,"is_translation_enabled":false,"profile_background_color":"9AE4E8","profile_background_image_url":"http:\/\/pbs.twimg.com\/profile_background_images\/378800000062237739\/c4f44c32f790b24fd5908710f4eb6f30.png","profile_background_image_url_https":"https:\/\/pbs.twimg.com\/profile_background_images\/378800000062237739\/c4f44c32f790b24fd5908710f4eb6f30.png","profile_background_tile":true,"profile_image_url":"http:\/\/pbs.twimg.com\/profile_images\/819914710816620545\/B4gd4XaE_normal.jpg","profile_image_url_https":"https:\/\/pbs.twimg.com\/profile_images\/819914710816620545\/B4gd4XaE_normal.jpg","profile_banner_url":"https:\/\/pbs.twimg.com\/profile_banners\/385483331\/1483997689","profile_link_color":"A9DFF2","profile_sidebar_border_color":"000000","profile_sidebar_fill_color":"DDFFCC","profile_text_color":"333333","profile_use_background_image":true,"has_extended_profile":true,"default_profile":false,"default_profile_image":false,"following":false,"follow_request_sent":false,"notifications":false,"translator_type":"none"},"geo":null,"coordinates":null,"place":null,"contributors":null,"is_quote_status":false,"retweet_count":0,"favorite_count":0,"favorited":false,"retweeted":false,"lang":"en"}
