{"created_at":"Thu Jan 12 08:13:03 +0000 2017","id":819457148392448001,"id_str":"819457148392448001","text":"I got access to @StashHQ for smarter bookmarking powered by artificial intelligence! \ud83d\ude01\ud83d\udc4d Be smart, and check out https:\/\/t.co\/zJT36KZ6Ae \ud83d\ude0e","truncated":false,"entities":{"hashtags":[],"symbols":[],"user_mentions":[{"screen_name":"StashHQ","name":"Stash","id":718082965205598212,"id_str":"718082965205598212","indices":[16,24]}],"urls":[{"url":"https:\/\/t.co\/zJT36KZ6Ae","expanded_url":"https:\/\/stash.ai\/","display_url":"stash.ai","indices":[112,135]}]},"source":"\u003ca href=\"http:\/\/twitter.com\" rel=\"nofollow\"\u003eTwitter Web Client\u003c\/a\u003e","in_reply_to_status_id":null,"in_reply_to_status_id_str":null,"in_reply_to_user_id":null,"in_reply_to_user_id_str":null,"in_reply_to_screen_name":null,"user":{"id":11733482,"id_str":"11733482","name":"Christian Wick","screen_name":"iamchriswick","location":"","description":"Design savvy developer that LOVE everything agile, with over 15 years experience when it comes to creating web awesomness!","url":"http:\/\/t.co\/vrDxqBGHOS","entities":{"url":{"urls":[{"url":"http:\/\/t.co\/vrDxqBGHOS","expanded_url":"http:\/\/thekungfudeveloper.com","display_url":"thekungfudeveloper.com","indices":[0,22]}]},"description":{"urls":[]}},"protected":false,"followers_count":276,"friends_count":91,"listed_count":21,"created_at":"Tue Jan 01 23:43:15 +0000 2008","favourites_count":51,"utc_offset":3600,"time_zone":"Madrid","geo_enabled":true,"verified":false,"statuses_count":852,"lang":"en","contributors_enabled":false,"is_translator":false,"is_translation_enabled":true,"profile_background_color":"B31D9F","profile_background_image_url":"http:\/\/pbs.twimg.com\/profile_background_images\/244964058\/x8e206908c3f0ae4257be94f5a629369.png","profile_background_image_url_https":"https:\/\/pbs.twimg.com\/profile_background_images\/244964058\/x8e206908c3f0ae4257be94f5a629369.png","profile_background_tile":true,"profile_image_url":"http:\/\/pbs.twimg.com\/profile_images\/634807822283354112\/shRQv_-N_normal.jpg","profile_image_url_https":"https:\/\/pbs.twimg.com\/profile_images\/634807822283354112\/shRQv_-N_normal.jpg","profile_banner_url":"https:\/\/pbs.twimg.com\/profile_banners\/11733482\/1462056587","profile_link_color":"173664","profile_sidebar_border_color":"333333","profile_sidebar_fill_color":"E1157A","profile_text_color":"E1C115","profile_use_background_image":true,"has_extended_profile":false,"default_profile":false,"default_profile_image":false,"following":false,"follow_request_sent":false,"notifications":false,"translator_type":"none"},"geo":null,"coordinates":null,"place":null,"contributors":null,"is_quote_status":false,"retweet_count":0,"favorite_count":1,"favorited":false,"retweeted":false,"possibly_sensitive":false,"possibly_sensitive_appealable":false,"lang":"en"}
