{"created_at":"Thu Jan 12 08:13:04 +0000 2017","id":819457150883917825,"id_str":"819457150883917825","text":"@_xxkc lol cast will help her find a manly man hahaha I can imagine this!","truncated":false,"entities":{"hashtags":[],"symbols":[],"user_mentions":[{"screen_name":"_xxkc","name":"kc.","id":2446240397,"id_str":"2446240397","indices":[0,6]}],"urls":[]},"source":"\u003ca href=\"http:\/\/twitter.com\" rel=\"nofollow\"\u003eTwitter Web Client\u003c\/a\u003e","in_reply_to_status_id":819455920233213952,"in_reply_to_status_id_str":"819455920233213952","in_reply_to_user_id":2446240397,"in_reply_to_user_id_str":"2446240397","in_reply_to_screen_name":"_xxkc","user":{"id":1429939603,"id_str":"1429939603","name":"JJ","screen_name":"jj_onlyformz","location":"\u0420\u043e\u0441\u0441\u0438\u044f","description":"Queenzy stan \u2764  here for Minzy  @mingkki21 and @kloeshinn is love","url":null,"entities":{"description":{"urls":[]}},"protected":false,"followers_count":136,"friends_count":83,"listed_count":0,"created_at":"Wed May 15 08:36:43 +0000 2013","favourites_count":5038,"utc_offset":14400,"time_zone":"Muscat","geo_enabled":false,"verified":false,"statuses_count":2262,"lang":"ru","contributors_enabled":false,"is_translator":false,"is_translation_enabled":false,"profile_background_color":"000000","profile_background_image_url":"http:\/\/abs.twimg.com\/images\/themes\/theme17\/bg.gif","profile_background_image_url_https":"https:\/\/abs.twimg.com\/images\/themes\/theme17\/bg.gif","profile_background_tile":false,"profile_image_url":"http:\/\/pbs.twimg.com\/profile_images\/817438614502121473\/iQcoqmpW_normal.jpg","profile_image_url_https":"https:\/\/pbs.twimg.com\/profile_images\/817438614502121473\/iQcoqmpW_normal.jpg","profile_banner_url":"https:\/\/pbs.twimg.com\/profile_banners\/1429939603\/1483727382","profile_link_color":"BC8F8F","profile_sidebar_border_color":"000000","profile_sidebar_fill_color":"000000","profile_text_color":"000000","profile_use_background_image":false,"has_extended_profile":true,"default_profile":false,"default_profile_image":false,"following":false,"follow_request_sent":false,"notifications":false,"translator_type":"none"},"geo":null,"coordinates":null,"place":null,"contributors":null,"is_quote_status":false,"retweet_count":0,"favorite_count":2,"favorited":false,"retweeted":false,"lang":"en"}
