{"created_at":"Thu Jan 12 08:13:06 +0000 2017","id":819457161050947584,"id_str":"819457161050947584","text":"@ikramer13 @I_mohdiary \ud83d\ude02\ud83d\ude02\ud83d\ude02","truncated":false,"entities":{"hashtags":[],"symbols":[],"user_mentions":[{"screen_name":"ikramer13","name":"Big Fudge","id":4797472282,"id_str":"4797472282","indices":[0,10]},{"screen_name":"I_mohdiary","name":"mohammeDiary+","id":334752396,"id_str":"334752396","indices":[11,22]}],"urls":[]},"source":"\u003ca href=\"http:\/\/twitter.com\/download\/iphone\" rel=\"nofollow\"\u003eTwitter for iPhone\u003c\/a\u003e","in_reply_to_status_id":819454045987422208,"in_reply_to_status_id_str":"819454045987422208","in_reply_to_user_id":4797472282,"in_reply_to_user_id_str":"4797472282","in_reply_to_screen_name":"ikramer13","user":{"id":532438357,"id_str":"532438357","name":"saleh alhumaid","screen_name":"salehSSH","location":"K.S.A.","description":"I'm just like you, but better","url":null,"entities":{"description":{"urls":[]}},"protected":false,"followers_count":124,"friends_count":434,"listed_count":2,"created_at":"Wed Mar 21 18:13:41 +0000 2012","favourites_count":291,"utc_offset":null,"time_zone":null,"geo_enabled":true,"verified":false,"statuses_count":5182,"lang":"en","contributors_enabled":false,"is_translator":false,"is_translation_enabled":false,"profile_background_color":"C0DEED","profile_background_image_url":"http:\/\/abs.twimg.com\/images\/themes\/theme1\/bg.png","profile_background_image_url_https":"https:\/\/abs.twimg.com\/images\/themes\/theme1\/bg.png","profile_background_tile":false,"profile_image_url":"http:\/\/pbs.twimg.com\/profile_images\/657542489910460416\/tZ_IQB9X_normal.jpg","profile_image_url_https":"https:\/\/pbs.twimg.com\/profile_images\/657542489910460416\/tZ_IQB9X_normal.jpg","profile_banner_url":"https:\/\/pbs.twimg.com\/profile_banners\/532438357\/1423309764","profile_link_color":"1DA1F2","profile_sidebar_border_color":"C0DEED","profile_sidebar_fill_color":"DDEEF6","profile_text_color":"333333","profile_use_background_image":true,"has_extended_profile":false,"default_profile":true,"default_profile_image":false,"following":false,"follow_request_sent":false,"notifications":false,"translator_type":"none"},"geo":null,"coordinates":null,"place":null,"contributors":null,"is_quote_status":false,"retweet_count":0,"favorite_count":1,"favorited":false,"retweeted":false,"lang":"und"}
