{"created_at":"Thu Jan 12 08:13:02 +0000 2017","id":819457142734233600,"id_str":"819457142734233600","text":"Right now on #HotWorldPowered - \"I Luv Dem Strippers by 2 Chainz\/Nicki Minaj #rap #hiphop #music https:\/\/t.co\/Mynxipi6Ro","truncated":false,"entities":{"hashtags":[{"text":"HotWorldPowered","indices":[13,29]},{"text":"rap","indices":[77,81]},{"text":"hiphop","indices":[82,89]},{"text":"music","indices":[90,96]}],"symbols":[],"user_mentions":[],"urls":[{"url":"https:\/\/t.co\/Mynxipi6Ro","expanded_url":"http:\/\/bit.ly\/1pt0n7u","display_url":"bit.ly\/1pt0n7u","indices":[97,120]}]},"source":"\u003ca href=\"http:\/\/www.rapstation.com\" rel=\"nofollow\"\u003eHWPsongtweet\u003c\/a\u003e","in_reply_to_status_id":null,"in_reply_to_status_id_str":null,"in_reply_to_user_id":null,"in_reply_to_user_id_str":null,"in_reply_to_screen_name":null,"user":{"id":700452065684774912,"id_str":"700452065684774912","name":"Hot World Power","screen_name":"HotWorldPowered","location":"Worldwide","description":"HotWorldPower streaming live 24\/7","url":null,"entities":{"description":{"urls":[]}},"protected":false,"followers_count":427,"friends_count":53,"listed_count":149,"created_at":"Thu Feb 18 22:49:21 +0000 2016","favourites_count":0,"utc_offset":-28800,"time_zone":"Pacific Time (US & Canada)","geo_enabled":false,"verified":false,"statuses_count":108826,"lang":"en","contributors_enabled":false,"is_translator":false,"is_translation_enabled":false,"profile_background_color":"F5F8FA","profile_background_image_url":null,"profile_background_image_url_https":null,"profile_background_tile":false,"profile_image_url":"http:\/\/pbs.twimg.com\/profile_images\/761696402049085441\/vZ0h8BtB_normal.jpg","profile_image_url_https":"https:\/\/pbs.twimg.com\/profile_images\/761696402049085441\/vZ0h8BtB_normal.jpg","profile_link_color":"1DA1F2","profile_sidebar_border_color":"C0DEED","profile_sidebar_fill_color":"DDEEF6","profile_text_color":"333333","profile_use_background_image":true,"has_extended_profile":false,"default_profile":true,"default_profile_image":false,"following":false,"follow_request_sent":false,"notifications":false,"translator_type":"none"},"geo":null,"coordinates":null,"place":null,"contributors":null,"is_quote_status":false,"retweet_count":0,"favorite_count":0,"favorited":false,"retweeted":false,"possibly_sensitive":false,"possibly_sensitive_appealable":false,"lang":"en"}
