{"created_at":"Thu Jan 12 08:13:02 +0000 2017","id":819457145649278976,"id_str":"819457145649278976","text":"Happiness is not something ready made. It comes from your own actions.\n#ALDUB78thWeeksary","truncated":false,"entities":{"hashtags":[{"text":"ALDUB78thWeeksary","indices":[71,89]}],"symbols":[],"user_mentions":[],"urls":[]},"source":"\u003ca href=\"http:\/\/twitter.com\" rel=\"nofollow\"\u003eTwitter Web Client\u003c\/a\u003e","in_reply_to_status_id":null,"in_reply_to_status_id_str":null,"in_reply_to_user_id":null,"in_reply_to_user_id_str":null,"in_reply_to_screen_name":null,"user":{"id":4765419252,"id_str":"4765419252","name":"i..rozz","screen_name":"hillustrisimo","location":"","description":"","url":null,"entities":{"description":{"urls":[]}},"protected":false,"followers_count":214,"friends_count":4,"listed_count":12,"created_at":"Sat Jan 16 00:30:57 +0000 2016","favourites_count":1040,"utc_offset":null,"time_zone":null,"geo_enabled":true,"verified":false,"statuses_count":61675,"lang":"en","contributors_enabled":false,"is_translator":false,"is_translation_enabled":false,"profile_background_color":"F5F8FA","profile_background_image_url":null,"profile_background_image_url_https":null,"profile_background_tile":false,"profile_image_url":"http:\/\/pbs.twimg.com\/profile_images\/731666025909903361\/0cpnkmmj_normal.jpg","profile_image_url_https":"https:\/\/pbs.twimg.com\/profile_images\/731666025909903361\/0cpnkmmj_normal.jpg","profile_banner_url":"https:\/\/pbs.twimg.com\/profile_banners\/4765419252\/1455301126","profile_link_color":"1DA1F2","profile_sidebar_border_color":"C0DEED","profile_sidebar_fill_color":"DDEEF6","profile_text_color":"333333","profile_use_background_image":true,"has_extended_profile":false,"default_profile":true,"default_profile_image":false,"following":false,"follow_request_sent":false,"notifications":false,"translator_type":"none"},"geo":null,"coordinates":null,"place":{"id":"53df18e21825a89c","url":"https:\/\/api.twitter.com\/1.1\/geo\/id\/53df18e21825a89c.json","place_type":"admin","name":"National Capital Region","full_name":"National Capital Region, Republic of the Philippines","country_code":"PH","country":"Republic of the Philippines","contained_within":[],"bounding_box":{"type":"Polygon","coordinates":[[[120.8986521,14.3477314],[121.1357656,14.3477314],[121.1357656,14.7873208],[120.8986521,14.7873208]]]},"attributes":{}},"contributors":null,"is_quote_status":false,"retweet_count":1,"favorite_count":0,"favorited":false,"retweeted":false,"lang":"en"}
