{"created_at":"Thu Jan 12 08:13:04 +0000 2017","id":819457153572294656,"id_str":"819457153572294656","text":"\u7720\u3059\u304e\u308b","truncated":false,"entities":{"hashtags":[],"symbols":[],"user_mentions":[],"urls":[]},"source":"\u003ca href=\"http:\/\/twitter.com\/download\/iphone\" rel=\"nofollow\"\u003eTwitter for iPhone\u003c\/a\u003e","in_reply_to_status_id":null,"in_reply_to_status_id_str":null,"in_reply_to_user_id":null,"in_reply_to_user_id_str":null,"in_reply_to_screen_name":null,"user":{"id":2351833657,"id_str":"2351833657","name":"\ud83d\ude0e","screen_name":"AstraI_Heaven","location":"Japan","description":"COD\/Feint\/SAGAPLANETS\/\u3086\u305a\u30bd\u30d5\u30c8  \u30b5\u30d6\u57a2@LalaZ__","url":"https:\/\/t.co\/Dt0l9xcQ13","entities":{"url":{"urls":[{"url":"https:\/\/t.co\/Dt0l9xcQ13","expanded_url":"http:\/\/twpf.jp\/AstraI_Heaven","display_url":"twpf.jp\/AstraI_Heaven","indices":[0,23]}]},"description":{"urls":[]}},"protected":false,"followers_count":181,"friends_count":80,"listed_count":15,"created_at":"Wed Feb 19 15:07:04 +0000 2014","favourites_count":26145,"utc_offset":32400,"time_zone":"Seoul","geo_enabled":true,"verified":false,"statuses_count":89902,"lang":"ja","contributors_enabled":false,"is_translator":false,"is_translation_enabled":false,"profile_background_color":"C0DEED","profile_background_image_url":"http:\/\/abs.twimg.com\/images\/themes\/theme1\/bg.png","profile_background_image_url_https":"https:\/\/abs.twimg.com\/images\/themes\/theme1\/bg.png","profile_background_tile":false,"profile_image_url":"http:\/\/pbs.twimg.com\/profile_images\/820124678702272512\/1eD_Edpk_normal.jpg","profile_image_url_https":"https:\/\/pbs.twimg.com\/profile_images\/820124678702272512\/1eD_Edpk_normal.jpg","profile_banner_url":"https:\/\/pbs.twimg.com\/profile_banners\/2351833657\/1484413144","profile_link_color":"1DA1F2","profile_sidebar_border_color":"C0DEED","profile_sidebar_fill_color":"DDEEF6","profile_text_color":"333333","profile_use_background_image":true,"has_extended_profile":false,"default_profile":true,"default_profile_image":false,"following":false,"follow_request_sent":false,"notifications":false,"translator_type":"none"},"geo":null,"coordinates":null,"place":null,"contributors":null,"is_quote_status":false,"retweet_count":0,"favorite_count":0,"favorited":false,"retweeted":false,"lang":"ja"}
