{"created_at":"Thu Jan 12 08:13:03 +0000 2017","id":819457148853899264,"id_str":"819457148853899264","text":"I LOVE DANCE more than 100.000 Hits Click! https:\/\/t.co\/jAGUzxBXGs \n Cher A Different Kind Of Love Song (Rosabel Attitude Vocal)","truncated":false,"entities":{"hashtags":[],"symbols":[],"user_mentions":[],"urls":[{"url":"https:\/\/t.co\/jAGUzxBXGs","expanded_url":"http:\/\/listen.radionomy.com\/ilovedance24-7morethan100000hitsarlearadio","display_url":"listen.radionomy.com\/ilovedance24-7\u2026","indices":[43,66]}]},"source":"\u003ca href=\"http:\/\/share.radionomy.com\" rel=\"nofollow\"\u003eShare.Radionomy.com\u003c\/a\u003e","in_reply_to_status_id":null,"in_reply_to_status_id_str":null,"in_reply_to_user_id":null,"in_reply_to_user_id_str":null,"in_reply_to_screen_name":null,"user":{"id":713326902300315648,"id_str":"713326902300315648","name":"Radio100000Hits","screen_name":"Radio100000Hits","location":"Madrid, Comunidad de Madrid","description":"Thanks for following us!.Please help with a small donation to keep alive the radio.Thank you! https:\/\/t.co\/UaBHOXeArq","url":"https:\/\/t.co\/HjrxCzXtlu","entities":{"url":{"urls":[{"url":"https:\/\/t.co\/HjrxCzXtlu","expanded_url":"https:\/\/www.paypal.me\/ARLEARADIOHITS","display_url":"paypal.me\/ARLEARADIOHITS","indices":[0,23]}]},"description":{"urls":[{"url":"https:\/\/t.co\/UaBHOXeArq","expanded_url":"http:\/\/paypal.me\/ARLEARADIOHITS","display_url":"paypal.me\/ARLEARADIOHITS","indices":[94,117]}]}},"protected":false,"followers_count":2713,"friends_count":2660,"listed_count":33,"created_at":"Fri Mar 25 11:29:21 +0000 2016","favourites_count":378,"utc_offset":0,"time_zone":"London","geo_enabled":false,"verified":false,"statuses_count":264611,"lang":"es","contributors_enabled":false,"is_translator":false,"is_translation_enabled":false,"profile_background_color":"000000","profile_background_image_url":"http:\/\/abs.twimg.com\/images\/themes\/theme1\/bg.png","profile_background_image_url_https":"https:\/\/abs.twimg.com\/images\/themes\/theme1\/bg.png","profile_background_tile":false,"profile_image_url":"http:\/\/pbs.twimg.com\/profile_images\/794864509353660420\/H2JCP4JS_normal.jpg","profile_image_url_https":"https:\/\/pbs.twimg.com\/profile_images\/794864509353660420\/H2JCP4JS_normal.jpg","profile_banner_url":"https:\/\/pbs.twimg.com\/profile_banners\/713326902300315648\/1461863492","profile_link_color":"E81C4F","profile_sidebar_border_color":"000000","profile_sidebar_fill_color":"000000","profile_text_color":"000000","profile_use_background_image":false,"has_extended_profile":false,"default_profile":false,"default_profile_image":false,"following":false,"follow_request_sent":false,"notifications":false,"translator_type":"none"},"geo":null,"coordinates":null,"place":null,"contributors":null,"is_quote_status":false,"retweet_count":0,"favorite_count":0,"favorited":false,"retweeted":false,"possibly_sensitive":false,"possibly_sensitive_appealable":false,"lang":"en"}
