{"created_at":"Thu Jan 12 08:13:04 +0000 2017","id":819457152100110337,"id_str":"819457152100110337","text":"I can't w8 for the after party of prom \ud83e\udd18\ud83c\udffc","truncated":false,"entities":{"hashtags":[],"symbols":[],"user_mentions":[],"urls":[]},"source":"\u003ca href=\"http:\/\/twitter.com\/download\/iphone\" rel=\"nofollow\"\u003eTwitter for iPhone\u003c\/a\u003e","in_reply_to_status_id":null,"in_reply_to_status_id_str":null,"in_reply_to_user_id":null,"in_reply_to_user_id_str":null,"in_reply_to_screen_name":null,"user":{"id":3777364454,"id_str":"3777364454","name":"bryson\ud83c\udf19","screen_name":"bruzbryson","location":"7\u2076 South \u00af\\_(\u30c4)_\/\u00af","description":"$GIV","url":"https:\/\/t.co\/PaFhd4N5YV","entities":{"url":{"urls":[{"url":"https:\/\/t.co\/PaFhd4N5YV","expanded_url":"https:\/\/soundcloud.com\/user-541332528","display_url":"soundcloud.com\/user-541332528","indices":[0,23]}]},"description":{"urls":[]}},"protected":false,"followers_count":250,"friends_count":172,"listed_count":1,"created_at":"Sun Oct 04 04:33:28 +0000 2015","favourites_count":1722,"utc_offset":-28800,"time_zone":"Pacific Time (US & Canada)","geo_enabled":true,"verified":false,"statuses_count":5345,"lang":"en","contributors_enabled":false,"is_translator":false,"is_translation_enabled":false,"profile_background_color":"C0DEED","profile_background_image_url":"http:\/\/abs.twimg.com\/images\/themes\/theme1\/bg.png","profile_background_image_url_https":"https:\/\/abs.twimg.com\/images\/themes\/theme1\/bg.png","profile_background_tile":false,"profile_image_url":"http:\/\/pbs.twimg.com\/profile_images\/811136831727149057\/A3Kx79qb_normal.jpg","profile_image_url_https":"https:\/\/pbs.twimg.com\/profile_images\/811136831727149057\/A3Kx79qb_normal.jpg","profile_banner_url":"https:\/\/pbs.twimg.com\/profile_banners\/3777364454\/1483907029","profile_link_color":"1DA1F2","profile_sidebar_border_color":"C0DEED","profile_sidebar_fill_color":"DDEEF6","profile_text_color":"333333","profile_use_background_image":true,"has_extended_profile":true,"default_profile":true,"default_profile_image":false,"following":false,"follow_request_sent":false,"notifications":false,"translator_type":"none"},"geo":null,"coordinates":null,"place":null,"contributors":null,"is_quote_status":false,"retweet_count":1,"favorite_count":0,"favorited":false,"retweeted":false,"lang":"en"}
