{"created_at":"Thu Jan 12 08:13:01 +0000 2017","id":819457141144571904,"id_str":"819457141144571904","text":"Her looks remind me of my grandmother, but everyone dislikes her because she's so rude, fake, and She compulsively lies. I don't disagree...","truncated":false,"entities":{"hashtags":[],"symbols":[],"user_mentions":[],"urls":[]},"source":"\u003ca href=\"http:\/\/twitter.com\/download\/android\" rel=\"nofollow\"\u003eTwitter for Android\u003c\/a\u003e","in_reply_to_status_id":null,"in_reply_to_status_id_str":null,"in_reply_to_user_id":null,"in_reply_to_user_id_str":null,"in_reply_to_screen_name":null,"user":{"id":930871489,"id_str":"930871489","name":"little T","screen_name":"nick_trepanier","location":"medford OR","description":"","url":null,"entities":{"description":{"urls":[]}},"protected":false,"followers_count":100,"friends_count":238,"listed_count":0,"created_at":"Wed Nov 07 00:41:58 +0000 2012","favourites_count":816,"utc_offset":null,"time_zone":null,"geo_enabled":false,"verified":false,"statuses_count":865,"lang":"en","contributors_enabled":false,"is_translator":false,"is_translation_enabled":false,"profile_background_color":"C0DEED","profile_background_image_url":"http:\/\/abs.twimg.com\/images\/themes\/theme1\/bg.png","profile_background_image_url_https":"https:\/\/abs.twimg.com\/images\/themes\/theme1\/bg.png","profile_background_tile":false,"profile_image_url":"http:\/\/pbs.twimg.com\/profile_images\/769252001360154624\/JYhahGo2_normal.jpg","profile_image_url_https":"https:\/\/pbs.twimg.com\/profile_images\/769252001360154624\/JYhahGo2_normal.jpg","profile_link_color":"1DA1F2","profile_sidebar_border_color":"C0DEED","profile_sidebar_fill_color":"DDEEF6","profile_text_color":"333333","profile_use_background_image":true,"has_extended_profile":false,"default_profile":true,"default_profile_image":false,"following":false,"follow_request_sent":false,"notifications":false,"translator_type":"none"},"geo":null,"coordinates":null,"place":null,"contributors":null,"is_quote_status":false,"retweet_count":0,"favorite_count":0,"favorited":false,"retweeted":false,"lang":"en"}
