{"created_at":"Thu Jan 12 08:13:03 +0000 2017","id":819457149868920833,"id_str":"819457149868920833","text":"I FUCKING FINISHED EXAMS","truncated":false,"entities":{"hashtags":[],"symbols":[],"user_mentions":[],"urls":[]},"source":"\u003ca href=\"http:\/\/twitter.com\/download\/android\" rel=\"nofollow\"\u003eTwitter for Android\u003c\/a\u003e","in_reply_to_status_id":null,"in_reply_to_status_id_str":null,"in_reply_to_user_id":null,"in_reply_to_user_id_str":null,"in_reply_to_screen_name":null,"user":{"id":3004657350,"id_str":"3004657350","name":"HAPPY NINI DAY","screen_name":"jonginmoves","location":"","description":"giving you my heart and soul.","url":null,"entities":{"description":{"urls":[]}},"protected":false,"followers_count":1082,"friends_count":406,"listed_count":15,"created_at":"Sat Jan 31 10:43:12 +0000 2015","favourites_count":2716,"utc_offset":-28800,"time_zone":"Pacific Time (US & Canada)","geo_enabled":false,"verified":false,"statuses_count":6079,"lang":"en","contributors_enabled":false,"is_translator":false,"is_translation_enabled":false,"profile_background_color":"000000","profile_background_image_url":"http:\/\/abs.twimg.com\/images\/themes\/theme1\/bg.png","profile_background_image_url_https":"https:\/\/abs.twimg.com\/images\/themes\/theme1\/bg.png","profile_background_tile":false,"profile_image_url":"http:\/\/pbs.twimg.com\/profile_images\/819828332711870464\/ECwTpi2u_normal.jpg","profile_image_url_https":"https:\/\/pbs.twimg.com\/profile_images\/819828332711870464\/ECwTpi2u_normal.jpg","profile_banner_url":"https:\/\/pbs.twimg.com\/profile_banners\/3004657350\/1482784025","profile_link_color":"DD2E44","profile_sidebar_border_color":"000000","profile_sidebar_fill_color":"000000","profile_text_color":"000000","profile_use_background_image":false,"has_extended_profile":true,"default_profile":false,"default_profile_image":false,"following":false,"follow_request_sent":false,"notifications":false,"translator_type":"none"},"geo":null,"coordinates":null,"place":null,"contributors":null,"is_quote_status":false,"retweet_count":0,"favorite_count":1,"favorited":false,"retweeted":false,"lang":"en"}
