{"created_at":"Thu Jan 12 08:13:06 +0000 2017","id":819457160388157440,"id_str":"819457160388157440","text":"@xXFelixTorresxX I'm the leader too lol, add me on Facebook and it should work through the friends tab","truncated":false,"entities":{"hashtags":[],"symbols":[],"user_mentions":[{"screen_name":"xXFelixTorresxX","name":"Felix Wolf","id":1302386191,"id_str":"1302386191","indices":[0,16]}],"urls":[]},"source":"\u003ca href=\"http:\/\/twitter.com\/download\/iphone\" rel=\"nofollow\"\u003eTwitter for iPhone\u003c\/a\u003e","in_reply_to_status_id":819456896038043648,"in_reply_to_status_id_str":"819456896038043648","in_reply_to_user_id":1302386191,"in_reply_to_user_id_str":"1302386191","in_reply_to_screen_name":"xXFelixTorresxX","user":{"id":4645205600,"id_str":"4645205600","name":"Alexis Cazares","screen_name":"alexcaz16","location":"Texas","description":"Look up what prodigy means real quick \u2022 BCWSPF\ud83d\udd25\ud83d\ude4c\ud83c\udffb","url":null,"entities":{"description":{"urls":[]}},"protected":false,"followers_count":159,"friends_count":253,"listed_count":0,"created_at":"Thu Dec 24 20:31:46 +0000 2015","favourites_count":1087,"utc_offset":null,"time_zone":null,"geo_enabled":true,"verified":false,"statuses_count":3167,"lang":"en","contributors_enabled":false,"is_translator":false,"is_translation_enabled":false,"profile_background_color":"F5F8FA","profile_background_image_url":null,"profile_background_image_url_https":null,"profile_background_tile":false,"profile_image_url":"http:\/\/pbs.twimg.com\/profile_images\/820324924598472705\/3ba7VaXY_normal.jpg","profile_image_url_https":"https:\/\/pbs.twimg.com\/profile_images\/820324924598472705\/3ba7VaXY_normal.jpg","profile_banner_url":"https:\/\/pbs.twimg.com\/profile_banners\/4645205600\/1475431638","profile_link_color":"1DA1F2","profile_sidebar_border_color":"C0DEED","profile_sidebar_fill_color":"DDEEF6","profile_text_color":"333333","profile_use_background_image":true,"has_extended_profile":true,"default_profile":true,"default_profile_image":false,"following":false,"follow_request_sent":false,"notifications":false,"translator_type":"none"},"geo":null,"coordinates":null,"place":{"id":"36b9518ae4e9e210","url":"https:\/\/api.twitter.com\/1.1\/geo\/id\/36b9518ae4e9e210.json","place_type":"city","name":"Pharr","full_name":"Pharr, TX","country_code":"US","country":"United States","contained_within":[],"bounding_box":{"type":"Polygon","coordinates":[[[-98.220006,26.085485],[-98.15929,26.085485],[-98.15929,26.2503244],[-98.220006,26.2503244]]]},"attributes":{}},"contributors":null,"is_quote_status":false,"retweet_count":0,"favorite_count":0,"favorited":false,"retweeted":false,"lang":"en"}
