{"created_at":"Thu Jan 12 08:13:03 +0000 2017","id":819457148828712964,"id_str":"819457148828712964","text":"@RealMankevich Oh love this,lol! I hope this is the last, I know I'm not watching it, burn it, burn it all down,lol!\ud83d\ude1d\ud83d\ude1c","truncated":false,"entities":{"hashtags":[],"symbols":[],"user_mentions":[{"screen_name":"RealMankevich","name":"ana","id":4821026536,"id_str":"4821026536","indices":[0,14]}],"urls":[]},"source":"\u003ca href=\"http:\/\/twitter.com\" rel=\"nofollow\"\u003eTwitter Web Client\u003c\/a\u003e","in_reply_to_status_id":819288969905111041,"in_reply_to_status_id_str":"819288969905111041","in_reply_to_user_id":4821026536,"in_reply_to_user_id_str":"4821026536","in_reply_to_screen_name":"RealMankevich","user":{"id":17716516,"id_str":"17716516","name":"Clara Johnson","screen_name":"claramjAnnaTorv","location":"Warren,Michigan USA","description":"I love Anna Torv, Clexa, Alycia Debnam Carey, Eliza Taylor, Fringe,Lost Girl,Orphan Black, OUAT, OUT Lesbian,hate GOP,bigots, racists,no religion,I'm not a lamb","url":null,"entities":{"description":{"urls":[]}},"protected":false,"followers_count":989,"friends_count":2299,"listed_count":48,"created_at":"Fri Nov 28 19:00:13 +0000 2008","favourites_count":4185,"utc_offset":-21600,"time_zone":"Central Time (US & Canada)","geo_enabled":false,"verified":false,"statuses_count":10887,"lang":"en","contributors_enabled":false,"is_translator":false,"is_translation_enabled":false,"profile_background_color":"C6E2EE","profile_background_image_url":"http:\/\/pbs.twimg.com\/profile_background_images\/183088748\/Fringe_Wallpaper.JPG","profile_background_image_url_https":"https:\/\/pbs.twimg.com\/profile_background_images\/183088748\/Fringe_Wallpaper.JPG","profile_background_tile":false,"profile_image_url":"http:\/\/pbs.twimg.com\/profile_images\/709981687074131969\/mmBYQPuO_normal.jpg","profile_image_url_https":"https:\/\/pbs.twimg.com\/profile_images\/709981687074131969\/mmBYQPuO_normal.jpg","profile_banner_url":"https:\/\/pbs.twimg.com\/profile_banners\/17716516\/1403809034","profile_link_color":"1F98C7","profile_sidebar_border_color":"C6E2EE","profile_sidebar_fill_color":"DAECF4","profile_text_color":"1279AB","profile_use_background_image":true,"has_extended_profile":true,"default_profile":false,"default_profile_image":false,"following":false,"follow_request_sent":false,"notifications":false,"translator_type":"none"},"geo":null,"coordinates":null,"place":null,"contributors":null,"is_quote_status":false,"retweet_count":0,"favorite_count":1,"favorited":false,"retweeted":false,"lang":"en"}
