{"created_at":"Thu Jan 12 08:13:03 +0000 2017","id":819457147595411456,"id_str":"819457147595411456","text":"@SuMoMoMo6mi4 \n\u3053\u3061\u3089\u3053\u305d\uff8c\uff6b\uff9b\uff8a\uff9e\u3042\u308a\u304c\u3068\u3046\u3054\u3056\u3044\u307e\u3059\ud83d\ude4c\ud83c\udffe\n\u3082\u3061\u308d\u3093OK\u3067\u3059\uff01\u3042\u3050\u3063\u3066\u547c\u3093\u3067\u304f\u3060\u3055\u3044\u306a\ud83d\ude33\u79c1\u306f\u306a\u3093\u3066\u547c\u307c\u3046\ud83e\udd14","truncated":false,"entities":{"hashtags":[],"symbols":[],"user_mentions":[{"screen_name":"SuMoMoMo6mi4","name":"\u516d \u898b   \uff7d \uff93 \uff93 \ud83c\udf38@\u30dd\u30b1\u30b3\u30ed\u57a2","id":819213468838416385,"id_str":"819213468838416385","indices":[0,13]}],"urls":[]},"source":"\u003ca href=\"http:\/\/twitter.com\/download\/iphone\" rel=\"nofollow\"\u003eTwitter for iPhone\u003c\/a\u003e","in_reply_to_status_id":819326247310237696,"in_reply_to_status_id_str":"819326247310237696","in_reply_to_user_id":819213468838416385,"in_reply_to_user_id_str":"819213468838416385","in_reply_to_screen_name":"SuMoMoMo6mi4","user":{"id":819238614387150848,"id_str":"819238614387150848","name":"#\u212bg\ud83d\udc28\u30dd\u30b1\u30b3\u30ed","screen_name":"Ag_i_on","location":"\u30dd\u30b1\u30b3\u30ed\u661f","description":"\uffe4\u9ad82\uffe4\uff8f\uff72\uff7a\u261evqi4n\uffe4\uff8e\uff9f\uff79\uff7a\uff9b\u6c11100\uff05\uff8c\uff6b\uff9b\uff8a\uff9e\uffe4plz follow me\ud83d\udc28\uffe4\uffe4level 25\uffe4since 2016.12.06\uffe4\u30d5\u30a1\u30dc\u9b54\ud83d\ude4c\ud83c\udffe\uffe4","url":null,"entities":{"description":{"urls":[]}},"protected":false,"followers_count":90,"friends_count":90,"listed_count":0,"created_at":"Wed Jan 11 17:44:41 +0000 2017","favourites_count":202,"utc_offset":null,"time_zone":null,"geo_enabled":false,"verified":false,"statuses_count":40,"lang":"ja","contributors_enabled":false,"is_translator":false,"is_translation_enabled":false,"profile_background_color":"F5F8FA","profile_background_image_url":null,"profile_background_image_url_https":null,"profile_background_tile":false,"profile_image_url":"http:\/\/pbs.twimg.com\/profile_images\/819937553000206336\/jYk_-vZA_normal.jpg","profile_image_url_https":"https:\/\/pbs.twimg.com\/profile_images\/819937553000206336\/jYk_-vZA_normal.jpg","profile_banner_url":"https:\/\/pbs.twimg.com\/profile_banners\/819238614387150848\/1484321845","profile_link_color":"1DA1F2","profile_sidebar_border_color":"C0DEED","profile_sidebar_fill_color":"DDEEF6","profile_text_color":"333333","profile_use_background_image":true,"has_extended_profile":true,"default_profile":true,"default_profile_image":false,"following":false,"follow_request_sent":false,"notifications":false,"translator_type":"none"},"geo":null,"coordinates":null,"place":null,"contributors":null,"is_quote_status":false,"retweet_count":0,"favorite_count":0,"favorited":false,"retweeted":false,"lang":"ja"}
