{"created_at":"Thu Jan 12 08:13:02 +0000 2017","id":819457142188969984,"id_str":"819457142188969984","text":"\u266b\uac15\ub0a8\ud480\uc2f8\ub871\u266b\ucd94\ucc9c\n\u273f010\u21943204\u21945747\n\n#\uc120\ub989\uc57c\uad6c\uc7a5\n#\uc120\ub989\uc57c\uad6c\uc7a5\uc608\uc57d\n#\uc120\ub989\ud480\uc2f8\ub871\uac00\uaca9\n#\uc120\ub989\ud480\uc2f8\n#\uc120\ub989\ub8f8\uc2f8\ub871\n#\uc120\ub989\ud480\uc2f8\uac00\uaca9\n#\uac15\ub0a8\uc57c\uad6c\uc7a5\n#\ubbf8\ub7ec\ucd08\uc774\uc2a4\n#\uc120\ub989\ub9e4\uc9c1\ubbf8\ub7ec\ucd08\uc774\uc2a4\n#\ub9e4\uc9c1\ubbf8\ub7ec\ucd08\uc774\uc2a4\ud480\uc2f8\n#\uc120\ub989\ub9e4\uc9c1\ubbf8\ub7ec\ubc29\n#\uc120\ub989\uc5ed\ub9e4\uc9c1\ubbf8\ub7ec\n\n32wfs","truncated":false,"entities":{"hashtags":[{"text":"\uc120\ub989\uc57c\uad6c\uc7a5","indices":[26,32]},{"text":"\uc120\ub989\uc57c\uad6c\uc7a5\uc608\uc57d","indices":[33,41]},{"text":"\uc120\ub989\ud480\uc2f8\ub871\uac00\uaca9","indices":[42,50]},{"text":"\uc120\ub989\ud480\uc2f8","indices":[51,56]},{"text":"\uc120\ub989\ub8f8\uc2f8\ub871","indices":[57,63]},{"text":"\uc120\ub989\ud480\uc2f8\uac00\uaca9","indices":[64,71]},{"text":"\uac15\ub0a8\uc57c\uad6c\uc7a5","indices":[72,78]},{"text":"\ubbf8\ub7ec\ucd08\uc774\uc2a4","indices":[79,85]},{"text":"\uc120\ub989\ub9e4\uc9c1\ubbf8\ub7ec\ucd08\uc774\uc2a4","indices":[86,96]},{"text":"\ub9e4\uc9c1\ubbf8\ub7ec\ucd08\uc774\uc2a4\ud480\uc2f8","indices":[97,107]},{"text":"\uc120\ub989\ub9e4\uc9c1\ubbf8\ub7ec\ubc29","indices":[108,116]},{"text":"\uc120\ub989\uc5ed\ub9e4\uc9c1\ubbf8\ub7ec","indices":[117,125]}],"symbols":[],"user_mentions":[],"urls":[]},"source":"\u003ca href=\"http:\/\/twittbot.net\/\" rel=\"nofollow\"\u003etwittbot.net\u003c\/a\u003e","in_reply_to_status_id":null,"in_reply_to_status_id_str":null,"in_reply_to_user_id":null,"in_reply_to_user_id_str":null,"in_reply_to_screen_name":null,"user":{"id":759374953640636421,"id_str":"759374953640636421","name":"\ud480\uc2f8\ub871\uc57c\uad6c\uc7a5OIO\u21943204\u21945747","screen_name":"23f0i0hqilh","location":"\ub300\ud55c\ubbfc\uad6d \uc11c\uc6b8","description":"\ud480\uc2f8\ub871\uc57c\uad6c\uc7a5 \ucd94\ucc9c","url":null,"entities":{"description":{"urls":[]}},"protected":false,"followers_count":2,"friends_count":38,"listed_count":0,"created_at":"Sat Jul 30 13:07:52 +0000 2016","favourites_count":0,"utc_offset":null,"time_zone":null,"geo_enabled":false,"verified":false,"statuses_count":7871,"lang":"ko","contributors_enabled":false,"is_translator":false,"is_translation_enabled":false,"profile_background_color":"F5F8FA","profile_background_image_url":null,"profile_background_image_url_https":null,"profile_background_tile":false,"profile_image_url":"http:\/\/abs.twimg.com\/sticky\/default_profile_images\/default_profile_4_normal.png","profile_image_url_https":"https:\/\/abs.twimg.com\/sticky\/default_profile_images\/default_profile_4_normal.png","profile_link_color":"1DA1F2","profile_sidebar_border_color":"C0DEED","profile_sidebar_fill_color":"DDEEF6","profile_text_color":"333333","profile_use_background_image":true,"has_extended_profile":true,"default_profile":true,"default_profile_image":true,"following":false,"follow_request_sent":false,"notifications":false,"translator_type":"none"},"geo":null,"coordinates":null,"place":null,"contributors":null,"is_quote_status":false,"retweet_count":0,"favorite_count":0,"favorited":false,"retweeted":false,"lang":"ko"}
