{"created_at":"Thu Jan 12 08:13:03 +0000 2017","id":819457149860478976,"id_str":"819457149860478976","text":"boli mnie to ze robi\u0142 mi te wyrzuty i mial jakies pretensje do mnie ja pierdole \nnawet nie ze mnie to boli, mnie to wkurwilo","truncated":false,"entities":{"hashtags":[],"symbols":[],"user_mentions":[],"urls":[]},"source":"\u003ca href=\"http:\/\/twitter.com\/download\/android\" rel=\"nofollow\"\u003eTwitter for Android\u003c\/a\u003e","in_reply_to_status_id":null,"in_reply_to_status_id_str":null,"in_reply_to_user_id":null,"in_reply_to_user_id_str":null,"in_reply_to_screen_name":null,"user":{"id":156951756,"id_str":"156951756","name":"kebab z\u0142odziej","screen_name":"hellomymatt","location":"997 ten numer to k\u0142opoty","description":"kocham mam\u0119 i marihuane, a no i popka, nie zapominajmy o popku, teresa werner to moja bogini, 2115 to gang SB to mafia","url":"https:\/\/t.co\/6V8RqRQ4FO","entities":{"url":{"urls":[{"url":"https:\/\/t.co\/6V8RqRQ4FO","expanded_url":"http:\/\/trawapalestresy.pl","display_url":"trawapalestresy.pl","indices":[0,23]}]},"description":{"urls":[]}},"protected":false,"followers_count":14211,"friends_count":7553,"listed_count":93,"created_at":"Fri Jun 18 11:46:53 +0000 2010","favourites_count":24581,"utc_offset":3600,"time_zone":"Amsterdam","geo_enabled":true,"verified":false,"statuses_count":254812,"lang":"pl","contributors_enabled":false,"is_translator":false,"is_translation_enabled":false,"profile_background_color":"C0DEED","profile_background_image_url":"http:\/\/pbs.twimg.com\/profile_background_images\/573441715240968192\/6vVlcyYh.jpeg","profile_background_image_url_https":"https:\/\/pbs.twimg.com\/profile_background_images\/573441715240968192\/6vVlcyYh.jpeg","profile_background_tile":true,"profile_image_url":"http:\/\/pbs.twimg.com\/profile_images\/785193746497437696\/0FM1Bsqo_normal.jpg","profile_image_url_https":"https:\/\/pbs.twimg.com\/profile_images\/785193746497437696\/0FM1Bsqo_normal.jpg","profile_banner_url":"https:\/\/pbs.twimg.com\/profile_banners\/156951756\/1484375163","profile_link_color":"ABB8C2","profile_sidebar_border_color":"C0DEED","profile_sidebar_fill_color":"DDEEF6","profile_text_color":"333333","profile_use_background_image":true,"has_extended_profile":true,"default_profile":false,"default_profile_image":false,"following":false,"follow_request_sent":false,"notifications":false,"translator_type":"none"},"geo":null,"coordinates":null,"place":null,"contributors":null,"is_quote_status":false,"retweet_count":0,"favorite_count":1,"favorited":false,"retweeted":false,"lang":"pl"}
