{"created_at":"Thu Jan 12 08:13:04 +0000 2017","id":819457150615289860,"id_str":"819457150615289860","text":"Like I'll let you know I'm feeling you and whatever you choose to do with that is up to you. I'm not chasing nobody shorty thats dead \ud83d\ude02","truncated":false,"entities":{"hashtags":[],"symbols":[],"user_mentions":[],"urls":[]},"source":"\u003ca href=\"http:\/\/twitter.com\/download\/android\" rel=\"nofollow\"\u003eTwitter for Android\u003c\/a\u003e","in_reply_to_status_id":null,"in_reply_to_status_id_str":null,"in_reply_to_user_id":null,"in_reply_to_user_id_str":null,"in_reply_to_screen_name":null,"user":{"id":500407390,"id_str":"500407390","name":"V.D.I","screen_name":"__Von24","location":"Florida, USA","description":"Just sit back and watch the movie....","url":null,"entities":{"description":{"urls":[]}},"protected":false,"followers_count":242,"friends_count":90,"listed_count":2,"created_at":"Thu Feb 23 03:24:38 +0000 2012","favourites_count":152,"utc_offset":-28800,"time_zone":"Pacific Time (US & Canada)","geo_enabled":true,"verified":false,"statuses_count":12135,"lang":"en","contributors_enabled":false,"is_translator":false,"is_translation_enabled":false,"profile_background_color":"1A1B1F","profile_background_image_url":"http:\/\/pbs.twimg.com\/profile_background_images\/378800000023325030\/861e82be183526ede065d4105d4acc8c.jpeg","profile_background_image_url_https":"https:\/\/pbs.twimg.com\/profile_background_images\/378800000023325030\/861e82be183526ede065d4105d4acc8c.jpeg","profile_background_tile":true,"profile_image_url":"http:\/\/pbs.twimg.com\/profile_images\/802429141576359937\/P2JNVixd_normal.jpg","profile_image_url_https":"https:\/\/pbs.twimg.com\/profile_images\/802429141576359937\/P2JNVixd_normal.jpg","profile_banner_url":"https:\/\/pbs.twimg.com\/profile_banners\/500407390\/1479969906","profile_link_color":"2FC2EF","profile_sidebar_border_color":"FFFFFF","profile_sidebar_fill_color":"DDEEF6","profile_text_color":"333333","profile_use_background_image":true,"has_extended_profile":true,"default_profile":false,"default_profile_image":false,"following":false,"follow_request_sent":false,"notifications":false,"translator_type":"regular"},"geo":null,"coordinates":null,"place":null,"contributors":null,"is_quote_status":false,"retweet_count":0,"favorite_count":0,"favorited":false,"retweeted":false,"lang":"en"}
