{"created_at":"Thu Jan 12 08:13:05 +0000 2017","id":819457155166191616,"id_str":"819457155166191616","text":"@OgDerpy i want it to be a hidden gem \ud83d\ude02","truncated":false,"entities":{"hashtags":[],"symbols":[],"user_mentions":[{"screen_name":"OgDerpy","name":"Hairi Senjougahara","id":702538770143285250,"id_str":"702538770143285250","indices":[0,8]}],"urls":[]},"source":"\u003ca href=\"http:\/\/twitter.com\/download\/android\" rel=\"nofollow\"\u003eTwitter for Android\u003c\/a\u003e","in_reply_to_status_id":819457079437996032,"in_reply_to_status_id_str":"819457079437996032","in_reply_to_user_id":2470707042,"in_reply_to_user_id_str":"2470707042","in_reply_to_screen_name":"zdnaim","user":{"id":2470707042,"id_str":"2470707042","name":"danizi\u266a","screen_name":"zdnaim","location":"Malaysia","description":"huge weeb | Contrarian | NSFW sometimes | If I follow you i probably want your nudes | @mebaeros draws my waifu","url":"https:\/\/t.co\/w7QajkH3Rh","entities":{"url":{"urls":[{"url":"https:\/\/t.co\/w7QajkH3Rh","expanded_url":"http:\/\/myanimelist.net\/profile\/zidaniaiman","display_url":"myanimelist.net\/profile\/zidani\u2026","indices":[0,23]}]},"description":{"urls":[]}},"protected":false,"followers_count":271,"friends_count":531,"listed_count":6,"created_at":"Wed Apr 30 11:22:57 +0000 2014","favourites_count":5528,"utc_offset":28800,"time_zone":"Kuala Lumpur","geo_enabled":false,"verified":false,"statuses_count":7433,"lang":"en","contributors_enabled":false,"is_translator":false,"is_translation_enabled":false,"profile_background_color":"C0DEED","profile_background_image_url":"http:\/\/abs.twimg.com\/images\/themes\/theme1\/bg.png","profile_background_image_url_https":"https:\/\/abs.twimg.com\/images\/themes\/theme1\/bg.png","profile_background_tile":false,"profile_image_url":"http:\/\/pbs.twimg.com\/profile_images\/818102024994574336\/Pa12JYjV_normal.jpg","profile_image_url_https":"https:\/\/pbs.twimg.com\/profile_images\/818102024994574336\/Pa12JYjV_normal.jpg","profile_banner_url":"https:\/\/pbs.twimg.com\/profile_banners\/2470707042\/1484445571","profile_link_color":"1DA1F2","profile_sidebar_border_color":"C0DEED","profile_sidebar_fill_color":"DDEEF6","profile_text_color":"333333","profile_use_background_image":true,"has_extended_profile":true,"default_profile":true,"default_profile_image":false,"following":false,"follow_request_sent":false,"notifications":false,"translator_type":"none"},"geo":null,"coordinates":null,"place":null,"contributors":null,"is_quote_status":false,"retweet_count":0,"favorite_count":1,"favorited":false,"retweeted":false,"lang":"en"}
