{"created_at":"Thu Jan 12 08:13:03 +0000 2017","id":819457148195311616,"id_str":"819457148195311616","text":"Well getting my son dressed for school this morning was a success!!! I didn't get attacked \ud83d\ude06 #Autism #autismawareness","truncated":false,"entities":{"hashtags":[{"text":"Autism","indices":[93,100]},{"text":"autismawareness","indices":[101,117]}],"symbols":[],"user_mentions":[],"urls":[]},"source":"\u003ca href=\"http:\/\/twitter.com\/download\/android\" rel=\"nofollow\"\u003eTwitter for Android\u003c\/a\u003e","in_reply_to_status_id":null,"in_reply_to_status_id_str":null,"in_reply_to_user_id":null,"in_reply_to_user_id_str":null,"in_reply_to_screen_name":null,"user":{"id":192651677,"id_str":"192651677","name":"Chan Dutton","screen_name":"vamplacey","location":"Wolverhampton, England","description":"Mommy to my gorgeous son Mason, when he came into my life he made it better \u2764 I do have a strange obsession with vampires","url":null,"entities":{"description":{"urls":[]}},"protected":false,"followers_count":324,"friends_count":280,"listed_count":25,"created_at":"Sun Sep 19 19:34:55 +0000 2010","favourites_count":1528,"utc_offset":-36000,"time_zone":"Hawaii","geo_enabled":true,"verified":false,"statuses_count":32751,"lang":"en","contributors_enabled":false,"is_translator":false,"is_translation_enabled":false,"profile_background_color":"3B0000","profile_background_image_url":"http:\/\/pbs.twimg.com\/profile_background_images\/378800000179714633\/ecetPMGE.jpeg","profile_background_image_url_https":"https:\/\/pbs.twimg.com\/profile_background_images\/378800000179714633\/ecetPMGE.jpeg","profile_background_tile":true,"profile_image_url":"http:\/\/pbs.twimg.com\/profile_images\/812653608932175872\/YdaaYhyf_normal.jpg","profile_image_url_https":"https:\/\/pbs.twimg.com\/profile_images\/812653608932175872\/YdaaYhyf_normal.jpg","profile_banner_url":"https:\/\/pbs.twimg.com\/profile_banners\/192651677\/1476865212","profile_link_color":"FF3D5A","profile_sidebar_border_color":"FFFFFF","profile_sidebar_fill_color":"78724E","profile_text_color":"3B392B","profile_use_background_image":true,"has_extended_profile":true,"default_profile":false,"default_profile_image":false,"following":false,"follow_request_sent":false,"notifications":false,"translator_type":"none"},"geo":null,"coordinates":null,"place":null,"contributors":null,"is_quote_status":false,"retweet_count":2,"favorite_count":1,"favorited":false,"retweeted":false,"lang":"en"}
