{"created_at":"Thu Jan 12 08:13:06 +0000 2017","id":819457161516503040,"id_str":"819457161516503040","text":"I hate when I take a nap and then can't sleep smh","truncated":false,"entities":{"hashtags":[],"symbols":[],"user_mentions":[],"urls":[]},"source":"\u003ca href=\"http:\/\/twitter.com\/download\/android\" rel=\"nofollow\"\u003eTwitter for Android\u003c\/a\u003e","in_reply_to_status_id":null,"in_reply_to_status_id_str":null,"in_reply_to_user_id":null,"in_reply_to_user_id_str":null,"in_reply_to_screen_name":null,"user":{"id":606814229,"id_str":"606814229","name":"Alex","screen_name":"KobeOverrated","location":"","description":"Cleveland Cavaliers and Dallas Cowboys fan.","url":null,"entities":{"description":{"urls":[]}},"protected":false,"followers_count":522,"friends_count":483,"listed_count":7,"created_at":"Wed Jun 13 02:14:23 +0000 2012","favourites_count":6608,"utc_offset":-28800,"time_zone":"Pacific Time (US & Canada)","geo_enabled":false,"verified":false,"statuses_count":12305,"lang":"en","contributors_enabled":false,"is_translator":false,"is_translation_enabled":false,"profile_background_color":"FFFFFF","profile_background_image_url":"http:\/\/pbs.twimg.com\/profile_background_images\/578215368\/k6q7qtcg4cx608dpxxwv.jpeg","profile_background_image_url_https":"https:\/\/pbs.twimg.com\/profile_background_images\/578215368\/k6q7qtcg4cx608dpxxwv.jpeg","profile_background_tile":false,"profile_image_url":"http:\/\/pbs.twimg.com\/profile_images\/818694229811544064\/Er2X435j_normal.jpg","profile_image_url_https":"https:\/\/pbs.twimg.com\/profile_images\/818694229811544064\/Er2X435j_normal.jpg","profile_banner_url":"https:\/\/pbs.twimg.com\/profile_banners\/606814229\/1484026865","profile_link_color":"1B95E0","profile_sidebar_border_color":"C0DEED","profile_sidebar_fill_color":"DDEEF6","profile_text_color":"333333","profile_use_background_image":true,"has_extended_profile":false,"default_profile":false,"default_profile_image":false,"following":false,"follow_request_sent":false,"notifications":false,"translator_type":"none"},"geo":null,"coordinates":null,"place":null,"contributors":null,"is_quote_status":false,"retweet_count":0,"favorite_count":0,"favorited":false,"retweeted":false,"lang":"en"}
