{"created_at":"Thu Jan 12 08:13:04 +0000 2017","id":819457151764746240,"id_str":"819457151764746240","text":"I can treat you better than you have been give love you deserve I'll turn your old man into a has been I'll ease your nerve keep you laughin","truncated":false,"entities":{"hashtags":[],"symbols":[],"user_mentions":[],"urls":[]},"source":"\u003ca href=\"http:\/\/twitter.com\/download\/iphone\" rel=\"nofollow\"\u003eTwitter for iPhone\u003c\/a\u003e","in_reply_to_status_id":null,"in_reply_to_status_id_str":null,"in_reply_to_user_id":null,"in_reply_to_user_id_str":null,"in_reply_to_screen_name":null,"user":{"id":2715974112,"id_str":"2715974112","name":"The Kid","screen_name":"kutterluker","location":"","description":"Pimpin ain't easy.  The road goes on forever and the party never ends. Nuthin but a G thing. We all gonna eat. -Ryan Goodgame","url":null,"entities":{"description":{"urls":[]}},"protected":false,"followers_count":241,"friends_count":270,"listed_count":0,"created_at":"Fri Aug 08 03:11:24 +0000 2014","favourites_count":3076,"utc_offset":null,"time_zone":null,"geo_enabled":true,"verified":false,"statuses_count":2468,"lang":"en","contributors_enabled":false,"is_translator":false,"is_translation_enabled":false,"profile_background_color":"C0DEED","profile_background_image_url":"http:\/\/abs.twimg.com\/images\/themes\/theme1\/bg.png","profile_background_image_url_https":"https:\/\/abs.twimg.com\/images\/themes\/theme1\/bg.png","profile_background_tile":false,"profile_image_url":"http:\/\/pbs.twimg.com\/profile_images\/674695451862429696\/SjpR7ZUR_normal.jpg","profile_image_url_https":"https:\/\/pbs.twimg.com\/profile_images\/674695451862429696\/SjpR7ZUR_normal.jpg","profile_banner_url":"https:\/\/pbs.twimg.com\/profile_banners\/2715974112\/1482009894","profile_link_color":"1DA1F2","profile_sidebar_border_color":"C0DEED","profile_sidebar_fill_color":"DDEEF6","profile_text_color":"333333","profile_use_background_image":true,"has_extended_profile":true,"default_profile":true,"default_profile_image":false,"following":false,"follow_request_sent":false,"notifications":false,"translator_type":"none"},"geo":null,"coordinates":null,"place":{"id":"c386efac4d8d46d2","url":"https:\/\/api.twitter.com\/1.1\/geo\/id\/c386efac4d8d46d2.json","place_type":"city","name":"Abilene","full_name":"Abilene, TX","country_code":"US","country":"United States","contained_within":[],"bounding_box":{"type":"Polygon","coordinates":[[[-99.835853,32.321246],[-99.665259,32.321246],[-99.665259,32.508856],[-99.835853,32.508856]]]},"attributes":{}},"contributors":null,"is_quote_status":false,"retweet_count":0,"favorite_count":4,"favorited":false,"retweeted":false,"lang":"en"}
