{"created_at":"Thu Jan 12 08:13:01 +0000 2017","id":819457139190087681,"id_str":"819457139190087681","text":"Pushing gently against the edges of your assumptions forces yo... More for Pisces https:\/\/t.co\/2jqFpW3Qd0","truncated":false,"entities":{"hashtags":[],"symbols":[],"user_mentions":[],"urls":[{"url":"https:\/\/t.co\/2jqFpW3Qd0","expanded_url":"http:\/\/bit.ly\/xHSyh0","display_url":"bit.ly\/xHSyh0","indices":[82,105]}]},"source":"\u003ca href=\"http:\/\/www.twittascope.com\" rel=\"nofollow\"\u003eTwittascope\u003c\/a\u003e","in_reply_to_status_id":null,"in_reply_to_status_id_str":null,"in_reply_to_user_id":null,"in_reply_to_user_id_str":null,"in_reply_to_screen_name":null,"user":{"id":238146936,"id_str":"238146936","name":"We Are Ali","screen_name":"I_aM_Stax","location":"accra, ghana","description":"name one genius that ain't crazy","url":null,"entities":{"description":{"urls":[]}},"protected":false,"followers_count":1511,"friends_count":921,"listed_count":16,"created_at":"Fri Jan 14 13:39:56 +0000 2011","favourites_count":3044,"utc_offset":-25200,"time_zone":"Mountain Time (US & Canada)","geo_enabled":true,"verified":false,"statuses_count":36719,"lang":"en","contributors_enabled":false,"is_translator":false,"is_translation_enabled":false,"profile_background_color":"ACDED6","profile_background_image_url":"http:\/\/pbs.twimg.com\/profile_background_images\/546077877\/joselyn_dumas.jpg","profile_background_image_url_https":"https:\/\/pbs.twimg.com\/profile_background_images\/546077877\/joselyn_dumas.jpg","profile_background_tile":true,"profile_image_url":"http:\/\/pbs.twimg.com\/profile_images\/751164506932408320\/a-ehvjQC_normal.jpg","profile_image_url_https":"https:\/\/pbs.twimg.com\/profile_images\/751164506932408320\/a-ehvjQC_normal.jpg","profile_banner_url":"https:\/\/pbs.twimg.com\/profile_banners\/238146936\/1463045561","profile_link_color":"038543","profile_sidebar_border_color":"EEEEEE","profile_sidebar_fill_color":"F6F6F6","profile_text_color":"333333","profile_use_background_image":true,"has_extended_profile":false,"default_profile":false,"default_profile_image":false,"following":false,"follow_request_sent":false,"notifications":false,"translator_type":"none"},"geo":null,"coordinates":null,"place":null,"contributors":null,"is_quote_status":false,"retweet_count":0,"favorite_count":0,"favorited":false,"retweeted":false,"possibly_sensitive":false,"possibly_sensitive_appealable":false,"lang":"en"}
