{"created_at":"Thu Jan 12 08:13:02 +0000 2017","id":819457143501889536,"id_str":"819457143501889536","text":"@perfectmuggle I'm muting everyone who's watching tonight I ain't taking no risks","truncated":false,"entities":{"hashtags":[],"symbols":[],"user_mentions":[{"screen_name":"perfectmuggle","name":"moni \/ SH SPOILERS","id":213263961,"id_str":"213263961","indices":[0,14]}],"urls":[]},"source":"\u003ca href=\"http:\/\/twitter.com\/download\/iphone\" rel=\"nofollow\"\u003eTwitter for iPhone\u003c\/a\u003e","in_reply_to_status_id":819456813397577728,"in_reply_to_status_id_str":"819456813397577728","in_reply_to_user_id":213263961,"in_reply_to_user_id_str":"213263961","in_reply_to_screen_name":"perfectmuggle","user":{"id":818496156397355008,"id_str":"818496156397355008","name":"lydia","screen_name":"sherlockscode","location":"","description":"I'm not a psychopath. I'm a high-functioning sociopath. Do your research","url":null,"entities":{"description":{"urls":[]}},"protected":false,"followers_count":180,"friends_count":157,"listed_count":2,"created_at":"Mon Jan 09 16:34:25 +0000 2017","favourites_count":828,"utc_offset":null,"time_zone":null,"geo_enabled":false,"verified":false,"statuses_count":128,"lang":"en","contributors_enabled":false,"is_translator":false,"is_translation_enabled":false,"profile_background_color":"F5F8FA","profile_background_image_url":null,"profile_background_image_url_https":null,"profile_background_tile":false,"profile_image_url":"http:\/\/pbs.twimg.com\/profile_images\/818500040591364096\/HyLxmHxf_normal.jpg","profile_image_url_https":"https:\/\/pbs.twimg.com\/profile_images\/818500040591364096\/HyLxmHxf_normal.jpg","profile_banner_url":"https:\/\/pbs.twimg.com\/profile_banners\/818496156397355008\/1484040367","profile_link_color":"1DA1F2","profile_sidebar_border_color":"C0DEED","profile_sidebar_fill_color":"DDEEF6","profile_text_color":"333333","profile_use_background_image":true,"has_extended_profile":false,"default_profile":true,"default_profile_image":false,"following":false,"follow_request_sent":false,"notifications":false,"translator_type":"none"},"geo":null,"coordinates":null,"place":null,"contributors":null,"is_quote_status":false,"retweet_count":0,"favorite_count":2,"favorited":false,"retweeted":false,"lang":"en"}
