{"created_at":"Thu Jan 12 08:13:04 +0000 2017","id":819457153245253633,"id_str":"819457153245253633","text":"I know. https:\/\/t.co\/3Ik7RxWOYa","truncated":false,"entities":{"hashtags":[],"symbols":[],"user_mentions":[],"urls":[{"url":"https:\/\/t.co\/3Ik7RxWOYa","expanded_url":"https:\/\/twitter.com\/KatiaS_SP\/status\/819455958174855168","display_url":"twitter.com\/KatiaS_SP\/stat\u2026","indices":[8,31]}]},"source":"\u003ca href=\"http:\/\/twitter.com\/download\/android\" rel=\"nofollow\"\u003eTwitter for Android\u003c\/a\u003e","in_reply_to_status_id":null,"in_reply_to_status_id_str":null,"in_reply_to_user_id":null,"in_reply_to_user_id_str":null,"in_reply_to_screen_name":null,"user":{"id":3431934851,"id_str":"3431934851","name":"Seth.","screen_name":"x__SAlderSP","location":"Silena's parabatai.","description":"\u25e4 \uff65\uff9f\u2727* 18% \u22ee\u3014\u1d00\u1d1b\u029c\u1d07\u0274\u1d00's \u1d04\u029c\u026a\u029f\u1d05 \u21cc C\u1d0f\u1d1c\u0274s\u1d07\u029f\u1d0f\u0280\u3015\u222b \u21ba \u263e\u2726 \u21ac \u275bN\u1d07\u1d20\u1d07\u0280 \u1d04\u1d00\u029f\u029f \u1d0d\u1d07 \u1d04\u1d0f\u029f\u1d05\ufe50 \u0280\u1d07\u1d0d\u1d07\u1d0d\u0299\u1d07\u0280 \u1d1b\u029c\u1d00\u1d1b \u1d00 \u0299\u0280\u1d0f\u1d0b\u1d07\u0274 \u1d18\u1d07\u0280s\u1d0f\u0274 \u0274\u1d07\u1d20\u1d07\u0280 \u0262\u1d0f\u1d07s \u0299\u1d00\u1d04\u1d0b \u1d1b\u1d0f \u0299\u1d07\u026a\u0274\u0262 \u1d1b\u029c\u1d07 s\u1d00\u1d0d\u1d07.\u275c \u02f9K \u203a T \u203a Y \u203a L \u203a L\u02fc","url":null,"entities":{"description":{"urls":[]}},"protected":false,"followers_count":466,"friends_count":429,"listed_count":7,"created_at":"Wed Aug 19 19:48:20 +0000 2015","favourites_count":3327,"utc_offset":-28800,"time_zone":"Pacific Time (US & Canada)","geo_enabled":false,"verified":false,"statuses_count":13177,"lang":"es","contributors_enabled":false,"is_translator":false,"is_translation_enabled":false,"profile_background_color":"C0DEED","profile_background_image_url":"http:\/\/abs.twimg.com\/images\/themes\/theme1\/bg.png","profile_background_image_url_https":"https:\/\/abs.twimg.com\/images\/themes\/theme1\/bg.png","profile_background_tile":false,"profile_image_url":"http:\/\/pbs.twimg.com\/profile_images\/819106837421326338\/ZrHfd2v__normal.jpg","profile_image_url_https":"https:\/\/pbs.twimg.com\/profile_images\/819106837421326338\/ZrHfd2v__normal.jpg","profile_banner_url":"https:\/\/pbs.twimg.com\/profile_banners\/3431934851\/1483741502","profile_link_color":"1DA1F2","profile_sidebar_border_color":"C0DEED","profile_sidebar_fill_color":"DDEEF6","profile_text_color":"333333","profile_use_background_image":true,"has_extended_profile":true,"default_profile":true,"default_profile_image":false,"following":false,"follow_request_sent":false,"notifications":false,"translator_type":"none"},"geo":null,"coordinates":null,"place":null,"contributors":null,"is_quote_status":true,"quoted_status_id":819455958174855168,"quoted_status_id_str":"819455958174855168","quoted_status":{"created_at":"Thu Jan 12 08:08:19 +0000 2017","id":819455958174855168,"id_str":"819455958174855168","text":"Eres el mejor hermano del mundo. https:\/\/t.co\/SZG7mlHU8m","truncated":false,"entities":{"hashtags":[],"symbols":[],"user_mentions":[],"urls":[{"url":"https:\/\/t.co\/SZG7mlHU8m","expanded_url":"https:\/\/twitter.com\/x__saldersp\/status\/819455737902546945","display_url":"twitter.com\/x__saldersp\/st\u2026","indices":[33,56]}]},"source":"\u003ca href=\"http:\/\/twitter.com\/download\/iphone\" rel=\"nofollow\"\u003eTwitter for iPhone\u003c\/a\u003e","in_reply_to_status_id":null,"in_reply_to_status_id_str":null,"in_reply_to_user_id":null,"in_reply_to_user_id_str":null,"in_reply_to_screen_name":null,"user":{"id":732258093476777984,"id_str":"732258093476777984","name":"Kat.","screen_name":"KatiaS_SP","location":"\u2022Alex, Lay, Ry. \u2022 ","description":"\u2023 17%, Athena's Daughter.\u2507 \u2014 \u274b \u275d \u275e ; \u300c \uff63 Cast, Dess, Travs.","url":"https:\/\/t.co\/oQLfvi4uWU","entities":{"url":{"urls":[{"url":"https:\/\/t.co\/oQLfvi4uWU","expanded_url":"http:\/\/fullstory.co\/31eor?ref=twt","display_url":"fullstory.co\/31eor?ref=twt","indices":[0,23]}]},"description":{"urls":[]}},"protected":false,"followers_count":182,"friends_count":187,"listed_count":3,"created_at":"Mon May 16 17:15:08 +0000 2016","favourites_count":2579,"utc_offset":-28800,"time_zone":"Pacific Time (US & Canada)","geo_enabled":false,"verified":false,"statuses_count":3945,"lang":"es","contributors_enabled":false,"is_translator":false,"is_translation_enabled":false,"profile_background_color":"F5F8FA","profile_background_image_url":null,"profile_background_image_url_https":null,"profile_background_tile":false,"profile_image_url":"http:\/\/pbs.twimg.com\/profile_images\/820214039951376384\/r2pOq4ms_normal.jpg","profile_image_url_https":"https:\/\/pbs.twimg.com\/profile_images\/820214039951376384\/r2pOq4ms_normal.jpg","profile_banner_url":"https:\/\/pbs.twimg.com\/profile_banners\/732258093476777984\/1484389387","profile_link_color":"1DA1F2","profile_sidebar_border_color":"C0DEED","profile_sidebar_fill_color":"DDEEF6","profile_text_color":"333333","profile_use_background_image":true,"has_extended_profile":true,"default_profile":true,"default_profile_image":false,"following":false,"follow_request_sent":false,"notifications":false,"translator_type":"none"},"geo":null,"coordinates":null,"place":null,"contributors":null,"is_quote_status":true,"quoted_status_id":819455737902546945,"quoted_status_id_str":"819455737902546945","retweet_count":1,"favorite_count":1,"favorited":false,"retweeted":false,"possibly_sensitive":false,"possibly_sensitive_appealable":false,"lang":"es"},"retweet_count":0,"favorite_count":0,"favorited":false,"retweeted":false,"possibly_sensitive":false,"possibly_sensitive_appealable":false,"lang":"en"}
