{"created_at":"Thu Jan 12 08:13:04 +0000 2017","id":819457150355382272,"id_str":"819457150355382272","text":"if i'm crazy enough to think it i'm crazy enough to do it","truncated":false,"entities":{"hashtags":[],"symbols":[],"user_mentions":[],"urls":[]},"source":"\u003ca href=\"http:\/\/twitter.com\" rel=\"nofollow\"\u003eTwitter Web Client\u003c\/a\u003e","in_reply_to_status_id":null,"in_reply_to_status_id_str":null,"in_reply_to_user_id":null,"in_reply_to_user_id_str":null,"in_reply_to_screen_name":null,"user":{"id":3216845531,"id_str":"3216845531","name":"\u239b\u239d Muwin \u23a0\u239e","screen_name":"ItsMuwin","location":" RUSTY CROWBAR, UPYOURBUTT","description":"i'll do what ever @PSYCHO_SEMPAI wants just to make her smile and happy","url":null,"entities":{"description":{"urls":[]}},"protected":false,"followers_count":174,"friends_count":50,"listed_count":4,"created_at":"Tue Apr 28 11:38:55 +0000 2015","favourites_count":4305,"utc_offset":-18000,"time_zone":"Eastern Time (US & Canada)","geo_enabled":false,"verified":false,"statuses_count":1344,"lang":"en","contributors_enabled":false,"is_translator":false,"is_translation_enabled":false,"profile_background_color":"000000","profile_background_image_url":"http:\/\/abs.twimg.com\/images\/themes\/theme17\/bg.gif","profile_background_image_url_https":"https:\/\/abs.twimg.com\/images\/themes\/theme17\/bg.gif","profile_background_tile":false,"profile_image_url":"http:\/\/pbs.twimg.com\/profile_images\/811014493245472769\/Wva8JLph_normal.jpg","profile_image_url_https":"https:\/\/pbs.twimg.com\/profile_images\/811014493245472769\/Wva8JLph_normal.jpg","profile_banner_url":"https:\/\/pbs.twimg.com\/profile_banners\/3216845531\/1482196115","profile_link_color":"0B0000","profile_sidebar_border_color":"000000","profile_sidebar_fill_color":"000000","profile_text_color":"000000","profile_use_background_image":false,"has_extended_profile":true,"default_profile":false,"default_profile_image":false,"following":false,"follow_request_sent":false,"notifications":false,"translator_type":"none"},"geo":null,"coordinates":null,"place":null,"contributors":null,"is_quote_status":false,"retweet_count":0,"favorite_count":0,"favorited":false,"retweeted":false,"lang":"en"}
