{"created_at":"Thu Jan 12 08:13:05 +0000 2017","id":819457157661921280,"id_str":"819457157661921280","text":"Twitter g\u00e5r i rundhyl i hest, Trump og pis. Man blir sgu lidt tr\u00e6t.  https:\/\/t.co\/0bGB3maXWT","truncated":false,"entities":{"hashtags":[],"symbols":[],"user_mentions":[],"urls":[{"url":"https:\/\/t.co\/0bGB3maXWT","expanded_url":"https:\/\/twitter.com\/howaboutnooo\/status\/819456439160868864","display_url":"twitter.com\/howaboutnooo\/s\u2026","indices":[69,92]}]},"source":"\u003ca href=\"http:\/\/tapbots.com\/tweetbot\" rel=\"nofollow\"\u003eTweetbot for i\u039fS\u003c\/a\u003e","in_reply_to_status_id":null,"in_reply_to_status_id_str":null,"in_reply_to_user_id":null,"in_reply_to_user_id_str":null,"in_reply_to_screen_name":null,"user":{"id":116473547,"id_str":"116473547","name":"Slyngel\u2122","screen_name":"slyngel_kbh","location":"K\u00f8benhavn","description":"Internethelt. Managementkonsulent. Tr\u00e6ningsafh\u00e6ngig. Robot-opfinder. #NyForelsket","url":"https:\/\/t.co\/Oa0RzOMmXw","entities":{"url":{"urls":[{"url":"https:\/\/t.co\/Oa0RzOMmXw","expanded_url":"http:\/\/www.SlyngelKbh.dk","display_url":"SlyngelKbh.dk","indices":[0,23]}]},"description":{"urls":[]}},"protected":false,"followers_count":442,"friends_count":284,"listed_count":18,"created_at":"Mon Feb 22 15:45:56 +0000 2010","favourites_count":5555,"utc_offset":3600,"time_zone":"Copenhagen","geo_enabled":true,"verified":false,"statuses_count":11843,"lang":"en","contributors_enabled":false,"is_translator":false,"is_translation_enabled":false,"profile_background_color":"C0DEED","profile_background_image_url":"http:\/\/abs.twimg.com\/images\/themes\/theme1\/bg.png","profile_background_image_url_https":"https:\/\/abs.twimg.com\/images\/themes\/theme1\/bg.png","profile_background_tile":false,"profile_image_url":"http:\/\/pbs.twimg.com\/profile_images\/782940348683264000\/-18RiXxd_normal.jpg","profile_image_url_https":"https:\/\/pbs.twimg.com\/profile_images\/782940348683264000\/-18RiXxd_normal.jpg","profile_banner_url":"https:\/\/pbs.twimg.com\/profile_banners\/116473547\/1398365419","profile_link_color":"1DA1F2","profile_sidebar_border_color":"C0DEED","profile_sidebar_fill_color":"DDEEF6","profile_text_color":"333333","profile_use_background_image":true,"has_extended_profile":false,"default_profile":true,"default_profile_image":false,"following":false,"follow_request_sent":false,"notifications":false,"translator_type":"regular"},"geo":null,"coordinates":null,"place":null,"contributors":null,"is_quote_status":true,"quoted_status_id":819456439160868864,"quoted_status_id_str":"819456439160868864","quoted_status":{"created_at":"Thu Jan 12 08:10:14 +0000 2017","id":819456439160868864,"id_str":"819456439160868864","text":"Nu gider jeg fandme ikke h\u00f8re mere om den hest. Videre!","truncated":false,"entities":{"hashtags":[],"symbols":[],"user_mentions":[],"urls":[]},"source":"\u003ca href=\"http:\/\/twitter.com\/download\/android\" rel=\"nofollow\"\u003eTwitter for Android\u003c\/a\u003e","in_reply_to_status_id":null,"in_reply_to_status_id_str":null,"in_reply_to_user_id":null,"in_reply_to_user_id_str":null,"in_reply_to_screen_name":null,"user":{"id":15016679,"id_str":"15016679","name":"Brigitte","screen_name":"howaboutnooo","location":"8000 ","description":"Stik mig sovs og kage, og en sejr til AGF. Musikelskende historiker der roder i arkiver.","url":null,"entities":{"description":{"urls":[]}},"protected":false,"followers_count":2417,"friends_count":841,"listed_count":70,"created_at":"Thu Jun 05 11:29:36 +0000 2008","favourites_count":9271,"utc_offset":3600,"time_zone":"Copenhagen","geo_enabled":true,"verified":false,"statuses_count":50930,"lang":"en","contributors_enabled":false,"is_translator":false,"is_translation_enabled":false,"profile_background_color":"1A1B1F","profile_background_image_url":"http:\/\/pbs.twimg.com\/profile_background_images\/40402633\/2777396079_7fe9bf6651_large.jpg","profile_background_image_url_https":"https:\/\/pbs.twimg.com\/profile_background_images\/40402633\/2777396079_7fe9bf6651_large.jpg","profile_background_tile":true,"profile_image_url":"http:\/\/pbs.twimg.com\/profile_images\/817281446977171457\/Nqpqv-IK_normal.jpg","profile_image_url_https":"https:\/\/pbs.twimg.com\/profile_images\/817281446977171457\/Nqpqv-IK_normal.jpg","profile_banner_url":"https:\/\/pbs.twimg.com\/profile_banners\/15016679\/1403857886","profile_link_color":"89C9FA","profile_sidebar_border_color":"181A1E","profile_sidebar_fill_color":"252429","profile_text_color":"666666","profile_use_background_image":true,"has_extended_profile":true,"default_profile":false,"default_profile_image":false,"following":false,"follow_request_sent":false,"notifications":false,"translator_type":"none"},"geo":null,"coordinates":null,"place":null,"contributors":null,"is_quote_status":false,"retweet_count":0,"favorite_count":16,"favorited":false,"retweeted":false,"lang":"da"},"retweet_count":0,"favorite_count":0,"favorited":false,"retweeted":false,"possibly_sensitive":false,"possibly_sensitive_appealable":false,"lang":"da"}
