{"created_at":"Thu Jan 12 08:13:05 +0000 2017","id":819457157548666881,"id_str":"819457157548666881","text":"I like paisley \ud83d\ude22","truncated":false,"entities":{"hashtags":[],"symbols":[],"user_mentions":[],"urls":[]},"source":"\u003ca href=\"http:\/\/twitter.com\/download\/iphone\" rel=\"nofollow\"\u003eTwitter for iPhone\u003c\/a\u003e","in_reply_to_status_id":null,"in_reply_to_status_id_str":null,"in_reply_to_user_id":null,"in_reply_to_user_id_str":null,"in_reply_to_screen_name":null,"user":{"id":1964098316,"id_str":"1964098316","name":"#210Mam\u00ed .","screen_name":"amaialyn_","location":"@ k.whites house ","description":"It never gets deep \ud83e\udd10","url":null,"entities":{"description":{"urls":[]}},"protected":false,"followers_count":773,"friends_count":466,"listed_count":2,"created_at":"Wed Oct 16 05:55:51 +0000 2013","favourites_count":20906,"utc_offset":-28800,"time_zone":"Pacific Time (US & Canada)","geo_enabled":true,"verified":false,"statuses_count":35409,"lang":"en","contributors_enabled":false,"is_translator":false,"is_translation_enabled":false,"profile_background_color":"000000","profile_background_image_url":"http:\/\/abs.twimg.com\/images\/themes\/theme1\/bg.png","profile_background_image_url_https":"https:\/\/abs.twimg.com\/images\/themes\/theme1\/bg.png","profile_background_tile":false,"profile_image_url":"http:\/\/pbs.twimg.com\/profile_images\/820197173006663680\/6D_5eJLS_normal.jpg","profile_image_url_https":"https:\/\/pbs.twimg.com\/profile_images\/820197173006663680\/6D_5eJLS_normal.jpg","profile_banner_url":"https:\/\/pbs.twimg.com\/profile_banners\/1964098316\/1484346339","profile_link_color":"981CEB","profile_sidebar_border_color":"000000","profile_sidebar_fill_color":"000000","profile_text_color":"000000","profile_use_background_image":false,"has_extended_profile":false,"default_profile":false,"default_profile_image":false,"following":false,"follow_request_sent":false,"notifications":false,"translator_type":"none"},"geo":null,"coordinates":null,"place":{"id":"3df4f427b5a60fea","url":"https:\/\/api.twitter.com\/1.1\/geo\/id\/3df4f427b5a60fea.json","place_type":"city","name":"San Antonio","full_name":"San Antonio, TX","country_code":"US","country":"United States","contained_within":[],"bounding_box":{"type":"Polygon","coordinates":[[[-98.778559,29.141956],[-98.302744,29.141956],[-98.302744,29.693046],[-98.778559,29.693046]]]},"attributes":{}},"contributors":null,"is_quote_status":false,"retweet_count":0,"favorite_count":0,"favorited":false,"retweeted":false,"lang":"en"}
