{"created_at":"Thu Jan 12 08:13:05 +0000 2017","id":819457156323778560,"id_str":"819457156323778560","text":"@daewonandonly ur my Close Friend you are on a whole different scale i could never forget u","truncated":false,"entities":{"hashtags":[],"symbols":[],"user_mentions":[{"screen_name":"daewonandonly","name":"\u3164\u3164\u3164","id":1404080706,"id_str":"1404080706","indices":[0,14]}],"urls":[]},"source":"\u003ca href=\"http:\/\/twitter.com\/download\/iphone\" rel=\"nofollow\"\u003eTwitter for iPhone\u003c\/a\u003e","in_reply_to_status_id":819456950819635201,"in_reply_to_status_id_str":"819456950819635201","in_reply_to_user_id":1404080706,"in_reply_to_user_id_str":"1404080706","in_reply_to_screen_name":"daewonandonly","user":{"id":286958283,"id_str":"286958283","name":"snow fairy","screen_name":"coffeemnseok","location":"160214 ","description":"@xiulestial: jeanneRt i lvo u","url":"https:\/\/t.co\/9a9pMoreI8","entities":{"url":{"urls":[{"url":"https:\/\/t.co\/9a9pMoreI8","expanded_url":"http:\/\/curiouscat.me\/coffeemnseok","display_url":"curiouscat.me\/coffeemnseok","indices":[0,23]}]},"description":{"urls":[]}},"protected":false,"followers_count":1440,"friends_count":176,"listed_count":89,"created_at":"Sun Apr 24 01:48:07 +0000 2011","favourites_count":43826,"utc_offset":-28800,"time_zone":"America\/Los_Angeles","geo_enabled":false,"verified":false,"statuses_count":109297,"lang":"en","contributors_enabled":false,"is_translator":false,"is_translation_enabled":false,"profile_background_color":"FFFFFF","profile_background_image_url":"http:\/\/pbs.twimg.com\/profile_background_images\/487731800039362560\/x-W12vK1.jpeg","profile_background_image_url_https":"https:\/\/pbs.twimg.com\/profile_background_images\/487731800039362560\/x-W12vK1.jpeg","profile_background_tile":false,"profile_image_url":"http:\/\/pbs.twimg.com\/profile_images\/818315556734414850\/0Dt0CkOs_normal.jpg","profile_image_url_https":"https:\/\/pbs.twimg.com\/profile_images\/818315556734414850\/0Dt0CkOs_normal.jpg","profile_banner_url":"https:\/\/pbs.twimg.com\/profile_banners\/286958283\/1484018616","profile_link_color":"F58EA8","profile_sidebar_border_color":"FFFFFF","profile_sidebar_fill_color":"DDEEF6","profile_text_color":"333333","profile_use_background_image":true,"has_extended_profile":false,"default_profile":false,"default_profile_image":false,"following":false,"follow_request_sent":false,"notifications":false,"translator_type":"none"},"geo":null,"coordinates":null,"place":null,"contributors":null,"is_quote_status":false,"retweet_count":1,"favorite_count":1,"favorited":false,"retweeted":false,"lang":"en"}
