{"created_at":"Thu Jan 12 08:13:05 +0000 2017","id":819457154365038592,"id_str":"819457154365038592","text":"It is what it is I guess it wasn't meant to be","truncated":false,"entities":{"hashtags":[],"symbols":[],"user_mentions":[],"urls":[]},"source":"\u003ca href=\"http:\/\/twitter.com\/download\/iphone\" rel=\"nofollow\"\u003eTwitter for iPhone\u003c\/a\u003e","in_reply_to_status_id":null,"in_reply_to_status_id_str":null,"in_reply_to_user_id":null,"in_reply_to_user_id_str":null,"in_reply_to_screen_name":null,"user":{"id":2426146076,"id_str":"2426146076","name":"#LifeOfAYungBoss\u2122","screen_name":"BOSSMANJAGG","location":"","description":"","url":null,"entities":{"description":{"urls":[]}},"protected":false,"followers_count":2020,"friends_count":1705,"listed_count":3,"created_at":"Thu Apr 03 20:22:52 +0000 2014","favourites_count":7376,"utc_offset":null,"time_zone":null,"geo_enabled":true,"verified":false,"statuses_count":46283,"lang":"en","contributors_enabled":false,"is_translator":false,"is_translation_enabled":false,"profile_background_color":"C0DEED","profile_background_image_url":"http:\/\/abs.twimg.com\/images\/themes\/theme1\/bg.png","profile_background_image_url_https":"https:\/\/abs.twimg.com\/images\/themes\/theme1\/bg.png","profile_background_tile":false,"profile_image_url":"http:\/\/pbs.twimg.com\/profile_images\/819187753107722240\/7brlGfdl_normal.jpg","profile_image_url_https":"https:\/\/pbs.twimg.com\/profile_images\/819187753107722240\/7brlGfdl_normal.jpg","profile_banner_url":"https:\/\/pbs.twimg.com\/profile_banners\/2426146076\/1470696497","profile_link_color":"1DA1F2","profile_sidebar_border_color":"C0DEED","profile_sidebar_fill_color":"DDEEF6","profile_text_color":"333333","profile_use_background_image":true,"has_extended_profile":false,"default_profile":true,"default_profile_image":false,"following":false,"follow_request_sent":false,"notifications":false,"translator_type":"none"},"geo":null,"coordinates":null,"place":null,"contributors":null,"is_quote_status":false,"retweet_count":0,"favorite_count":0,"favorited":false,"retweeted":false,"lang":"en"}
