{"created_at":"Thu Jan 12 08:13:04 +0000 2017","id":819457151647227905,"id_str":"819457151647227905","text":"You're not welcome anymore \u270b #NowPlaying \u201cI Will Survive\u201d by @ddlovato on #Anghami https:\/\/t.co\/pnJON2kOFt","truncated":false,"entities":{"hashtags":[{"text":"NowPlaying","indices":[29,40]},{"text":"Anghami","indices":[74,82]}],"symbols":[],"user_mentions":[{"screen_name":"ddlovato","name":"Demi Lovato","id":21111883,"id_str":"21111883","indices":[61,70]}],"urls":[{"url":"https:\/\/t.co\/pnJON2kOFt","expanded_url":"https:\/\/play.anghami.com\/song\/13217960?bid=\/aB1b\/E8wRXCu1Rz","display_url":"play.anghami.com\/song\/13217960?\u2026","indices":[83,106]}]},"source":"\u003ca href=\"http:\/\/twitter.com\/download\/android\" rel=\"nofollow\"\u003eTwitter for Android\u003c\/a\u003e","in_reply_to_status_id":null,"in_reply_to_status_id_str":null,"in_reply_to_user_id":null,"in_reply_to_user_id_str":null,"in_reply_to_screen_name":null,"user":{"id":314423686,"id_str":"314423686","name":"#MUFC\u2661","screen_name":"N_ALHOAD","location":"Zahra - La D\u00e9fense, paris","description":"\u200f\u200fTry to be a rainbow in someone\u2019s cloud\ud83c\udf08- AUM'er \n\u0631\u0628\u064a \u0623\u0631\u062d\u0645 \u0648\u0627\u0644\u062f\u064a \u0628\u0642\u062f\u0631 \u0625\u0634\u062a\u064a\u0627\u0642\u064a \u0644\u0647 \ud83d\udc99","url":"https:\/\/t.co\/nmMPSFYn9b","entities":{"url":{"urls":[{"url":"https:\/\/t.co\/nmMPSFYn9b","expanded_url":"http:\/\/ask.fm\/HOAD","display_url":"ask.fm\/HOAD","indices":[0,23]}]},"description":{"urls":[]}},"protected":false,"followers_count":640,"friends_count":191,"listed_count":2,"created_at":"Fri Jun 10 07:11:40 +0000 2011","favourites_count":1175,"utc_offset":null,"time_zone":null,"geo_enabled":true,"verified":false,"statuses_count":6194,"lang":"en","contributors_enabled":false,"is_translator":false,"is_translation_enabled":false,"profile_background_color":"1A1B1F","profile_background_image_url":"http:\/\/pbs.twimg.com\/profile_background_images\/422203591\/IMG_9889.jpg","profile_background_image_url_https":"https:\/\/pbs.twimg.com\/profile_background_images\/422203591\/IMG_9889.jpg","profile_background_tile":true,"profile_image_url":"http:\/\/pbs.twimg.com\/profile_images\/795139845521887232\/qNFb3DV9_normal.jpg","profile_image_url_https":"https:\/\/pbs.twimg.com\/profile_images\/795139845521887232\/qNFb3DV9_normal.jpg","profile_banner_url":"https:\/\/pbs.twimg.com\/profile_banners\/314423686\/1481696051","profile_link_color":"F5ABB5","profile_sidebar_border_color":"181A1E","profile_sidebar_fill_color":"252429","profile_text_color":"ADADAD","profile_use_background_image":true,"has_extended_profile":true,"default_profile":false,"default_profile_image":false,"following":false,"follow_request_sent":false,"notifications":false,"translator_type":"none"},"geo":null,"coordinates":null,"place":null,"contributors":null,"is_quote_status":false,"retweet_count":0,"favorite_count":0,"favorited":false,"retweeted":false,"possibly_sensitive":false,"possibly_sensitive_appealable":false,"lang":"en"}
