{"created_at":"Thu Jan 12 08:13:02 +0000 2017","id":819457144198205440,"id_str":"819457144198205440","text":"@FvckTamia LMFAO I was holding my horses meanwhile back at the hotel Bitches was playing victim \ud83d\ude02","truncated":false,"entities":{"hashtags":[],"symbols":[],"user_mentions":[{"screen_name":"FvckTamia","name":"jehova Thickness","id":718355845,"id_str":"718355845","indices":[0,10]}],"urls":[]},"source":"\u003ca href=\"http:\/\/twitter.com\/download\/iphone\" rel=\"nofollow\"\u003eTwitter for iPhone\u003c\/a\u003e","in_reply_to_status_id":819456798256234496,"in_reply_to_status_id_str":"819456798256234496","in_reply_to_user_id":718355845,"in_reply_to_user_id_str":"718355845","in_reply_to_screen_name":"FvckTamia","user":{"id":2203533196,"id_str":"2203533196","name":"Baylin \ud83d\udd05","screen_name":"thehoney__","location":"Syracuse, Ny ","description":"Always count your blessings and remain humble \ud83d\ude4c\ud83c\udffd","url":null,"entities":{"description":{"urls":[]}},"protected":false,"followers_count":1414,"friends_count":690,"listed_count":7,"created_at":"Sun Dec 01 18:51:03 +0000 2013","favourites_count":23652,"utc_offset":-18000,"time_zone":"Eastern Time (US & Canada)","geo_enabled":true,"verified":false,"statuses_count":88864,"lang":"en","contributors_enabled":false,"is_translator":false,"is_translation_enabled":false,"profile_background_color":"C0DEED","profile_background_image_url":"http:\/\/abs.twimg.com\/images\/themes\/theme1\/bg.png","profile_background_image_url_https":"https:\/\/abs.twimg.com\/images\/themes\/theme1\/bg.png","profile_background_tile":false,"profile_image_url":"http:\/\/pbs.twimg.com\/profile_images\/818847286201552896\/l3qK32wl_normal.jpg","profile_image_url_https":"https:\/\/pbs.twimg.com\/profile_images\/818847286201552896\/l3qK32wl_normal.jpg","profile_banner_url":"https:\/\/pbs.twimg.com\/profile_banners\/2203533196\/1483654443","profile_link_color":"1DA1F2","profile_sidebar_border_color":"C0DEED","profile_sidebar_fill_color":"DDEEF6","profile_text_color":"333333","profile_use_background_image":true,"has_extended_profile":true,"default_profile":true,"default_profile_image":false,"following":false,"follow_request_sent":false,"notifications":false,"translator_type":"none"},"geo":null,"coordinates":null,"place":{"id":"138181506c13418e","url":"https:\/\/api.twitter.com\/1.1\/geo\/id\/138181506c13418e.json","place_type":"city","name":"Syracuse","full_name":"Syracuse, NY","country_code":"US","country":"United States","contained_within":[],"bounding_box":{"type":"Polygon","coordinates":[[[-76.204476,42.984026],[-76.053145,42.984026],[-76.053145,43.121188],[-76.204476,43.121188]]]},"attributes":{}},"contributors":null,"is_quote_status":false,"retweet_count":1,"favorite_count":0,"favorited":false,"retweeted":false,"lang":"en"}
