{"created_at":"Thu Jan 12 08:13:01 +0000 2017","id":819457140087750656,"id_str":"819457140087750656","text":"I have been sleeping so much lately. I'm probably dying... lol","truncated":false,"entities":{"hashtags":[],"symbols":[],"user_mentions":[],"urls":[]},"source":"\u003ca href=\"http:\/\/twitter.com\/download\/iphone\" rel=\"nofollow\"\u003eTwitter for iPhone\u003c\/a\u003e","in_reply_to_status_id":null,"in_reply_to_status_id_str":null,"in_reply_to_user_id":null,"in_reply_to_user_id_str":null,"in_reply_to_screen_name":null,"user":{"id":19627181,"id_str":"19627181","name":"Christopher Selph","screen_name":"jettachris22","location":"Greensboro, NC","description":"Retired Medic in the US army, student, and pharmacy technician","url":null,"entities":{"description":{"urls":[]}},"protected":false,"followers_count":173,"friends_count":168,"listed_count":2,"created_at":"Wed Jan 28 00:31:34 +0000 2009","favourites_count":1776,"utc_offset":-18000,"time_zone":"Eastern Time (US & Canada)","geo_enabled":true,"verified":false,"statuses_count":4442,"lang":"en","contributors_enabled":false,"is_translator":false,"is_translation_enabled":false,"profile_background_color":"9AE4E8","profile_background_image_url":"http:\/\/abs.twimg.com\/images\/themes\/theme16\/bg.gif","profile_background_image_url_https":"https:\/\/abs.twimg.com\/images\/themes\/theme16\/bg.gif","profile_background_tile":false,"profile_image_url":"http:\/\/pbs.twimg.com\/profile_images\/797910216662798336\/Rx88_EXA_normal.jpg","profile_image_url_https":"https:\/\/pbs.twimg.com\/profile_images\/797910216662798336\/Rx88_EXA_normal.jpg","profile_banner_url":"https:\/\/pbs.twimg.com\/profile_banners\/19627181\/1455708466","profile_link_color":"0084B4","profile_sidebar_border_color":"BDDCAD","profile_sidebar_fill_color":"DDFFCC","profile_text_color":"333333","profile_use_background_image":true,"has_extended_profile":true,"default_profile":false,"default_profile_image":false,"following":false,"follow_request_sent":false,"notifications":false,"translator_type":"none"},"geo":null,"coordinates":null,"place":{"id":"a6c257c61f294ec1","url":"https:\/\/api.twitter.com\/1.1\/geo\/id\/a6c257c61f294ec1.json","place_type":"city","name":"Greensboro","full_name":"Greensboro, NC","country_code":"US","country":"United States","contained_within":[],"bounding_box":{"type":"Polygon","coordinates":[[[-80.0295184,35.962623],[-79.6852086,35.962623],[-79.6852086,36.218171],[-80.0295184,36.218171]]]},"attributes":{}},"contributors":null,"is_quote_status":false,"retweet_count":0,"favorite_count":0,"favorited":false,"retweeted":false,"lang":"en"}
