{"created_at":"Thu Jan 12 08:13:06 +0000 2017","id":819457159964618752,"id_str":"819457159964618752","text":"@sportchippers @Bigalanh5 keep it under your hat Robin, but it's me.... I'll sell you rights for my exclusive 1st interview if you like?","truncated":false,"entities":{"hashtags":[],"symbols":[],"user_mentions":[{"screen_name":"sportchippers","name":"Robin Chipperfield","id":72872860,"id_str":"72872860","indices":[0,14]},{"screen_name":"Bigalanh5","name":"Alan Hardy","id":20943449,"id_str":"20943449","indices":[15,25]}],"urls":[]},"source":"\u003ca href=\"http:\/\/twitter.com\/download\/android\" rel=\"nofollow\"\u003eTwitter for Android\u003c\/a\u003e","in_reply_to_status_id":819456655943467009,"in_reply_to_status_id_str":"819456655943467009","in_reply_to_user_id":72872860,"in_reply_to_user_id_str":"72872860","in_reply_to_screen_name":"sportchippers","user":{"id":1924434968,"id_str":"1924434968","name":"Tim","screen_name":"mrcuthers","location":"Nottingham","description":"Notts County, horse racing and stuff about interesting things.","url":null,"entities":{"description":{"urls":[]}},"protected":false,"followers_count":269,"friends_count":154,"listed_count":6,"created_at":"Tue Oct 01 19:46:04 +0000 2013","favourites_count":4369,"utc_offset":null,"time_zone":null,"geo_enabled":false,"verified":false,"statuses_count":10119,"lang":"en","contributors_enabled":false,"is_translator":false,"is_translation_enabled":false,"profile_background_color":"C0DEED","profile_background_image_url":"http:\/\/abs.twimg.com\/images\/themes\/theme1\/bg.png","profile_background_image_url_https":"https:\/\/abs.twimg.com\/images\/themes\/theme1\/bg.png","profile_background_tile":false,"profile_image_url":"http:\/\/pbs.twimg.com\/profile_images\/663277593878265856\/GyGyT2zE_normal.jpg","profile_image_url_https":"https:\/\/pbs.twimg.com\/profile_images\/663277593878265856\/GyGyT2zE_normal.jpg","profile_banner_url":"https:\/\/pbs.twimg.com\/profile_banners\/1924434968\/1472820488","profile_link_color":"1DA1F2","profile_sidebar_border_color":"C0DEED","profile_sidebar_fill_color":"DDEEF6","profile_text_color":"333333","profile_use_background_image":true,"has_extended_profile":false,"default_profile":true,"default_profile_image":false,"following":false,"follow_request_sent":false,"notifications":false,"translator_type":"none"},"geo":null,"coordinates":null,"place":null,"contributors":null,"is_quote_status":false,"retweet_count":0,"favorite_count":1,"favorited":false,"retweeted":false,"lang":"en"}
