{"created_at":"Thu Jan 12 08:13:02 +0000 2017","id":819457141727789056,"id_str":"819457141727789056","text":"@ashleighdarrell \ud83d\ude02\ud83d\ude02 too long to wait looks like I've have to plan something spectacular","truncated":false,"entities":{"hashtags":[],"symbols":[],"user_mentions":[{"screen_name":"ashleighdarrell","name":"Ashleigh Darrell","id":979245116,"id_str":"979245116","indices":[0,16]}],"urls":[]},"source":"\u003ca href=\"http:\/\/twitter.com\/download\/iphone\" rel=\"nofollow\"\u003eTwitter for iPhone\u003c\/a\u003e","in_reply_to_status_id":819455908749201408,"in_reply_to_status_id_str":"819455908749201408","in_reply_to_user_id":979245116,"in_reply_to_user_id_str":"979245116","in_reply_to_screen_name":"ashleighdarrell","user":{"id":633194854,"id_str":"633194854","name":"Lucy Hill","screen_name":"lucygraham_12","location":"","description":"","url":null,"entities":{"description":{"urls":[]}},"protected":false,"followers_count":250,"friends_count":201,"listed_count":1,"created_at":"Wed Jul 11 20:26:18 +0000 2012","favourites_count":1768,"utc_offset":null,"time_zone":null,"geo_enabled":true,"verified":false,"statuses_count":8378,"lang":"en","contributors_enabled":false,"is_translator":false,"is_translation_enabled":false,"profile_background_color":"D151AF","profile_background_image_url":"http:\/\/pbs.twimg.com\/profile_background_images\/601945359\/hg7o1hjjjysibjdr8ifs.jpeg","profile_background_image_url_https":"https:\/\/pbs.twimg.com\/profile_background_images\/601945359\/hg7o1hjjjysibjdr8ifs.jpeg","profile_background_tile":false,"profile_image_url":"http:\/\/pbs.twimg.com\/profile_images\/818439667263610880\/TRKh6kDx_normal.jpg","profile_image_url_https":"https:\/\/pbs.twimg.com\/profile_images\/818439667263610880\/TRKh6kDx_normal.jpg","profile_banner_url":"https:\/\/pbs.twimg.com\/profile_banners\/633194854\/1474807727","profile_link_color":"E31D55","profile_sidebar_border_color":"C0DEED","profile_sidebar_fill_color":"DDEEF6","profile_text_color":"333333","profile_use_background_image":true,"has_extended_profile":true,"default_profile":false,"default_profile_image":false,"following":false,"follow_request_sent":false,"notifications":false,"translator_type":"none"},"geo":null,"coordinates":null,"place":{"id":"508f122a15cfa5d4","url":"https:\/\/api.twitter.com\/1.1\/geo\/id\/508f122a15cfa5d4.json","place_type":"city","name":"Wolverhampton","full_name":"Wolverhampton, England","country_code":"GB","country":"United Kingdom","contained_within":[],"bounding_box":{"type":"Polygon","coordinates":[[[-2.206829,52.543947],[-2.089101,52.543947],[-2.089101,52.616322],[-2.206829,52.616322]]]},"attributes":{}},"contributors":null,"is_quote_status":false,"retweet_count":0,"favorite_count":0,"favorited":false,"retweeted":false,"lang":"en"}
