{"created_at":"Thu Jan 12 08:13:06 +0000 2017","id":819457159226396673,"id_str":"819457159226396673","text":"i'm not complaining, but why did the goat simulator app just appear on my phone??","truncated":false,"entities":{"hashtags":[],"symbols":[],"user_mentions":[],"urls":[]},"source":"\u003ca href=\"http:\/\/twitter.com\/download\/iphone\" rel=\"nofollow\"\u003eTwitter for iPhone\u003c\/a\u003e","in_reply_to_status_id":null,"in_reply_to_status_id_str":null,"in_reply_to_user_id":null,"in_reply_to_user_id_str":null,"in_reply_to_screen_name":null,"user":{"id":2522081853,"id_str":"2522081853","name":"MikBee","screen_name":"mikybank","location":"","description":"Due to badly written tvshows, the subject is to be handled with care.","url":"https:\/\/t.co\/2a7anV64PZ","entities":{"url":{"urls":[{"url":"https:\/\/t.co\/2a7anV64PZ","expanded_url":"http:\/\/myemptypiggybank.tumblr.com","display_url":"myemptypiggybank.tumblr.com","indices":[0,23]}]},"description":{"urls":[]}},"protected":false,"followers_count":3,"friends_count":46,"listed_count":0,"created_at":"Thu May 01 22:37:43 +0000 2014","favourites_count":105,"utc_offset":null,"time_zone":null,"geo_enabled":false,"verified":false,"statuses_count":225,"lang":"en","contributors_enabled":false,"is_translator":false,"is_translation_enabled":false,"profile_background_color":"C0DEED","profile_background_image_url":"http:\/\/abs.twimg.com\/images\/themes\/theme1\/bg.png","profile_background_image_url_https":"https:\/\/abs.twimg.com\/images\/themes\/theme1\/bg.png","profile_background_tile":false,"profile_image_url":"http:\/\/pbs.twimg.com\/profile_images\/773614708272300033\/yq1PZRIw_normal.jpg","profile_image_url_https":"https:\/\/pbs.twimg.com\/profile_images\/773614708272300033\/yq1PZRIw_normal.jpg","profile_banner_url":"https:\/\/pbs.twimg.com\/profile_banners\/2522081853\/1472761362","profile_link_color":"1DA1F2","profile_sidebar_border_color":"C0DEED","profile_sidebar_fill_color":"DDEEF6","profile_text_color":"333333","profile_use_background_image":true,"has_extended_profile":true,"default_profile":true,"default_profile_image":false,"following":false,"follow_request_sent":false,"notifications":false,"translator_type":"none"},"geo":null,"coordinates":null,"place":null,"contributors":null,"is_quote_status":false,"retweet_count":0,"favorite_count":0,"favorited":false,"retweeted":false,"lang":"en"}
