{"created_at":"Thu Jan 12 08:13:06 +0000 2017","id":819457159683604480,"id_str":"819457159683604480","text":"I just posted a couple links, I will look the other way and pretend you been following for years. Now get too downloading.","truncated":false,"entities":{"hashtags":[],"symbols":[],"user_mentions":[],"urls":[]},"source":"\u003ca href=\"http:\/\/www.facebook.com\/twitter\" rel=\"nofollow\"\u003eFacebook\u003c\/a\u003e","in_reply_to_status_id":null,"in_reply_to_status_id_str":null,"in_reply_to_user_id":null,"in_reply_to_user_id_str":null,"in_reply_to_screen_name":null,"user":{"id":1363389511,"id_str":"1363389511","name":"#BossMajor","screen_name":"Iam_teezynator","location":"Rustenburg - Phokeng","description":"#Tempo #Shade #IAMNOTMYHAIR EP #BossMajor #20cementing #IAMNEXT","url":"https:\/\/t.co\/ZL53gb3s0T","entities":{"url":{"urls":[{"url":"https:\/\/t.co\/ZL53gb3s0T","expanded_url":"http:\/\/www.iamteezynator.wordpress.com","display_url":"iamteezynator.wordpress.com","indices":[0,23]}]},"description":{"urls":[]}},"protected":false,"followers_count":781,"friends_count":2748,"listed_count":9,"created_at":"Fri Apr 19 02:15:08 +0000 2013","favourites_count":140,"utc_offset":-3600,"time_zone":"Azores","geo_enabled":false,"verified":false,"statuses_count":11833,"lang":"en","contributors_enabled":false,"is_translator":false,"is_translation_enabled":false,"profile_background_color":"000000","profile_background_image_url":"http:\/\/abs.twimg.com\/images\/themes\/theme1\/bg.png","profile_background_image_url_https":"https:\/\/abs.twimg.com\/images\/themes\/theme1\/bg.png","profile_background_tile":false,"profile_image_url":"http:\/\/pbs.twimg.com\/profile_images\/803710447866286081\/jRjjp4Fl_normal.jpg","profile_image_url_https":"https:\/\/pbs.twimg.com\/profile_images\/803710447866286081\/jRjjp4Fl_normal.jpg","profile_banner_url":"https:\/\/pbs.twimg.com\/profile_banners\/1363389511\/1481048369","profile_link_color":"E81C4F","profile_sidebar_border_color":"000000","profile_sidebar_fill_color":"000000","profile_text_color":"000000","profile_use_background_image":false,"has_extended_profile":true,"default_profile":false,"default_profile_image":false,"following":false,"follow_request_sent":false,"notifications":false,"translator_type":"none"},"geo":null,"coordinates":null,"place":null,"contributors":null,"is_quote_status":false,"retweet_count":0,"favorite_count":0,"favorited":false,"retweeted":false,"lang":"en"}
