{"created_at":"Thu Jan 12 08:13:04 +0000 2017","id":819457153492783104,"id_str":"819457153492783104","text":"Good news @jakeoti! I got tonight off, so I'll he here to full absorb the Switch presentation into my HEART.","truncated":false,"entities":{"hashtags":[],"symbols":[],"user_mentions":[{"screen_name":"jakeoti","name":"Jakeoti","id":1601393774,"id_str":"1601393774","indices":[10,18]}],"urls":[]},"source":"\u003ca href=\"http:\/\/twitter.com\/download\/android\" rel=\"nofollow\"\u003eTwitter for Android\u003c\/a\u003e","in_reply_to_status_id":null,"in_reply_to_status_id_str":null,"in_reply_to_user_id":null,"in_reply_to_user_id_str":null,"in_reply_to_screen_name":null,"user":{"id":196380529,"id_str":"196380529","name":"Cassius","screen_name":"CaiusTSR","location":"Atlantis","description":"I say crazy things about everything on the internet. Writer, video\/podcast editor and producer. I do VO and they call me the Taken King. My views are my own.","url":"https:\/\/t.co\/Yi6fXVTq85","entities":{"url":{"urls":[{"url":"https:\/\/t.co\/Yi6fXVTq85","expanded_url":"https:\/\/www.youtube.com\/channel\/UCKBisoYOigYpxduK-hrR-sQ","display_url":"youtube.com\/channel\/UCKBis\u2026","indices":[0,23]}]},"description":{"urls":[]}},"protected":false,"followers_count":85,"friends_count":302,"listed_count":19,"created_at":"Wed Sep 29 00:09:44 +0000 2010","favourites_count":1000,"utc_offset":-18000,"time_zone":"Eastern Time (US & Canada)","geo_enabled":false,"verified":false,"statuses_count":70427,"lang":"en","contributors_enabled":false,"is_translator":false,"is_translation_enabled":false,"profile_background_color":"ACDED6","profile_background_image_url":"http:\/\/abs.twimg.com\/images\/themes\/theme18\/bg.gif","profile_background_image_url_https":"https:\/\/abs.twimg.com\/images\/themes\/theme18\/bg.gif","profile_background_tile":false,"profile_image_url":"http:\/\/pbs.twimg.com\/profile_images\/790586390736240640\/jIKl1QEc_normal.jpg","profile_image_url_https":"https:\/\/pbs.twimg.com\/profile_images\/790586390736240640\/jIKl1QEc_normal.jpg","profile_banner_url":"https:\/\/pbs.twimg.com\/profile_banners\/196380529\/1452702410","profile_link_color":"038543","profile_sidebar_border_color":"EEEEEE","profile_sidebar_fill_color":"F6F6F6","profile_text_color":"333333","profile_use_background_image":true,"has_extended_profile":true,"default_profile":false,"default_profile_image":false,"following":false,"follow_request_sent":false,"notifications":false,"translator_type":"none"},"geo":null,"coordinates":null,"place":null,"contributors":null,"is_quote_status":false,"retweet_count":0,"favorite_count":0,"favorited":false,"retweeted":false,"lang":"en"}
