{"created_at":"Thu Jan 12 08:13:03 +0000 2017","id":819457147616526336,"id_str":"819457147616526336","text":"@lunacyside \u306a\u2026\u306a\u306b\u3092\u2026\u3002","truncated":false,"entities":{"hashtags":[],"symbols":[],"user_mentions":[{"screen_name":"lunacyside","name":"\u4e00\u6816","id":308536415,"id_str":"308536415","indices":[0,11]}],"urls":[]},"source":"\u003ca href=\"http:\/\/twittbot.net\/\" rel=\"nofollow\"\u003etwittbot,net\u003c\/a\u003e","in_reply_to_status_id":819456779582980096,"in_reply_to_status_id_str":"819456779582980096","in_reply_to_user_id":308536415,"in_reply_to_user_id_str":"308536415","in_reply_to_screen_name":"lunacyside","user":{"id":193642811,"id_str":"193642811","name":"\u77f3\u7530\u96e8\u7adc","screen_name":"uryu_i_bot","location":"\u7a7a\u5ea7\u7b2c\u4e00\u9ad8\u7b49\u5b66\u6821","description":"\u50d5\u306f\u6ec5\u5374\u5e2b\u30fb\u77f3\u7530\u96e8\u7adc\u3060\u3002\u306e\u3093\u3073\u308a\u3068\u3064\u3076\u3084\u3044\u3066\u3044\u304f\u3064\u3082\u308a\u3060\u3088\u3002\u53cd\u5fdc\u8a9e\u53e5\u306f\u307e\u3060\u307e\u3060\u5c11\u306a\u3044\u3051\u3069\u7686\u304c\u8a71\u3057\u304b\u3051\u3066\u304f\u308c\u308c\u3070\u305d\u308c\u306b\u5fdc\u3058\u3066\u5897\u3048\u3066\u3044\u304f\u3093\u3058\u3083\u306a\u3044\u304b\u306a\u3002\u3042\u3001\u50d5\u304c\u3064\u3076\u3084\u3044\u3066\u3044\u308b\u5185\u5bb9\u306f\u975e\u516c\u5f0f\u3060\u304b\u3089\u306d\u3002\u305d\u3053\u306e\u3068\u3053\u308d\u3001\u3088\u308d\u3057\u304f\u304a\u9858\u3044\u3057\u307e\u3059\u3002","url":"http:\/\/t.co\/ohzhW9IQVW","entities":{"url":{"urls":[{"url":"http:\/\/t.co\/ohzhW9IQVW","expanded_url":"http:\/\/konuryu.blog89.fc2.com\/","display_url":"konuryu.blog89.fc2.com","indices":[0,22]}]},"description":{"urls":[]}},"protected":false,"followers_count":1810,"friends_count":1345,"listed_count":51,"created_at":"Wed Sep 22 10:25:15 +0000 2010","favourites_count":13,"utc_offset":null,"time_zone":null,"geo_enabled":false,"verified":false,"statuses_count":696164,"lang":"ja","contributors_enabled":false,"is_translator":false,"is_translation_enabled":false,"profile_background_color":"C0DEED","profile_background_image_url":"http:\/\/abs.twimg.com\/images\/themes\/theme1\/bg.png","profile_background_image_url_https":"https:\/\/abs.twimg.com\/images\/themes\/theme1\/bg.png","profile_background_tile":false,"profile_image_url":"http:\/\/pbs.twimg.com\/profile_images\/1156391868\/ishida_normal.jpg","profile_image_url_https":"https:\/\/pbs.twimg.com\/profile_images\/1156391868\/ishida_normal.jpg","profile_link_color":"1DA1F2","profile_sidebar_border_color":"C0DEED","profile_sidebar_fill_color":"DDEEF6","profile_text_color":"333333","profile_use_background_image":true,"has_extended_profile":false,"default_profile":true,"default_profile_image":false,"following":false,"follow_request_sent":false,"notifications":false,"translator_type":"none"},"geo":null,"coordinates":null,"place":null,"contributors":null,"is_quote_status":false,"retweet_count":0,"favorite_count":0,"favorited":false,"retweeted":false,"lang":"ja"}
