{"created_at":"Thu Jan 12 08:13:06 +0000 2017","id":819457161189294081,"id_str":"819457161189294081","text":"Christmas tweet I missed\ud83c\udf84 https:\/\/t.co\/sEgNhw5RDr","truncated":false,"entities":{"hashtags":[],"symbols":[],"user_mentions":[],"urls":[{"url":"https:\/\/t.co\/sEgNhw5RDr","expanded_url":"https:\/\/twitter.com\/savagebiden\/status\/813205921006579713","display_url":"twitter.com\/savagebiden\/st\u2026","indices":[26,49]}]},"source":"\u003ca href=\"http:\/\/twitter.com\/download\/iphone\" rel=\"nofollow\"\u003eTwitter for iPhone\u003c\/a\u003e","in_reply_to_status_id":null,"in_reply_to_status_id_str":null,"in_reply_to_user_id":null,"in_reply_to_user_id_str":null,"in_reply_to_screen_name":null,"user":{"id":226838632,"id_str":"226838632","name":"\ud83d\udc8eBridget Anne\ud83d\udc8e","screen_name":"macushla7","location":"","description":"Jewish-Irish, dont get mad, give guilt. Retired glamourpuss Political wonkette Baseball ovr football #BLM #AlwaysWithHer #ReProRights #LBGT #JewishResistance","url":"https:\/\/t.co\/t3WPVPwH4Q","entities":{"url":{"urls":[{"url":"https:\/\/t.co\/t3WPVPwH4Q","expanded_url":"http:\/\/www.facebook.com","display_url":"facebook.com","indices":[0,23]}]},"description":{"urls":[]}},"protected":false,"followers_count":2223,"friends_count":573,"listed_count":63,"created_at":"Wed Dec 15 06:08:19 +0000 2010","favourites_count":202291,"utc_offset":-39600,"time_zone":"International Date Line West","geo_enabled":false,"verified":false,"statuses_count":38526,"lang":"en","contributors_enabled":false,"is_translator":false,"is_translation_enabled":false,"profile_background_color":"FFFFFF","profile_background_image_url":"http:\/\/pbs.twimg.com\/profile_background_images\/425030489\/xc222ba132ff99663c6ad8eee832619e.jpg","profile_background_image_url_https":"https:\/\/pbs.twimg.com\/profile_background_images\/425030489\/xc222ba132ff99663c6ad8eee832619e.jpg","profile_background_tile":false,"profile_image_url":"http:\/\/pbs.twimg.com\/profile_images\/701180132736765952\/haMkyhw7_normal.jpg","profile_image_url_https":"https:\/\/pbs.twimg.com\/profile_images\/701180132736765952\/haMkyhw7_normal.jpg","profile_banner_url":"https:\/\/pbs.twimg.com\/profile_banners\/226838632\/1364445291","profile_link_color":"2891E2","profile_sidebar_border_color":"BABAB2","profile_sidebar_fill_color":"BABAB2","profile_text_color":"47484D","profile_use_background_image":true,"has_extended_profile":false,"default_profile":false,"default_profile_image":false,"following":false,"follow_request_sent":false,"notifications":false,"translator_type":"none"},"geo":null,"coordinates":null,"place":null,"contributors":null,"is_quote_status":true,"quoted_status_id":813205921006579713,"quoted_status_id_str":"813205921006579713","quoted_status":{"created_at":"Mon Dec 26 02:12:54 +0000 2016","id":813205921006579713,"id_str":"813205921006579713","text":"Biden: No, you listen to me Santa. NORAD is tracking you, either you put coal in Trump's stocking or we scramble F-\u2026 https:\/\/t.co\/e7e9PwnlCX","truncated":true,"entities":{"hashtags":[],"symbols":[],"user_mentions":[],"urls":[{"url":"https:\/\/t.co\/e7e9PwnlCX","expanded_url":"https:\/\/twitter.com\/i\/web\/status\/813205921006579713","display_url":"twitter.com\/i\/web\/status\/8\u2026","indices":[117,140]}]},"source":"\u003ca href=\"http:\/\/twitter.com\/download\/iphone\" rel=\"nofollow\"\u003eTwitter for iPhone\u003c\/a\u003e","in_reply_to_status_id":null,"in_reply_to_status_id_str":null,"in_reply_to_user_id":null,"in_reply_to_user_id_str":null,"in_reply_to_screen_name":null,"user":{"id":2800971444,"id_str":"2800971444","name":"Savage Biden","screen_name":"SavageBiden","location":"Shop \u27a1\ufe0f","description":"Part Time VP, Full Time Savage *We do not own any content posted* This is a parody account. Submissions are welcome! FREE Shipping at @FashionUndCo","url":"https:\/\/t.co\/Uz4qnoPZ4H","entities":{"url":{"urls":[{"url":"https:\/\/t.co\/Uz4qnoPZ4H","expanded_url":"http:\/\/www.FashionUnderground.co","display_url":"FashionUnderground.co","indices":[0,23]}]},"description":{"urls":[]}},"protected":false,"followers_count":267467,"friends_count":94,"listed_count":94,"created_at":"Wed Sep 10 03:16:29 +0000 2014","favourites_count":18,"utc_offset":-21600,"time_zone":"Central Time (US & Canada)","geo_enabled":false,"verified":false,"statuses_count":172,"lang":"en","contributors_enabled":false,"is_translator":false,"is_translation_enabled":false,"profile_background_color":"EDECE9","profile_background_image_url":"http:\/\/abs.twimg.com\/images\/themes\/theme3\/bg.gif","profile_background_image_url_https":"https:\/\/abs.twimg.com\/images\/themes\/theme3\/bg.gif","profile_background_tile":false,"profile_image_url":"http:\/\/pbs.twimg.com\/profile_images\/798590474370117632\/Nw9fctPH_normal.jpg","profile_image_url_https":"https:\/\/pbs.twimg.com\/profile_images\/798590474370117632\/Nw9fctPH_normal.jpg","profile_banner_url":"https:\/\/pbs.twimg.com\/profile_banners\/2800971444\/1484335307","profile_link_color":"088253","profile_sidebar_border_color":"D3D2CF","profile_sidebar_fill_color":"E3E2DE","profile_text_color":"634047","profile_use_background_image":true,"has_extended_profile":false,"default_profile":false,"default_profile_image":false,"following":false,"follow_request_sent":false,"notifications":false,"translator_type":"none"},"geo":null,"coordinates":null,"place":null,"contributors":null,"is_quote_status":false,"retweet_count":1395,"favorite_count":3666,"favorited":false,"retweeted":false,"possibly_sensitive":false,"possibly_sensitive_appealable":false,"lang":"en"},"retweet_count":1,"favorite_count":2,"favorited":false,"retweeted":false,"possibly_sensitive":false,"possibly_sensitive_appealable":false,"lang":"en"}
