{"created_at":"Thu Jan 12 08:13:05 +0000 2017","id":819457154457464833,"id_str":"819457154457464833","text":"\u0627\u0644\u0644\u0647\u0645 \u0625\u0646\u064a \u0623\u0639\u0648\u0630 \u0628\u0643 \u0645\u0646 \u0627\u0644\u0647\u0645 \u0648\u0627\u0644\u062d\u0632\u0646 \u0648\u0627\u0644\u0639\u062c\u0632 \u0648\u0627\u0644\u0643\u0633\u0644 \u0648\u0627\u0644\u0628\u062e\u0644 \u0648\u0627\u0644\u062c\u0628\u0646 \u0648\u0636\u0644\u0639 \u0627\u0644\u062f\u064a\u0646 \u0648\u063a\u0644\u0628\u0629 \u0627\u0644\u0631\u062c\u0627\u0644 https:\/\/t.co\/djUxgADdvO","truncated":false,"entities":{"hashtags":[],"symbols":[],"user_mentions":[],"urls":[{"url":"https:\/\/t.co\/djUxgADdvO","expanded_url":"http:\/\/du3a.org","display_url":"du3a.org","indices":[85,108]}]},"source":"\u003ca href=\"http:\/\/du3a.org\" rel=\"nofollow\"\u003e\u062a\u0637\u0628\u064a\u0642 \u062f\u0639\u0640\u0640\u0640\u0640\u0640\u0640\u0640\u0640\u0640\u0640\u0640\u0627\u0621\u003c\/a\u003e","in_reply_to_status_id":null,"in_reply_to_status_id_str":null,"in_reply_to_user_id":null,"in_reply_to_user_id_str":null,"in_reply_to_screen_name":null,"user":{"id":3267216613,"id_str":"3267216613","name":"Bas711","screen_name":"OUf1n7BJb3m99iA","location":"","description":"","url":null,"entities":{"description":{"urls":[]}},"protected":false,"followers_count":246,"friends_count":523,"listed_count":0,"created_at":"Fri Jul 03 14:38:06 +0000 2015","favourites_count":0,"utc_offset":null,"time_zone":null,"geo_enabled":true,"verified":false,"statuses_count":6783,"lang":"en","contributors_enabled":false,"is_translator":false,"is_translation_enabled":false,"profile_background_color":"C0DEED","profile_background_image_url":"http:\/\/abs.twimg.com\/images\/themes\/theme1\/bg.png","profile_background_image_url_https":"https:\/\/abs.twimg.com\/images\/themes\/theme1\/bg.png","profile_background_tile":false,"profile_image_url":"http:\/\/pbs.twimg.com\/profile_images\/714595473093488640\/TeWWqJtk_normal.jpg","profile_image_url_https":"https:\/\/pbs.twimg.com\/profile_images\/714595473093488640\/TeWWqJtk_normal.jpg","profile_banner_url":"https:\/\/pbs.twimg.com\/profile_banners\/3267216613\/1459207810","profile_link_color":"1DA1F2","profile_sidebar_border_color":"C0DEED","profile_sidebar_fill_color":"DDEEF6","profile_text_color":"333333","profile_use_background_image":true,"has_extended_profile":false,"default_profile":true,"default_profile_image":false,"following":false,"follow_request_sent":false,"notifications":false,"translator_type":"none"},"geo":null,"coordinates":null,"place":null,"contributors":null,"is_quote_status":false,"retweet_count":0,"favorite_count":0,"favorited":false,"retweeted":false,"possibly_sensitive":false,"possibly_sensitive_appealable":false,"lang":"ar"}
