{"created_at":"Thu Jan 12 08:13:04 +0000 2017","id":819457151068409856,"id_str":"819457151068409856","text":"Hold it down in Heaven till I get there.","truncated":false,"entities":{"hashtags":[],"symbols":[],"user_mentions":[],"urls":[]},"source":"\u003ca href=\"http:\/\/twitter.com\/download\/android\" rel=\"nofollow\"\u003eTwitter for Android\u003c\/a\u003e","in_reply_to_status_id":null,"in_reply_to_status_id_str":null,"in_reply_to_user_id":null,"in_reply_to_user_id_str":null,"in_reply_to_screen_name":null,"user":{"id":261487164,"id_str":"261487164","name":"Kenny White","screen_name":"K_NotWhite","location":"Lincolnton","description":"All I tweet about is NC State basketball, Cowboys football, and song lyrics\n\n SC: Ken_white","url":null,"entities":{"description":{"urls":[]}},"protected":false,"followers_count":664,"friends_count":398,"listed_count":0,"created_at":"Sun Mar 06 02:08:12 +0000 2011","favourites_count":81,"utc_offset":-18000,"time_zone":"Eastern Time (US & Canada)","geo_enabled":true,"verified":false,"statuses_count":55896,"lang":"en","contributors_enabled":false,"is_translator":false,"is_translation_enabled":false,"profile_background_color":"000000","profile_background_image_url":"http:\/\/pbs.twimg.com\/profile_background_images\/546154989\/2pac.jpg","profile_background_image_url_https":"https:\/\/pbs.twimg.com\/profile_background_images\/546154989\/2pac.jpg","profile_background_tile":false,"profile_image_url":"http:\/\/pbs.twimg.com\/profile_images\/812250049749155840\/ZJS0CN6o_normal.jpg","profile_image_url_https":"https:\/\/pbs.twimg.com\/profile_images\/812250049749155840\/ZJS0CN6o_normal.jpg","profile_banner_url":"https:\/\/pbs.twimg.com\/profile_banners\/261487164\/1469416703","profile_link_color":"D90B0B","profile_sidebar_border_color":"000000","profile_sidebar_fill_color":"FFFFFF","profile_text_color":"2E2E2E","profile_use_background_image":true,"has_extended_profile":true,"default_profile":false,"default_profile_image":false,"following":false,"follow_request_sent":false,"notifications":false,"translator_type":"none"},"geo":null,"coordinates":null,"place":null,"contributors":null,"is_quote_status":false,"retweet_count":0,"favorite_count":8,"favorited":false,"retweeted":false,"lang":"en"}
