{"created_at":"Thu Jan 12 08:13:02 +0000 2017","id":819457145485873153,"id_str":"819457145485873153","text":"i hate when girls tell their boyfriends theyre not allowed to speak to any girls.. like stfu he has the right to talk to whoever tf he wants","truncated":false,"entities":{"hashtags":[],"symbols":[],"user_mentions":[],"urls":[]},"source":"\u003ca href=\"http:\/\/twitter.com\/download\/iphone\" rel=\"nofollow\"\u003eTwitter for iPhone\u003c\/a\u003e","in_reply_to_status_id":null,"in_reply_to_status_id_str":null,"in_reply_to_user_id":null,"in_reply_to_user_id_str":null,"in_reply_to_screen_name":null,"user":{"id":2215999877,"id_str":"2215999877","name":"hayley\u2605","screen_name":"suicidalkookie","location":"michael cliffords dick","description":"i have a daddy kink\ud83d\udca6","url":"https:\/\/t.co\/7U5ECYUYcE","entities":{"url":{"urls":[{"url":"https:\/\/t.co\/7U5ECYUYcE","expanded_url":"http:\/\/thewalkingtornado.tumblr.com\/","display_url":"thewalkingtornado.tumblr.com","indices":[0,23]}]},"description":{"urls":[]}},"protected":false,"followers_count":1039,"friends_count":43,"listed_count":11,"created_at":"Mon Dec 09 16:36:18 +0000 2013","favourites_count":36106,"utc_offset":0,"time_zone":"London","geo_enabled":true,"verified":false,"statuses_count":12726,"lang":"en","contributors_enabled":false,"is_translator":false,"is_translation_enabled":false,"profile_background_color":"FFFFFF","profile_background_image_url":"http:\/\/pbs.twimg.com\/profile_background_images\/763043974374318081\/RZr35yAC.jpg","profile_background_image_url_https":"https:\/\/pbs.twimg.com\/profile_background_images\/763043974374318081\/RZr35yAC.jpg","profile_background_tile":false,"profile_image_url":"http:\/\/pbs.twimg.com\/profile_images\/817789641050955776\/Sr2cV32O_normal.jpg","profile_image_url_https":"https:\/\/pbs.twimg.com\/profile_images\/817789641050955776\/Sr2cV32O_normal.jpg","profile_banner_url":"https:\/\/pbs.twimg.com\/profile_banners\/2215999877\/1481922367","profile_link_color":"000000","profile_sidebar_border_color":"FFFFFF","profile_sidebar_fill_color":"DDEEF6","profile_text_color":"333333","profile_use_background_image":true,"has_extended_profile":true,"default_profile":false,"default_profile_image":false,"following":false,"follow_request_sent":false,"notifications":false,"translator_type":"none"},"geo":null,"coordinates":null,"place":null,"contributors":null,"is_quote_status":false,"retweet_count":0,"favorite_count":2,"favorited":false,"retweeted":false,"lang":"en"}
