{"created_at":"Thu Jan 12 08:13:04 +0000 2017","id":819457151517265920,"id_str":"819457151517265920","text":"I Moved To China For Nigeria Not For Money \u2013 Mikel\u00a0Obi https:\/\/t.co\/9ykivBa6vk https:\/\/t.co\/CZhC96tqgW","truncated":false,"entities":{"hashtags":[],"symbols":[],"user_mentions":[],"urls":[{"url":"https:\/\/t.co\/9ykivBa6vk","expanded_url":"http:\/\/gidibest.com.ng\/2017\/01\/i-moved-to-china-for-nigeria-not-for-money-mikel-obi\/","display_url":"gidibest.com.ng\/2017\/01\/i-move\u2026","indices":[55,78]}],"media":[{"id":819457149214474241,"id_str":"819457149214474241","indices":[79,102],"media_url":"http:\/\/pbs.twimg.com\/media\/C19L73-VQAEbpHi.jpg","media_url_https":"https:\/\/pbs.twimg.com\/media\/C19L73-VQAEbpHi.jpg","url":"https:\/\/t.co\/CZhC96tqgW","display_url":"pic.twitter.com\/CZhC96tqgW","expanded_url":"https:\/\/twitter.com\/Timmy96Oparinde\/status\/819457151517265920\/photo\/1","type":"photo","sizes":{"large":{"w":280,"h":210,"resize":"fit"},"thumb":{"w":150,"h":150,"resize":"crop"},"medium":{"w":280,"h":210,"resize":"fit"},"small":{"w":280,"h":210,"resize":"fit"}}}]},"extended_entities":{"media":[{"id":819457149214474241,"id_str":"819457149214474241","indices":[79,102],"media_url":"http:\/\/pbs.twimg.com\/media\/C19L73-VQAEbpHi.jpg","media_url_https":"https:\/\/pbs.twimg.com\/media\/C19L73-VQAEbpHi.jpg","url":"https:\/\/t.co\/CZhC96tqgW","display_url":"pic.twitter.com\/CZhC96tqgW","expanded_url":"https:\/\/twitter.com\/Timmy96Oparinde\/status\/819457151517265920\/photo\/1","type":"photo","sizes":{"large":{"w":280,"h":210,"resize":"fit"},"thumb":{"w":150,"h":150,"resize":"crop"},"medium":{"w":280,"h":210,"resize":"fit"},"small":{"w":280,"h":210,"resize":"fit"}}}]},"source":"\u003ca href=\"http:\/\/publicize.wp.com\/\" rel=\"nofollow\"\u003eWordPress.com\u003c\/a\u003e","in_reply_to_status_id":null,"in_reply_to_status_id_str":null,"in_reply_to_user_id":null,"in_reply_to_user_id_str":null,"in_reply_to_screen_name":null,"user":{"id":1532980364,"id_str":"1532980364","name":"Timi","screen_name":"Timmy96Oparinde","location":"","description":"#Team_TayoFaniran\n#Jesus\n#Writer\n#I'm the remix of Solomon, lol, I don't fornicate; I mean the wisdom aspect","url":null,"entities":{"description":{"urls":[]}},"protected":false,"followers_count":88,"friends_count":70,"listed_count":5,"created_at":"Thu Jun 20 05:56:32 +0000 2013","favourites_count":66,"utc_offset":null,"time_zone":null,"geo_enabled":false,"verified":false,"statuses_count":3559,"lang":"en","contributors_enabled":false,"is_translator":false,"is_translation_enabled":false,"profile_background_color":"C0DEED","profile_background_image_url":"http:\/\/abs.twimg.com\/images\/themes\/theme1\/bg.png","profile_background_image_url_https":"https:\/\/abs.twimg.com\/images\/themes\/theme1\/bg.png","profile_background_tile":false,"profile_image_url":"http:\/\/pbs.twimg.com\/profile_images\/736960814696046592\/FzkcqkQR_normal.jpg","profile_image_url_https":"https:\/\/pbs.twimg.com\/profile_images\/736960814696046592\/FzkcqkQR_normal.jpg","profile_banner_url":"https:\/\/pbs.twimg.com\/profile_banners\/1532980364\/1464540332","profile_link_color":"1DA1F2","profile_sidebar_border_color":"C0DEED","profile_sidebar_fill_color":"DDEEF6","profile_text_color":"333333","profile_use_background_image":true,"has_extended_profile":true,"default_profile":true,"default_profile_image":false,"following":false,"follow_request_sent":false,"notifications":false,"translator_type":"none"},"geo":null,"coordinates":null,"place":null,"contributors":null,"is_quote_status":false,"retweet_count":0,"favorite_count":0,"favorited":false,"retweeted":false,"possibly_sensitive":false,"possibly_sensitive_appealable":false,"lang":"en"}
