{"created_at":"Thu Jan 12 08:13:03 +0000 2017","id":819457146035273728,"id_str":"819457146035273728","text":"i am in love with sound and color","truncated":false,"entities":{"hashtags":[],"symbols":[],"user_mentions":[],"urls":[]},"source":"\u003ca href=\"http:\/\/twitter.com\/download\/iphone\" rel=\"nofollow\"\u003eTwitter for iPhone\u003c\/a\u003e","in_reply_to_status_id":null,"in_reply_to_status_id_str":null,"in_reply_to_user_id":null,"in_reply_to_user_id_str":null,"in_reply_to_screen_name":null,"user":{"id":194865708,"id_str":"194865708","name":"\u3164","screen_name":"1YUNGLAL","location":"Baltimore, MD","description":"it's cool, i'll do it myself.","url":"https:\/\/t.co\/X1h6JlTtNf","entities":{"url":{"urls":[{"url":"https:\/\/t.co\/X1h6JlTtNf","expanded_url":"http:\/\/WWW.SOUNDCLOUD.COM\/BILAL-MUHAMMAD-1","display_url":"SOUNDCLOUD.COM\/BILAL-MUHAMMAD\u2026","indices":[0,23]}]},"description":{"urls":[]}},"protected":false,"followers_count":3671,"friends_count":2334,"listed_count":12,"created_at":"Sat Sep 25 05:01:43 +0000 2010","favourites_count":38168,"utc_offset":-21600,"time_zone":"Central Time (US & Canada)","geo_enabled":true,"verified":false,"statuses_count":175462,"lang":"en","contributors_enabled":false,"is_translator":false,"is_translation_enabled":false,"profile_background_color":"0099B9","profile_background_image_url":"http:\/\/pbs.twimg.com\/profile_background_images\/831908532\/ec0940761b5f4c0fbe8995431478e4fd.jpeg","profile_background_image_url_https":"https:\/\/pbs.twimg.com\/profile_background_images\/831908532\/ec0940761b5f4c0fbe8995431478e4fd.jpeg","profile_background_tile":true,"profile_image_url":"http:\/\/pbs.twimg.com\/profile_images\/810728404697907201\/TBboxu34_normal.jpg","profile_image_url_https":"https:\/\/pbs.twimg.com\/profile_images\/810728404697907201\/TBboxu34_normal.jpg","profile_banner_url":"https:\/\/pbs.twimg.com\/profile_banners\/194865708\/1482127691","profile_link_color":"0099B9","profile_sidebar_border_color":"FFFFFF","profile_sidebar_fill_color":"95E8EC","profile_text_color":"3C3940","profile_use_background_image":true,"has_extended_profile":true,"default_profile":false,"default_profile_image":false,"following":false,"follow_request_sent":false,"notifications":false,"translator_type":"none"},"geo":null,"coordinates":null,"place":null,"contributors":null,"is_quote_status":false,"retweet_count":9,"favorite_count":10,"favorited":false,"retweeted":false,"lang":"en"}
