{"created_at":"Thu Jan 12 08:13:05 +0000 2017","id":819457155069857792,"id_str":"819457155069857792","text":"Her first album is so hood and I love that shit","truncated":false,"entities":{"hashtags":[],"symbols":[],"user_mentions":[],"urls":[]},"source":"\u003ca href=\"http:\/\/twitter.com\/download\/android\" rel=\"nofollow\"\u003eTwitter for Android\u003c\/a\u003e","in_reply_to_status_id":null,"in_reply_to_status_id_str":null,"in_reply_to_user_id":null,"in_reply_to_user_id_str":null,"in_reply_to_screen_name":null,"user":{"id":215380410,"id_str":"215380410","name":"Ari Di'or","screen_name":"BOOCHrockstarr","location":"Souf Cak","description":"Ariel Di'or. Mommy. Sociology. Senior. Golden Girl. Im A Celebrity.  IG:boochrockstarr \u2661 #USCA Follow my Snapchat for #StoryTimeWithBooch ---Jadore_Ariel","url":"https:\/\/t.co\/ycXmSWwHch","entities":{"url":{"urls":[{"url":"https:\/\/t.co\/ycXmSWwHch","expanded_url":"http:\/\/ask.fm\/BOOCHrockstarr","display_url":"ask.fm\/BOOCHrockstarr","indices":[0,23]}]},"description":{"urls":[]}},"protected":false,"followers_count":3036,"friends_count":2951,"listed_count":28,"created_at":"Sat Nov 13 19:40:07 +0000 2010","favourites_count":1470,"utc_offset":-18000,"time_zone":"Eastern Time (US & Canada)","geo_enabled":true,"verified":false,"statuses_count":239207,"lang":"en","contributors_enabled":false,"is_translator":false,"is_translation_enabled":false,"profile_background_color":"C0DEED","profile_background_image_url":"http:\/\/pbs.twimg.com\/profile_background_images\/791090311\/64b153d9285030e8d93d761b733539c2.jpeg","profile_background_image_url_https":"https:\/\/pbs.twimg.com\/profile_background_images\/791090311\/64b153d9285030e8d93d761b733539c2.jpeg","profile_background_tile":true,"profile_image_url":"http:\/\/pbs.twimg.com\/profile_images\/816526840802213890\/B9TJ3ZTE_normal.jpg","profile_image_url_https":"https:\/\/pbs.twimg.com\/profile_images\/816526840802213890\/B9TJ3ZTE_normal.jpg","profile_banner_url":"https:\/\/pbs.twimg.com\/profile_banners\/215380410\/1402282142","profile_link_color":"B324D6","profile_sidebar_border_color":"FFFFFF","profile_sidebar_fill_color":"582424","profile_text_color":"EE8BED","profile_use_background_image":true,"has_extended_profile":true,"default_profile":false,"default_profile_image":false,"following":false,"follow_request_sent":false,"notifications":false,"translator_type":"none"},"geo":null,"coordinates":null,"place":null,"contributors":null,"is_quote_status":false,"retweet_count":0,"favorite_count":0,"favorited":false,"retweeted":false,"lang":"en"}
