{"created_at":"Thu Jan 12 08:13:04 +0000 2017","id":819457152259686400,"id_str":"819457152259686400","text":"You can resist this Knafeh with this melted cheese . sorry i can't .\n#repost_restautant #instalebanon\u2026 https:\/\/t.co\/t6HvE0h8JQ","truncated":true,"entities":{"hashtags":[{"text":"repost_restautant","indices":[69,87]},{"text":"instalebanon","indices":[88,101]}],"symbols":[],"user_mentions":[],"urls":[{"url":"https:\/\/t.co\/t6HvE0h8JQ","expanded_url":"https:\/\/twitter.com\/i\/web\/status\/819457152259686400","display_url":"twitter.com\/i\/web\/status\/8\u2026","indices":[103,126]}]},"source":"\u003ca href=\"http:\/\/twitter.com\/download\/android\" rel=\"nofollow\"\u003eTwitter for Android\u003c\/a\u003e","in_reply_to_status_id":null,"in_reply_to_status_id_str":null,"in_reply_to_user_id":null,"in_reply_to_user_id_str":null,"in_reply_to_screen_name":null,"user":{"id":3269720460,"id_str":"3269720460","name":"Repost Restaurant","screen_name":"Repostrest","location":"Lebanon","description":"For the love of good food, \nFollow our adventure on Instagram Stories, twitter  & Snapchat!\n#repost_restaurant\n\ud83d\udce7 repostrestaurant@hotmail.com\n+9613961465","url":"https:\/\/t.co\/2snxb6sL6d","entities":{"url":{"urls":[{"url":"https:\/\/t.co\/2snxb6sL6d","expanded_url":"http:\/\/mobile.nonweiler.com\/about\/thegroup\/kastouncollins","display_url":"mobile.nonweiler.com\/about\/thegroup\u2026","indices":[0,23]}]},"description":{"urls":[]}},"protected":false,"followers_count":500,"friends_count":1078,"listed_count":35,"created_at":"Mon Jul 06 07:18:00 +0000 2015","favourites_count":5038,"utc_offset":null,"time_zone":null,"geo_enabled":false,"verified":false,"statuses_count":1993,"lang":"en","contributors_enabled":false,"is_translator":false,"is_translation_enabled":false,"profile_background_color":"C0DEED","profile_background_image_url":"http:\/\/abs.twimg.com\/images\/themes\/theme1\/bg.png","profile_background_image_url_https":"https:\/\/abs.twimg.com\/images\/themes\/theme1\/bg.png","profile_background_tile":false,"profile_image_url":"http:\/\/pbs.twimg.com\/profile_images\/816276725600550912\/C0Km-9BQ_normal.jpg","profile_image_url_https":"https:\/\/pbs.twimg.com\/profile_images\/816276725600550912\/C0Km-9BQ_normal.jpg","profile_banner_url":"https:\/\/pbs.twimg.com\/profile_banners\/3269720460\/1479623720","profile_link_color":"1DA1F2","profile_sidebar_border_color":"C0DEED","profile_sidebar_fill_color":"DDEEF6","profile_text_color":"333333","profile_use_background_image":true,"has_extended_profile":true,"default_profile":true,"default_profile_image":false,"following":false,"follow_request_sent":false,"notifications":false,"translator_type":"none"},"geo":null,"coordinates":null,"place":null,"contributors":null,"is_quote_status":false,"retweet_count":1,"favorite_count":9,"favorited":false,"retweeted":false,"possibly_sensitive":false,"possibly_sensitive_appealable":false,"lang":"en"}
