{"created_at":"Thu Jan 12 08:13:02 +0000 2017","id":819457145175277568,"id_str":"819457145175277568","text":"why am i an oppa again-","truncated":false,"entities":{"hashtags":[],"symbols":[],"user_mentions":[],"urls":[]},"source":"\u003ca href=\"http:\/\/twitter.com\/download\/android\" rel=\"nofollow\"\u003eTwitter for Android\u003c\/a\u003e","in_reply_to_status_id":null,"in_reply_to_status_id_str":null,"in_reply_to_user_id":null,"in_reply_to_user_id_str":null,"in_reply_to_screen_name":null,"user":{"id":792684700951126018,"id_str":"792684700951126018","name":"\u3164doyee","screen_name":"KDYLTB","location":"yoodaengie's tall fella \u2661 ","description":"1231 : my source of happiness, lee taeyong.","url":"https:\/\/t.co\/hI7FS3EpDP","entities":{"url":{"urls":[{"url":"https:\/\/t.co\/hI7FS3EpDP","expanded_url":"http:\/\/LATIBULE.CO\/IOI\/KDY","display_url":"LATIBULE.CO\/IOI\/KDY","indices":[0,23]}]},"description":{"urls":[]}},"protected":false,"followers_count":49,"friends_count":48,"listed_count":0,"created_at":"Sun Oct 30 11:08:54 +0000 2016","favourites_count":21,"utc_offset":-28800,"time_zone":"Pacific Time (US & Canada)","geo_enabled":false,"verified":false,"statuses_count":1605,"lang":"en","contributors_enabled":false,"is_translator":false,"is_translation_enabled":false,"profile_background_color":"000000","profile_background_image_url":"http:\/\/abs.twimg.com\/images\/themes\/theme1\/bg.png","profile_background_image_url_https":"https:\/\/abs.twimg.com\/images\/themes\/theme1\/bg.png","profile_background_tile":false,"profile_image_url":"http:\/\/pbs.twimg.com\/profile_images\/818793281328803840\/9vWqlAix_normal.jpg","profile_image_url_https":"https:\/\/pbs.twimg.com\/profile_images\/818793281328803840\/9vWqlAix_normal.jpg","profile_banner_url":"https:\/\/pbs.twimg.com\/profile_banners\/792684700951126018\/1484050532","profile_link_color":"000000","profile_sidebar_border_color":"000000","profile_sidebar_fill_color":"000000","profile_text_color":"000000","profile_use_background_image":false,"has_extended_profile":false,"default_profile":false,"default_profile_image":false,"following":false,"follow_request_sent":false,"notifications":false,"translator_type":"none"},"geo":null,"coordinates":null,"place":null,"contributors":null,"is_quote_status":false,"retweet_count":0,"favorite_count":0,"favorited":false,"retweeted":false,"lang":"en"}
