{"created_at":"Thu Jan 12 08:13:03 +0000 2017","id":819457149738872832,"id_str":"819457149738872832","text":"Jean-Pierre Elkabbach quitte Europe 1 pour rejoindre i-T\u00e9l\u00e9 https:\/\/t.co\/QHnMzuHWzr","truncated":false,"entities":{"hashtags":[],"symbols":[],"user_mentions":[],"urls":[{"url":"https:\/\/t.co\/QHnMzuHWzr","expanded_url":"http:\/\/www.francetvinfo.fr\/culture\/tv\/canal\/jean-pierre-elkabbach-quitte-europe-1-pour-rejoindre-i-tele_2012766.html","display_url":"francetvinfo.fr\/culture\/tv\/can\u2026","indices":[60,83]}]},"source":"\u003ca href=\"http:\/\/twitter.com\" rel=\"nofollow\"\u003eTwitter Web Client\u003c\/a\u003e","in_reply_to_status_id":null,"in_reply_to_status_id_str":null,"in_reply_to_user_id":null,"in_reply_to_user_id_str":null,"in_reply_to_screen_name":null,"user":{"id":2319216152,"id_str":"2319216152","name":"belaroui mohamed","screen_name":"MedBelaroui","location":"oran algerie","description":"journaliste d\u00e9mocrate, chef de rubrique r\u00e9gionale ''Le Quotidien d'Oran","url":null,"entities":{"description":{"urls":[]}},"protected":false,"followers_count":2428,"friends_count":4999,"listed_count":15,"created_at":"Thu Jan 30 16:48:06 +0000 2014","favourites_count":1950,"utc_offset":null,"time_zone":null,"geo_enabled":true,"verified":false,"statuses_count":7461,"lang":"fr","contributors_enabled":false,"is_translator":false,"is_translation_enabled":false,"profile_background_color":"C0DEED","profile_background_image_url":"http:\/\/abs.twimg.com\/images\/themes\/theme1\/bg.png","profile_background_image_url_https":"https:\/\/abs.twimg.com\/images\/themes\/theme1\/bg.png","profile_background_tile":false,"profile_image_url":"http:\/\/pbs.twimg.com\/profile_images\/633367440932540416\/6OB7aDi__normal.jpg","profile_image_url_https":"https:\/\/pbs.twimg.com\/profile_images\/633367440932540416\/6OB7aDi__normal.jpg","profile_banner_url":"https:\/\/pbs.twimg.com\/profile_banners\/2319216152\/1439841291","profile_link_color":"1DA1F2","profile_sidebar_border_color":"C0DEED","profile_sidebar_fill_color":"DDEEF6","profile_text_color":"333333","profile_use_background_image":true,"has_extended_profile":false,"default_profile":true,"default_profile_image":false,"following":false,"follow_request_sent":false,"notifications":false,"translator_type":"none"},"geo":null,"coordinates":null,"place":null,"contributors":null,"is_quote_status":false,"retweet_count":0,"favorite_count":0,"favorited":false,"retweeted":false,"possibly_sensitive":false,"possibly_sensitive_appealable":false,"lang":"fr"}
