{"created_at":"Thu Jan 12 08:13:01 +0000 2017","id":819457139466903552,"id_str":"819457139466903552","text":"Honestly, I wish my grandparents were still here. People who have grandparents are very lucky to have them\ud83d\ude14\ud83d\ude2d","truncated":false,"entities":{"hashtags":[],"symbols":[],"user_mentions":[],"urls":[]},"source":"\u003ca href=\"http:\/\/twitter.com\/download\/iphone\" rel=\"nofollow\"\u003eTwitter for iPhone\u003c\/a\u003e","in_reply_to_status_id":null,"in_reply_to_status_id_str":null,"in_reply_to_user_id":null,"in_reply_to_user_id_str":null,"in_reply_to_screen_name":null,"user":{"id":3128084143,"id_str":"3128084143","name":"M\u2022W","screen_name":"moseswiseman21","location":"Sitka, AK","description":"MEHS Sophomore| snapchat: moseswiseman|","url":null,"entities":{"description":{"urls":[]}},"protected":false,"followers_count":197,"friends_count":373,"listed_count":3,"created_at":"Wed Apr 01 21:26:05 +0000 2015","favourites_count":2790,"utc_offset":-28800,"time_zone":"Pacific Time (US & Canada)","geo_enabled":false,"verified":false,"statuses_count":1408,"lang":"en","contributors_enabled":false,"is_translator":false,"is_translation_enabled":false,"profile_background_color":"C0DEED","profile_background_image_url":"http:\/\/abs.twimg.com\/images\/themes\/theme1\/bg.png","profile_background_image_url_https":"https:\/\/abs.twimg.com\/images\/themes\/theme1\/bg.png","profile_background_tile":false,"profile_image_url":"http:\/\/pbs.twimg.com\/profile_images\/770015273919348736\/LWNyNWpk_normal.jpg","profile_image_url_https":"https:\/\/pbs.twimg.com\/profile_images\/770015273919348736\/LWNyNWpk_normal.jpg","profile_banner_url":"https:\/\/pbs.twimg.com\/profile_banners\/3128084143\/1484100927","profile_link_color":"1DA1F2","profile_sidebar_border_color":"C0DEED","profile_sidebar_fill_color":"DDEEF6","profile_text_color":"333333","profile_use_background_image":true,"has_extended_profile":true,"default_profile":true,"default_profile_image":false,"following":false,"follow_request_sent":false,"notifications":false,"translator_type":"none"},"geo":null,"coordinates":null,"place":null,"contributors":null,"is_quote_status":false,"retweet_count":0,"favorite_count":1,"favorited":false,"retweeted":false,"lang":"en"}
