{"created_at":"Thu Jan 12 08:13:04 +0000 2017","id":819457151353716736,"id_str":"819457151353716736","text":"I've now finished 4 titles of the Assassin's Creed series.. And of the 4, enjoyed AC2 more!","truncated":false,"entities":{"hashtags":[],"symbols":[],"user_mentions":[],"urls":[]},"source":"\u003ca href=\"https:\/\/mobile.twitter.com\" rel=\"nofollow\"\u003eMobile Web (M5)\u003c\/a\u003e","in_reply_to_status_id":819456721215221760,"in_reply_to_status_id_str":"819456721215221760","in_reply_to_user_id":2444510866,"in_reply_to_user_id_str":"2444510866","in_reply_to_screen_name":"Nogwandana","user":{"id":2444510866,"id_str":"2444510866","name":"Parteira","screen_name":"Nogwandana","location":"Welkom, Free State","description":"I Am Her..","url":null,"entities":{"description":{"urls":[]}},"protected":false,"followers_count":192,"friends_count":118,"listed_count":1,"created_at":"Sat Mar 29 13:05:44 +0000 2014","favourites_count":931,"utc_offset":null,"time_zone":null,"geo_enabled":false,"verified":false,"statuses_count":5906,"lang":"en","contributors_enabled":false,"is_translator":false,"is_translation_enabled":false,"profile_background_color":"C0DEED","profile_background_image_url":"http:\/\/abs.twimg.com\/images\/themes\/theme1\/bg.png","profile_background_image_url_https":"https:\/\/abs.twimg.com\/images\/themes\/theme1\/bg.png","profile_background_tile":false,"profile_image_url":"http:\/\/pbs.twimg.com\/profile_images\/815821232033660930\/ora4VFT7_normal.jpg","profile_image_url_https":"https:\/\/pbs.twimg.com\/profile_images\/815821232033660930\/ora4VFT7_normal.jpg","profile_banner_url":"https:\/\/pbs.twimg.com\/profile_banners\/2444510866\/1472822363","profile_link_color":"1DA1F2","profile_sidebar_border_color":"C0DEED","profile_sidebar_fill_color":"DDEEF6","profile_text_color":"333333","profile_use_background_image":true,"has_extended_profile":true,"default_profile":true,"default_profile_image":false,"following":false,"follow_request_sent":false,"notifications":false,"translator_type":"none"},"geo":null,"coordinates":null,"place":null,"contributors":null,"is_quote_status":false,"retweet_count":0,"favorite_count":0,"favorited":false,"retweeted":false,"lang":"en"}
