{"created_at":"Thu Jan 12 08:13:03 +0000 2017","id":819457146714787841,"id_str":"819457146714787841","text":"Wish Plymouth would get some snow, I just want to not be able to get into work \ud83d\ude12","truncated":false,"entities":{"hashtags":[],"symbols":[],"user_mentions":[],"urls":[]},"source":"\u003ca href=\"http:\/\/twitter.com\/download\/iphone\" rel=\"nofollow\"\u003eTwitter for iPhone\u003c\/a\u003e","in_reply_to_status_id":null,"in_reply_to_status_id_str":null,"in_reply_to_user_id":null,"in_reply_to_user_id_str":null,"in_reply_to_screen_name":null,"user":{"id":140964758,"id_str":"140964758","name":"Nemone West","screen_name":"nemonewest","location":"","description":"21 | Plymouth \ud83c\udf38\ud83d\udc97\ud83d\udcab","url":"https:\/\/t.co\/wrHL27fYLL","entities":{"url":{"urls":[{"url":"https:\/\/t.co\/wrHL27fYLL","expanded_url":"http:\/\/www.instagram.com\/nemonewest","display_url":"instagram.com\/nemonewest","indices":[0,23]}]},"description":{"urls":[]}},"protected":false,"followers_count":481,"friends_count":226,"listed_count":3,"created_at":"Thu May 06 20:47:20 +0000 2010","favourites_count":732,"utc_offset":0,"time_zone":"London","geo_enabled":true,"verified":false,"statuses_count":1965,"lang":"en","contributors_enabled":false,"is_translator":false,"is_translation_enabled":false,"profile_background_color":"07090B","profile_background_image_url":"http:\/\/pbs.twimg.com\/profile_background_images\/231483916\/floral.gif","profile_background_image_url_https":"https:\/\/pbs.twimg.com\/profile_background_images\/231483916\/floral.gif","profile_background_tile":true,"profile_image_url":"http:\/\/pbs.twimg.com\/profile_images\/818142981689638917\/7J2SfNs8_normal.jpg","profile_image_url_https":"https:\/\/pbs.twimg.com\/profile_images\/818142981689638917\/7J2SfNs8_normal.jpg","profile_banner_url":"https:\/\/pbs.twimg.com\/profile_banners\/140964758\/1483895463","profile_link_color":"C73762","profile_sidebar_border_color":"FFFFFF","profile_sidebar_fill_color":"649EFA","profile_text_color":"1C1F23","profile_use_background_image":false,"has_extended_profile":false,"default_profile":false,"default_profile_image":false,"following":false,"follow_request_sent":false,"notifications":false,"translator_type":"none"},"geo":null,"coordinates":null,"place":null,"contributors":null,"is_quote_status":false,"retweet_count":0,"favorite_count":4,"favorited":false,"retweeted":false,"lang":"en"}
