{"created_at":"Thu Jan 12 08:13:03 +0000 2017","id":819457148753244160,"id_str":"819457148753244160","text":"Screaming \ud83d\ude2d\ud83d\ude2d\ud83d\ude2d I'll kick his ass https:\/\/t.co\/Si4qtApmU1","truncated":false,"entities":{"hashtags":[],"symbols":[],"user_mentions":[],"urls":[{"url":"https:\/\/t.co\/Si4qtApmU1","expanded_url":"https:\/\/twitter.com\/darkside_coppo\/status\/819456677275635712","display_url":"twitter.com\/darkside_coppo\u2026","indices":[32,55]}]},"source":"\u003ca href=\"http:\/\/twitter.com\/download\/iphone\" rel=\"nofollow\"\u003eTwitter for iPhone\u003c\/a\u003e","in_reply_to_status_id":null,"in_reply_to_status_id_str":null,"in_reply_to_user_id":null,"in_reply_to_user_id_str":null,"in_reply_to_screen_name":null,"user":{"id":2258248229,"id_str":"2258248229","name":"Vixen.","screen_name":"_tayvi","location":"Miami ","description":"Latayvia$...","url":null,"entities":{"description":{"urls":[]}},"protected":false,"followers_count":1175,"friends_count":406,"listed_count":4,"created_at":"Thu Jan 02 14:33:24 +0000 2014","favourites_count":8437,"utc_offset":null,"time_zone":null,"geo_enabled":true,"verified":false,"statuses_count":35007,"lang":"en","contributors_enabled":false,"is_translator":false,"is_translation_enabled":false,"profile_background_color":"C0DEED","profile_background_image_url":"http:\/\/abs.twimg.com\/images\/themes\/theme1\/bg.png","profile_background_image_url_https":"https:\/\/abs.twimg.com\/images\/themes\/theme1\/bg.png","profile_background_tile":false,"profile_image_url":"http:\/\/pbs.twimg.com\/profile_images\/816087353366380544\/U99qMeve_normal.jpg","profile_image_url_https":"https:\/\/pbs.twimg.com\/profile_images\/816087353366380544\/U99qMeve_normal.jpg","profile_banner_url":"https:\/\/pbs.twimg.com\/profile_banners\/2258248229\/1483221010","profile_link_color":"1DA1F2","profile_sidebar_border_color":"C0DEED","profile_sidebar_fill_color":"DDEEF6","profile_text_color":"333333","profile_use_background_image":true,"has_extended_profile":true,"default_profile":true,"default_profile_image":false,"following":false,"follow_request_sent":false,"notifications":false,"translator_type":"none"},"geo":null,"coordinates":null,"place":null,"contributors":null,"is_quote_status":true,"quoted_status_id":819456677275635712,"quoted_status_id_str":"819456677275635712","quoted_status":{"created_at":"Thu Jan 12 08:11:11 +0000 2017","id":819456677275635712,"id_str":"819456677275635712","text":"Mood https:\/\/t.co\/TkvgtDKKWu","truncated":false,"entities":{"hashtags":[],"symbols":[],"user_mentions":[],"urls":[{"url":"https:\/\/t.co\/TkvgtDKKWu","expanded_url":"https:\/\/twitter.com\/miss__behaved\/status\/808090698029338624","display_url":"twitter.com\/miss__behaved\/\u2026","indices":[5,28]}]},"source":"\u003ca href=\"http:\/\/twitter.com\/download\/iphone\" rel=\"nofollow\"\u003eTwitter for iPhone\u003c\/a\u003e","in_reply_to_status_id":null,"in_reply_to_status_id_str":null,"in_reply_to_user_id":null,"in_reply_to_user_id_str":null,"in_reply_to_screen_name":null,"user":{"id":79625135,"id_str":"79625135","name":"\ud83c\udfc1TIME2EAT\ud83c\udfc1","screen_name":"DARKSIDE_COPPO","location":"#DARK$IDE ","description":"@DARKSIDEBAYBAY #TIME2EAT #DARKSIDE TO #PITTSBURGH .....DARK$IDE FNO","url":"https:\/\/t.co\/1E0iJngl0L","entities":{"url":{"urls":[{"url":"https:\/\/t.co\/1E0iJngl0L","expanded_url":"http:\/\/DARKSIDETAKEOVER.COM","display_url":"DARKSIDETAKEOVER.COM","indices":[0,23]}]},"description":{"urls":[]}},"protected":false,"followers_count":1726,"friends_count":563,"listed_count":15,"created_at":"Sun Oct 04 02:28:26 +0000 2009","favourites_count":63,"utc_offset":-18000,"time_zone":"Quito","geo_enabled":true,"verified":false,"statuses_count":277481,"lang":"en","contributors_enabled":false,"is_translator":false,"is_translation_enabled":false,"profile_background_color":"08080D","profile_background_image_url":"http:\/\/pbs.twimg.com\/profile_background_images\/102551631\/229coppo.jpg","profile_background_image_url_https":"https:\/\/pbs.twimg.com\/profile_background_images\/102551631\/229coppo.jpg","profile_background_tile":false,"profile_image_url":"http:\/\/pbs.twimg.com\/profile_images\/806909969304010752\/QuDh9m8j_normal.jpg","profile_image_url_https":"https:\/\/pbs.twimg.com\/profile_images\/806909969304010752\/QuDh9m8j_normal.jpg","profile_banner_url":"https:\/\/pbs.twimg.com\/profile_banners\/79625135\/1468523653","profile_link_color":"323638","profile_sidebar_border_color":"A8C7F7","profile_sidebar_fill_color":"C0DFEC","profile_text_color":"143D1A","profile_use_background_image":true,"has_extended_profile":false,"default_profile":false,"default_profile_image":false,"following":false,"follow_request_sent":false,"notifications":false,"translator_type":"none"},"geo":null,"coordinates":null,"place":null,"contributors":null,"is_quote_status":true,"quoted_status_id":808090698029338624,"quoted_status_id_str":"808090698029338624","retweet_count":1,"favorite_count":0,"favorited":false,"retweeted":false,"possibly_sensitive":false,"possibly_sensitive_appealable":false,"lang":"en"},"retweet_count":0,"favorite_count":0,"favorited":false,"retweeted":false,"possibly_sensitive":false,"possibly_sensitive_appealable":false,"lang":"en"}
