{"created_at":"Thu Jan 12 08:13:01 +0000 2017","id":819457140272283648,"id_str":"819457140272283648","text":"I never liked it anyway https:\/\/t.co\/7bTrApaFjd","truncated":false,"entities":{"hashtags":[],"symbols":[],"user_mentions":[],"urls":[{"url":"https:\/\/t.co\/7bTrApaFjd","expanded_url":"https:\/\/twitter.com\/mailonline\/status\/819338368404389889","display_url":"twitter.com\/mailonline\/sta\u2026","indices":[24,47]}]},"source":"\u003ca href=\"http:\/\/twitter.com\/download\/iphone\" rel=\"nofollow\"\u003eTwitter for iPhone\u003c\/a\u003e","in_reply_to_status_id":null,"in_reply_to_status_id_str":null,"in_reply_to_user_id":null,"in_reply_to_user_id_str":null,"in_reply_to_screen_name":null,"user":{"id":2758732360,"id_str":"2758732360","name":"\u0634\u0645\u0651\u0629 | Shamma","screen_name":"duh_unknown","location":"\u0627\u0644\u062c\u0632\u0627\u0626\u0631","description":"#capricorn | #nonreligious | #peacful \ud83d\udd6f\u262e","url":null,"entities":{"description":{"urls":[]}},"protected":false,"followers_count":26,"friends_count":15,"listed_count":0,"created_at":"Mon Sep 01 22:30:59 +0000 2014","favourites_count":596,"utc_offset":null,"time_zone":null,"geo_enabled":false,"verified":false,"statuses_count":200,"lang":"ar","contributors_enabled":false,"is_translator":false,"is_translation_enabled":false,"profile_background_color":"C0DEED","profile_background_image_url":"http:\/\/abs.twimg.com\/images\/themes\/theme1\/bg.png","profile_background_image_url_https":"https:\/\/abs.twimg.com\/images\/themes\/theme1\/bg.png","profile_background_tile":false,"profile_image_url":"http:\/\/pbs.twimg.com\/profile_images\/819946340436373504\/Jf0PixLw_normal.jpg","profile_image_url_https":"https:\/\/pbs.twimg.com\/profile_images\/819946340436373504\/Jf0PixLw_normal.jpg","profile_banner_url":"https:\/\/pbs.twimg.com\/profile_banners\/2758732360\/1484325486","profile_link_color":"1DA1F2","profile_sidebar_border_color":"C0DEED","profile_sidebar_fill_color":"DDEEF6","profile_text_color":"333333","profile_use_background_image":true,"has_extended_profile":true,"default_profile":true,"default_profile_image":false,"following":false,"follow_request_sent":false,"notifications":false,"translator_type":"none"},"geo":null,"coordinates":null,"place":null,"contributors":null,"is_quote_status":true,"quoted_status_id":819338368404389889,"quoted_status_id_str":"819338368404389889","quoted_status":{"created_at":"Thu Jan 12 00:21:04 +0000 2017","id":819338368404389889,"id_str":"819338368404389889","text":"Nutella to be banned from supermarkets 'because it could cause cancer' https:\/\/t.co\/QLAe74dget","truncated":false,"entities":{"hashtags":[],"symbols":[],"user_mentions":[],"urls":[{"url":"https:\/\/t.co\/QLAe74dget","expanded_url":"http:\/\/dailym.ai\/2ieneo4","display_url":"dailym.ai\/2ieneo4","indices":[71,94]}]},"source":"\u003ca href=\"http:\/\/www.socialflow.com\" rel=\"nofollow\"\u003eSocialFlow\u003c\/a\u003e","in_reply_to_status_id":null,"in_reply_to_status_id_str":null,"in_reply_to_user_id":null,"in_reply_to_user_id_str":null,"in_reply_to_screen_name":null,"user":{"id":15438913,"id_str":"15438913","name":"Daily Mail Online","screen_name":"MailOnline","location":"","description":"Top stories from the Daily Mail. We're also on Facebook: https:\/\/t.co\/hD0PyZHS4Z #seriouslypopular","url":"https:\/\/t.co\/fT7KB2eXic","entities":{"url":{"urls":[{"url":"https:\/\/t.co\/fT7KB2eXic","expanded_url":"http:\/\/www.dailymail.com","display_url":"dailymail.com","indices":[0,23]}]},"description":{"urls":[{"url":"https:\/\/t.co\/hD0PyZHS4Z","expanded_url":"http:\/\/fb.me\/DailyMail","display_url":"fb.me\/DailyMail","indices":[57,80]}]}},"protected":false,"followers_count":1871680,"friends_count":2400,"listed_count":11370,"created_at":"Tue Jul 15 10:17:46 +0000 2008","favourites_count":716,"utc_offset":0,"time_zone":"London","geo_enabled":false,"verified":true,"statuses_count":189952,"lang":"en","contributors_enabled":false,"is_translator":false,"is_translation_enabled":true,"profile_background_color":"000000","profile_background_image_url":"http:\/\/pbs.twimg.com\/profile_background_images\/378800000047824158\/fbb4b789abbaea568d7588f6df3c2277.jpeg","profile_background_image_url_https":"https:\/\/pbs.twimg.com\/profile_background_images\/378800000047824158\/fbb4b789abbaea568d7588f6df3c2277.jpeg","profile_background_tile":false,"profile_image_url":"http:\/\/pbs.twimg.com\/profile_images\/801023630226452480\/6LuyheVr_normal.jpg","profile_image_url_https":"https:\/\/pbs.twimg.com\/profile_images\/801023630226452480\/6LuyheVr_normal.jpg","profile_banner_url":"https:\/\/pbs.twimg.com\/profile_banners\/15438913\/1449680634","profile_link_color":"004EB3","profile_sidebar_border_color":"FFFFFF","profile_sidebar_fill_color":"E3E3E3","profile_text_color":"333333","profile_use_background_image":true,"has_extended_profile":false,"default_profile":false,"default_profile_image":false,"following":false,"follow_request_sent":false,"notifications":false,"translator_type":"regular"},"geo":null,"coordinates":null,"place":null,"contributors":null,"is_quote_status":false,"retweet_count":682,"favorite_count":398,"favorited":false,"retweeted":false,"possibly_sensitive":false,"possibly_sensitive_appealable":false,"lang":"en"},"retweet_count":0,"favorite_count":0,"favorited":false,"retweeted":false,"possibly_sensitive":false,"possibly_sensitive_appealable":false,"lang":"en"}
