{"created_at":"Thu Jan 12 08:13:02 +0000 2017","id":819457145737330689,"id_str":"819457145737330689","text":"tangina nanghihinayang ako sayo :(","truncated":false,"entities":{"hashtags":[],"symbols":[],"user_mentions":[],"urls":[]},"source":"\u003ca href=\"http:\/\/twitter.com\" rel=\"nofollow\"\u003eTwitter Web Client\u003c\/a\u003e","in_reply_to_status_id":null,"in_reply_to_status_id_str":null,"in_reply_to_user_id":null,"in_reply_to_user_id_str":null,"in_reply_to_screen_name":null,"user":{"id":712002503684952064,"id_str":"712002503684952064","name":"Sirena","screen_name":"juIIianajacobo","location":"riverogoparaiso","description":"@RicciRivero06 \/\/ emaestra's","url":"https:\/\/t.co\/dGvXxWxhPO","entities":{"url":{"urls":[{"url":"https:\/\/t.co\/dGvXxWxhPO","expanded_url":"https:\/\/Instagram.com\/jullianajacoboo","display_url":"Instagram.com\/jullianajacoboo","indices":[0,23]}]},"description":{"urls":[]}},"protected":false,"followers_count":317,"friends_count":216,"listed_count":2,"created_at":"Mon Mar 21 19:46:40 +0000 2016","favourites_count":7950,"utc_offset":-28800,"time_zone":"Pacific Time (US & Canada)","geo_enabled":true,"verified":false,"statuses_count":20024,"lang":"en","contributors_enabled":false,"is_translator":false,"is_translation_enabled":false,"profile_background_color":"000000","profile_background_image_url":"http:\/\/abs.twimg.com\/images\/themes\/theme1\/bg.png","profile_background_image_url_https":"https:\/\/abs.twimg.com\/images\/themes\/theme1\/bg.png","profile_background_tile":false,"profile_image_url":"http:\/\/pbs.twimg.com\/profile_images\/818586692932096000\/wVARc1EJ_normal.jpg","profile_image_url_https":"https:\/\/pbs.twimg.com\/profile_images\/818586692932096000\/wVARc1EJ_normal.jpg","profile_banner_url":"https:\/\/pbs.twimg.com\/profile_banners\/712002503684952064\/1483555095","profile_link_color":"000000","profile_sidebar_border_color":"000000","profile_sidebar_fill_color":"000000","profile_text_color":"000000","profile_use_background_image":false,"has_extended_profile":true,"default_profile":false,"default_profile_image":false,"following":false,"follow_request_sent":false,"notifications":false,"translator_type":"none"},"geo":null,"coordinates":null,"place":null,"contributors":null,"is_quote_status":false,"retweet_count":0,"favorite_count":1,"favorited":false,"retweeted":false,"lang":"tl"}
