{"created_at":"Thu Jan 12 08:13:02 +0000 2017","id":819457144240173056,"id_str":"819457144240173056","text":"@ahsinayrotal \ud83d\ude02\ud83d\ude02\ud83d\ude02 I'm lookin for that max contract","truncated":false,"entities":{"hashtags":[],"symbols":[],"user_mentions":[{"screen_name":"ahsinayrotal","name":"Nisha \ud83c\udf38","id":198603529,"id_str":"198603529","indices":[0,13]}],"urls":[]},"source":"\u003ca href=\"http:\/\/twitter.com\/download\/iphone\" rel=\"nofollow\"\u003eTwitter for iPhone\u003c\/a\u003e","in_reply_to_status_id":819456475147943936,"in_reply_to_status_id_str":"819456475147943936","in_reply_to_user_id":198603529,"in_reply_to_user_id_str":"198603529","in_reply_to_screen_name":"ahsinayrotal","user":{"id":320915067,"id_str":"320915067","name":"GRABBA Papi Ken","screen_name":"IBeenHavin","location":"IN YA HOE","description":"Smokerrr .. GRABBA LEAF \ud83c\udf43GG ++\ud83d\udc95\ud83d\udcb8 DM's are closed FlawBoyzENT","url":"https:\/\/t.co\/Ru1T68wWXd","entities":{"url":{"urls":[{"url":"https:\/\/t.co\/Ru1T68wWXd","expanded_url":"https:\/\/soundcloud.com\/tmlwecrazy","display_url":"soundcloud.com\/tmlwecrazy","indices":[0,23]}]},"description":{"urls":[]}},"protected":false,"followers_count":889,"friends_count":445,"listed_count":5,"created_at":"Mon Jun 20 18:44:46 +0000 2011","favourites_count":6707,"utc_offset":-14400,"time_zone":"Atlantic Time (Canada)","geo_enabled":false,"verified":false,"statuses_count":75441,"lang":"en","contributors_enabled":false,"is_translator":false,"is_translation_enabled":false,"profile_background_color":"C0DEED","profile_background_image_url":"http:\/\/pbs.twimg.com\/profile_background_images\/519733863\/air-jordan-11-classics-4.jpg","profile_background_image_url_https":"https:\/\/pbs.twimg.com\/profile_background_images\/519733863\/air-jordan-11-classics-4.jpg","profile_background_tile":true,"profile_image_url":"http:\/\/pbs.twimg.com\/profile_images\/818528287915909120\/WXbgaTKt_normal.jpg","profile_image_url_https":"https:\/\/pbs.twimg.com\/profile_images\/818528287915909120\/WXbgaTKt_normal.jpg","profile_banner_url":"https:\/\/pbs.twimg.com\/profile_banners\/320915067\/1483742266","profile_link_color":"19CF86","profile_sidebar_border_color":"FFFFFF","profile_sidebar_fill_color":"DDEEF6","profile_text_color":"333333","profile_use_background_image":true,"has_extended_profile":true,"default_profile":false,"default_profile_image":false,"following":false,"follow_request_sent":false,"notifications":false,"translator_type":"none"},"geo":null,"coordinates":null,"place":null,"contributors":null,"is_quote_status":false,"retweet_count":0,"favorite_count":0,"favorited":false,"retweeted":false,"lang":"en"}
