{"created_at":"Thu Jan 12 08:13:06 +0000 2017","id":819457159146520577,"id_str":"819457159146520577","text":"Dating younger people is a pain in the neck. #seizulogic #seizuBOTty","truncated":false,"entities":{"hashtags":[{"text":"seizulogic","indices":[45,56]},{"text":"seizuBOTty","indices":[57,68]}],"symbols":[],"user_mentions":[],"urls":[]},"source":"\u003ca href=\"http:\/\/twittbot.net\/\" rel=\"nofollow\"\u003etwittbot.net\u003c\/a\u003e","in_reply_to_status_id":null,"in_reply_to_status_id_str":null,"in_reply_to_user_id":null,"in_reply_to_user_id_str":null,"in_reply_to_screen_name":null,"user":{"id":560956794,"id_str":"560956794","name":"I Only Janna","screen_name":"SeizuHanaizumi","location":"Setagaya-ku, Tokyo, Japan","description":"League Trash. Ruined by League of Legends.\n\n Charm never hits | Late barrier | Never ganks\n\n\nNot so writer, singer, and human. Thank you.","url":null,"entities":{"description":{"urls":[]}},"protected":false,"followers_count":572,"friends_count":387,"listed_count":8,"created_at":"Mon Apr 23 06:19:49 +0000 2012","favourites_count":1030,"utc_offset":28800,"time_zone":"Beijing","geo_enabled":true,"verified":false,"statuses_count":41677,"lang":"en-gb","contributors_enabled":false,"is_translator":false,"is_translation_enabled":false,"profile_background_color":"EB52AB","profile_background_image_url":"http:\/\/pbs.twimg.com\/profile_background_images\/454819068126560256\/jhYJ9SUu.jpeg","profile_background_image_url_https":"https:\/\/pbs.twimg.com\/profile_background_images\/454819068126560256\/jhYJ9SUu.jpeg","profile_background_tile":true,"profile_image_url":"http:\/\/pbs.twimg.com\/profile_images\/778107866192510976\/K7pWuiJe_normal.jpg","profile_image_url_https":"https:\/\/pbs.twimg.com\/profile_images\/778107866192510976\/K7pWuiJe_normal.jpg","profile_banner_url":"https:\/\/pbs.twimg.com\/profile_banners\/560956794\/1474393976","profile_link_color":"9530B3","profile_sidebar_border_color":"000000","profile_sidebar_fill_color":"DDEEF6","profile_text_color":"333333","profile_use_background_image":true,"has_extended_profile":true,"default_profile":false,"default_profile_image":false,"following":false,"follow_request_sent":false,"notifications":false,"translator_type":"none"},"geo":null,"coordinates":null,"place":null,"contributors":null,"is_quote_status":false,"retweet_count":0,"favorite_count":0,"favorited":false,"retweeted":false,"lang":"en"}
