{"created_at":"Thu Jan 12 08:13:03 +0000 2017","id":819457147268235264,"id_str":"819457147268235264","text":"@linaryan @girlgerms @EBGamesAus probably still illegal, I agree. The usual way to resolve such is to apply a $0.01 coupon or similar.","truncated":false,"entities":{"hashtags":[],"symbols":[],"user_mentions":[{"screen_name":"linaryan","name":"Lina","id":42843705,"id_str":"42843705","indices":[0,9]},{"screen_name":"girlgerms","name":"Jess Dodson","id":17638705,"id_str":"17638705","indices":[10,20]},{"screen_name":"EBGamesAus","name":"EB Games Australia","id":54037230,"id_str":"54037230","indices":[21,32]}],"urls":[]},"source":"\u003ca href=\"http:\/\/tapbots.com\/tweetbot\" rel=\"nofollow\"\u003eTweetbot for i\u039fS\u003c\/a\u003e","in_reply_to_status_id":819456775204192257,"in_reply_to_status_id_str":"819456775204192257","in_reply_to_user_id":42843705,"in_reply_to_user_id_str":"42843705","in_reply_to_screen_name":"linaryan","user":{"id":50187291,"id_str":"50187291","name":"The Dave! \ud83d\udc2d","screen_name":"TheDaveCA","location":"Kelowna, BC, Canada.","description":"Believer of reality and reason over superstition and make-believe. Encrypt all the things!","url":"https:\/\/t.co\/LgTjJyGHlF","entities":{"url":{"urls":[{"url":"https:\/\/t.co\/LgTjJyGHlF","expanded_url":"http:\/\/www.thedave.me\/","display_url":"thedave.me","indices":[0,23]}]},"description":{"urls":[]}},"protected":false,"followers_count":547,"friends_count":412,"listed_count":35,"created_at":"Wed Jun 24 02:35:57 +0000 2009","favourites_count":968,"utc_offset":-28800,"time_zone":"Pacific Time (US & Canada)","geo_enabled":true,"verified":false,"statuses_count":18040,"lang":"en","contributors_enabled":false,"is_translator":false,"is_translation_enabled":false,"profile_background_color":"111111","profile_background_image_url":"http:\/\/pbs.twimg.com\/profile_background_images\/676159422\/c0068e6602e7b71173b0d38e399b6dba.jpeg","profile_background_image_url_https":"https:\/\/pbs.twimg.com\/profile_background_images\/676159422\/c0068e6602e7b71173b0d38e399b6dba.jpeg","profile_background_tile":false,"profile_image_url":"http:\/\/pbs.twimg.com\/profile_images\/777062939417116672\/eIMfEJlI_normal.jpg","profile_image_url_https":"https:\/\/pbs.twimg.com\/profile_images\/777062939417116672\/eIMfEJlI_normal.jpg","profile_banner_url":"https:\/\/pbs.twimg.com\/profile_banners\/50187291\/1474101303","profile_link_color":"C77E30","profile_sidebar_border_color":"000000","profile_sidebar_fill_color":"EFEFEF","profile_text_color":"333333","profile_use_background_image":true,"has_extended_profile":false,"default_profile":false,"default_profile_image":false,"following":false,"follow_request_sent":false,"notifications":false,"translator_type":"none"},"geo":null,"coordinates":null,"place":{"id":"01be54d737e1decd","url":"https:\/\/api.twitter.com\/1.1\/geo\/id\/01be54d737e1decd.json","place_type":"admin","name":"Kelowna","full_name":"Kelowna","country_code":"CA","country":"Canada","contained_within":[],"bounding_box":{"type":"Polygon","coordinates":[[[-120.057654,49.67475],[-118.796351,49.67475],[-118.796351,50.235245],[-120.057654,50.235245]]]},"attributes":{}},"contributors":null,"is_quote_status":false,"retweet_count":0,"favorite_count":0,"favorited":false,"retweeted":false,"lang":"en"}
