{"created_at":"Thu Jan 12 08:13:06 +0000 2017","id":819457158785986560,"id_str":"819457158785986560","text":"I'm trying to catalog my graphic novels by genre, theme, sub theme and sub genre and aesthetic","truncated":false,"entities":{"hashtags":[],"symbols":[],"user_mentions":[],"urls":[]},"source":"\u003ca href=\"http:\/\/twitter.com\/download\/android\" rel=\"nofollow\"\u003eTwitter for Android\u003c\/a\u003e","in_reply_to_status_id":null,"in_reply_to_status_id_str":null,"in_reply_to_user_id":null,"in_reply_to_user_id_str":null,"in_reply_to_screen_name":null,"user":{"id":700708515162169344,"id_str":"700708515162169344","name":"that tired friend\u2122","screen_name":"ToastyRavioli","location":"","description":"Hello there. Hi I am an animator and I draw a lot of stuff. Most of it I'll post here from time to time.\nJust call me Sam","url":null,"entities":{"description":{"urls":[]}},"protected":false,"followers_count":27,"friends_count":96,"listed_count":0,"created_at":"Fri Feb 19 15:48:23 +0000 2016","favourites_count":2567,"utc_offset":-28800,"time_zone":"Pacific Time (US & Canada)","geo_enabled":false,"verified":false,"statuses_count":1516,"lang":"en","contributors_enabled":false,"is_translator":false,"is_translation_enabled":false,"profile_background_color":"7FDBB6","profile_background_image_url":"http:\/\/abs.twimg.com\/images\/themes\/theme1\/bg.png","profile_background_image_url_https":"https:\/\/abs.twimg.com\/images\/themes\/theme1\/bg.png","profile_background_tile":false,"profile_image_url":"http:\/\/pbs.twimg.com\/profile_images\/810060712017993728\/FqkytMWv_normal.jpg","profile_image_url_https":"https:\/\/pbs.twimg.com\/profile_images\/810060712017993728\/FqkytMWv_normal.jpg","profile_banner_url":"https:\/\/pbs.twimg.com\/profile_banners\/700708515162169344\/1481971686","profile_link_color":"7884CC","profile_sidebar_border_color":"000000","profile_sidebar_fill_color":"000000","profile_text_color":"000000","profile_use_background_image":false,"has_extended_profile":true,"default_profile":false,"default_profile_image":false,"following":false,"follow_request_sent":false,"notifications":false,"translator_type":"none"},"geo":null,"coordinates":null,"place":null,"contributors":null,"is_quote_status":false,"retweet_count":0,"favorite_count":0,"favorited":false,"retweeted":false,"lang":"en"}
