{"created_at":"Thu Jan 12 08:13:02 +0000 2017","id":819457142507900928,"id_str":"819457142507900928","text":"I Neeed \ud83d\ude2d #lrt","truncated":false,"entities":{"hashtags":[{"text":"lrt","indices":[10,14]}],"symbols":[],"user_mentions":[],"urls":[]},"source":"\u003ca href=\"http:\/\/twitter.com\/download\/iphone\" rel=\"nofollow\"\u003eTwitter for iPhone\u003c\/a\u003e","in_reply_to_status_id":null,"in_reply_to_status_id_str":null,"in_reply_to_user_id":null,"in_reply_to_user_id_str":null,"in_reply_to_screen_name":null,"user":{"id":2157285322,"id_str":"2157285322","name":"\u2614\ufe0fOGB\u2614\ufe0f","screen_name":"Brittnayyy___","location":"Around Largo","description":"#ripunclegene #UMES|Everything I Do Is For Trinity \ud83d\udc98|","url":null,"entities":{"description":{"urls":[]}},"protected":false,"followers_count":855,"friends_count":629,"listed_count":6,"created_at":"Mon Oct 28 14:37:50 +0000 2013","favourites_count":4233,"utc_offset":-18000,"time_zone":"Eastern Time (US & Canada)","geo_enabled":true,"verified":false,"statuses_count":38168,"lang":"en","contributors_enabled":false,"is_translator":false,"is_translation_enabled":false,"profile_background_color":"DBE9ED","profile_background_image_url":"http:\/\/pbs.twimg.com\/profile_background_images\/494651412555366401\/3pJrv1rd.jpeg","profile_background_image_url_https":"https:\/\/pbs.twimg.com\/profile_background_images\/494651412555366401\/3pJrv1rd.jpeg","profile_background_tile":true,"profile_image_url":"http:\/\/pbs.twimg.com\/profile_images\/818734001632538624\/ClrxIB2o_normal.jpg","profile_image_url_https":"https:\/\/pbs.twimg.com\/profile_images\/818734001632538624\/ClrxIB2o_normal.jpg","profile_banner_url":"https:\/\/pbs.twimg.com\/profile_banners\/2157285322\/1484316320","profile_link_color":"000000","profile_sidebar_border_color":"000000","profile_sidebar_fill_color":"E6F6F9","profile_text_color":"333333","profile_use_background_image":true,"has_extended_profile":true,"default_profile":false,"default_profile_image":false,"following":false,"follow_request_sent":false,"notifications":false,"translator_type":"none"},"geo":null,"coordinates":null,"place":null,"contributors":null,"is_quote_status":false,"retweet_count":0,"favorite_count":0,"favorited":false,"retweeted":false,"lang":"en"}
