{"created_at":"Thu Jan 12 08:13:01 +0000 2017","id":819457141303963648,"id_str":"819457141303963648","text":"\u3010\u9762\u767d\u3044\u52d5\u753b\u3011\u30e4\u30d0\u904e\u304e\u308b\u91cf\uff01\u3069\u3093\u3060\u3051\u8cb7\u3044\u7269\u3057\u305f\u3093\u3060\u3053\u306e\u30ab\u30c3\u30d7\u30eb\uff01\uff01 https:\/\/t.co\/g9EuM8OGrp","truncated":false,"entities":{"hashtags":[],"symbols":[],"user_mentions":[],"urls":[{"url":"https:\/\/t.co\/g9EuM8OGrp","expanded_url":"https:\/\/youtu.be\/T0trhfu3yRw","display_url":"youtu.be\/T0trhfu3yRw","indices":[34,57]}]},"source":"\u003ca href=\"http:\/\/twittbot.net\/\" rel=\"nofollow\"\u003etwittbot.net\u003c\/a\u003e","in_reply_to_status_id":null,"in_reply_to_status_id_str":null,"in_reply_to_user_id":null,"in_reply_to_user_id_str":null,"in_reply_to_screen_name":null,"user":{"id":709215466854555649,"id_str":"709215466854555649","name":"\u307e\u306a\u307f","screen_name":"i4f5tlu","location":"","description":"\u30c7\u30a3\u30ba\u30cb\u30fc\u2661\u30a2\u30ea\u30a8\u30eb\u7279\u306b\u597d\u304d\u266a\u266a \u9577\u8c37\u5ddd\u6f64\u2661\u30ed\u30fc\u30e9\u306a\u3069\u53ef\u611b\u304f\u3066\u7dba\u9e97\u306a\u4eba\u5927\u597d\u304d\uff5e\uff01\uff01\uff01 Dream5 Greeeen \u30bb\u30ab\u30aa\u30ef\u2661\u8cc0\u6765\u8ce2\u4eba\u2662 \u304a\u3057\u3083\u308c\u3067\u7dba\u9e97\u306a\u5973\u306b\u306a\u308b\u306e\u3060\u30fc\uff01\uff01","url":null,"entities":{"description":{"urls":[]}},"protected":false,"followers_count":227,"friends_count":2011,"listed_count":1,"created_at":"Mon Mar 14 03:11:58 +0000 2016","favourites_count":0,"utc_offset":null,"time_zone":null,"geo_enabled":false,"verified":false,"statuses_count":1757,"lang":"ja","contributors_enabled":false,"is_translator":false,"is_translation_enabled":false,"profile_background_color":"F5F8FA","profile_background_image_url":null,"profile_background_image_url_https":null,"profile_background_tile":false,"profile_image_url":"http:\/\/pbs.twimg.com\/profile_images\/712858500393738240\/6LzMLEz-_normal.jpg","profile_image_url_https":"https:\/\/pbs.twimg.com\/profile_images\/712858500393738240\/6LzMLEz-_normal.jpg","profile_banner_url":"https:\/\/pbs.twimg.com\/profile_banners\/709215466854555649\/1458793683","profile_link_color":"1DA1F2","profile_sidebar_border_color":"C0DEED","profile_sidebar_fill_color":"DDEEF6","profile_text_color":"333333","profile_use_background_image":true,"has_extended_profile":false,"default_profile":true,"default_profile_image":false,"following":false,"follow_request_sent":false,"notifications":false,"translator_type":"none"},"geo":null,"coordinates":null,"place":null,"contributors":null,"is_quote_status":false,"retweet_count":0,"favorite_count":0,"favorited":false,"retweeted":false,"possibly_sensitive":false,"possibly_sensitive_appealable":false,"lang":"ja"}
