{"created_at":"Thu Jan 12 08:13:02 +0000 2017","id":819457141941604353,"id_str":"819457141941604353","text":": I get jealous, I get mad, I get worried, I get curious. That's only because I care.\"","truncated":false,"entities":{"hashtags":[],"symbols":[],"user_mentions":[],"urls":[]},"source":"\u003ca href=\"http:\/\/blackberry.com\/twitter\" rel=\"nofollow\"\u003eTwitter for BlackBerry\u00ae\u003c\/a\u003e","in_reply_to_status_id":null,"in_reply_to_status_id_str":null,"in_reply_to_user_id":null,"in_reply_to_user_id_str":null,"in_reply_to_screen_name":null,"user":{"id":387129825,"id_str":"387129825","name":"iheme simeon","screen_name":"IhemeSimeon","location":"Nigeria","description":"Am simeon from nigeria abia state .am cool gentle peason like to meet with people around world.","url":null,"entities":{"description":{"urls":[]}},"protected":false,"followers_count":47,"friends_count":124,"listed_count":1,"created_at":"Sat Oct 08 14:31:56 +0000 2011","favourites_count":3,"utc_offset":null,"time_zone":null,"geo_enabled":false,"verified":false,"statuses_count":38,"lang":"en","contributors_enabled":false,"is_translator":false,"is_translation_enabled":false,"profile_background_color":"C0DEED","profile_background_image_url":"http:\/\/abs.twimg.com\/images\/themes\/theme1\/bg.png","profile_background_image_url_https":"https:\/\/abs.twimg.com\/images\/themes\/theme1\/bg.png","profile_background_tile":false,"profile_image_url":"http:\/\/pbs.twimg.com\/profile_images\/486148117688254464\/akMd23kq_normal.jpeg","profile_image_url_https":"https:\/\/pbs.twimg.com\/profile_images\/486148117688254464\/akMd23kq_normal.jpeg","profile_banner_url":"https:\/\/pbs.twimg.com\/profile_banners\/387129825\/1421923417","profile_link_color":"1DA1F2","profile_sidebar_border_color":"C0DEED","profile_sidebar_fill_color":"DDEEF6","profile_text_color":"333333","profile_use_background_image":true,"has_extended_profile":false,"default_profile":true,"default_profile_image":false,"following":false,"follow_request_sent":false,"notifications":false,"translator_type":"none"},"geo":null,"coordinates":null,"place":null,"contributors":null,"is_quote_status":false,"retweet_count":0,"favorite_count":0,"favorited":false,"retweeted":false,"lang":"en"}
