{"created_at":"Thu Jan 12 08:13:01 +0000 2017","id":819457139907231744,"id_str":"819457139907231744","text":"Sleepless like hell, why I'm here doing my fucking degree","truncated":false,"entities":{"hashtags":[],"symbols":[],"user_mentions":[],"urls":[]},"source":"\u003ca href=\"http:\/\/twitter.com\/download\/android\" rel=\"nofollow\"\u003eTwitter for Android\u003c\/a\u003e","in_reply_to_status_id":null,"in_reply_to_status_id_str":null,"in_reply_to_user_id":null,"in_reply_to_user_id_str":null,"in_reply_to_screen_name":null,"user":{"id":99121786,"id_str":"99121786","name":"babadally","screen_name":"pinkydimple","location":"","description":"I'm just a simple dimple kind of girl & little bit of giler2... #unikl #universityofmanchester #catslover","url":null,"entities":{"description":{"urls":[]}},"protected":false,"followers_count":328,"friends_count":1065,"listed_count":0,"created_at":"Thu Dec 24 15:23:11 +0000 2009","favourites_count":873,"utc_offset":null,"time_zone":null,"geo_enabled":true,"verified":false,"statuses_count":35944,"lang":"en","contributors_enabled":false,"is_translator":false,"is_translation_enabled":false,"profile_background_color":"000000","profile_background_image_url":"http:\/\/pbs.twimg.com\/profile_background_images\/441022117908201472\/yVyPpwG8.jpeg","profile_background_image_url_https":"https:\/\/pbs.twimg.com\/profile_background_images\/441022117908201472\/yVyPpwG8.jpeg","profile_background_tile":true,"profile_image_url":"http:\/\/pbs.twimg.com\/profile_images\/772075493344456704\/M88dDr2a_normal.jpg","profile_image_url_https":"https:\/\/pbs.twimg.com\/profile_images\/772075493344456704\/M88dDr2a_normal.jpg","profile_banner_url":"https:\/\/pbs.twimg.com\/profile_banners\/99121786\/1410353084","profile_link_color":"E312A1","profile_sidebar_border_color":"FFFFFF","profile_sidebar_fill_color":"0F0F0F","profile_text_color":"3FD85B","profile_use_background_image":true,"has_extended_profile":true,"default_profile":false,"default_profile_image":false,"following":false,"follow_request_sent":false,"notifications":false,"translator_type":"none"},"geo":null,"coordinates":null,"place":null,"contributors":null,"is_quote_status":false,"retweet_count":0,"favorite_count":0,"favorited":false,"retweeted":false,"lang":"en"}
