{"created_at":"Thu Jan 12 08:13:03 +0000 2017","id":819457147469697024,"id_str":"819457147469697024","text":"Yo girl don't want you to follow me back because of the information I got \ud83d\ude34","truncated":false,"entities":{"hashtags":[],"symbols":[],"user_mentions":[],"urls":[]},"source":"\u003ca href=\"http:\/\/twitter.com\/download\/iphone\" rel=\"nofollow\"\u003eTwitter for iPhone\u003c\/a\u003e","in_reply_to_status_id":null,"in_reply_to_status_id_str":null,"in_reply_to_user_id":null,"in_reply_to_user_id_str":null,"in_reply_to_screen_name":null,"user":{"id":435378139,"id_str":"435378139","name":"pablo","screen_name":"Seanz_","location":"Dedication","description":"idfwu | realest nigga you ever knew. \u261d\ufe0f\ufe0f","url":"https:\/\/t.co\/dgTWIqTfNj","entities":{"url":{"urls":[{"url":"https:\/\/t.co\/dgTWIqTfNj","expanded_url":"http:\/\/Instagram.com\/seanz_","display_url":"Instagram.com\/seanz_","indices":[0,23]}]},"description":{"urls":[]}},"protected":false,"followers_count":279,"friends_count":74,"listed_count":3,"created_at":"Tue Dec 13 00:26:18 +0000 2011","favourites_count":7775,"utc_offset":-18000,"time_zone":"Eastern Time (US & Canada)","geo_enabled":true,"verified":false,"statuses_count":10497,"lang":"en","contributors_enabled":false,"is_translator":false,"is_translation_enabled":false,"profile_background_color":"000000","profile_background_image_url":"http:\/\/pbs.twimg.com\/profile_background_images\/378800000161046947\/RqqGVFLP.jpeg","profile_background_image_url_https":"https:\/\/pbs.twimg.com\/profile_background_images\/378800000161046947\/RqqGVFLP.jpeg","profile_background_tile":false,"profile_image_url":"http:\/\/pbs.twimg.com\/profile_images\/820479352068575236\/Vb1cg24r_normal.jpg","profile_image_url_https":"https:\/\/pbs.twimg.com\/profile_images\/820479352068575236\/Vb1cg24r_normal.jpg","profile_banner_url":"https:\/\/pbs.twimg.com\/profile_banners\/435378139\/1484236470","profile_link_color":"0084B4","profile_sidebar_border_color":"FFFFFF","profile_sidebar_fill_color":"DDEEF6","profile_text_color":"333333","profile_use_background_image":false,"has_extended_profile":true,"default_profile":false,"default_profile_image":false,"following":false,"follow_request_sent":false,"notifications":false,"translator_type":"none"},"geo":null,"coordinates":null,"place":null,"contributors":null,"is_quote_status":false,"retweet_count":0,"favorite_count":0,"favorited":false,"retweeted":false,"lang":"en"}
