{"created_at":"Thu Jan 12 08:13:03 +0000 2017","id":819457147373137921,"id_str":"819457147373137921","text":"\u3061\u3073AAA\u306f\uff1f\uff1f\uff1f\n\n2\u30013\u5e74\u5f8c\u3068\u304b\u306b\u5fa9\u6d3b\u305b\u3093\u304b\u306a\uff1f","truncated":false,"entities":{"hashtags":[],"symbols":[],"user_mentions":[],"urls":[]},"source":"\u003ca href=\"http:\/\/twitter.com\/download\/iphone\" rel=\"nofollow\"\u003eTwitter for iPhone\u003c\/a\u003e","in_reply_to_status_id":null,"in_reply_to_status_id_str":null,"in_reply_to_user_id":null,"in_reply_to_user_id_str":null,"in_reply_to_screen_name":null,"user":{"id":811189142688120833,"id_str":"811189142688120833","name":"\ud83c\udfa9 . S E I K A . \ud83d\udc51","screen_name":"uno__24_aaa","location":"\u5f7c\u306e \" Entertainment \" \u3092\u5fc3\u304b\u3089\u5c0a\u656c\u3057\u307e\u3059","description":"\u897f\u5cf6 \/ \u5b87\u91ce \/ \u305f\u304b\u3046\u306e \/ @Nissystaff @uno_uno_0716 \uff8f\uff72\uff71\uff93\uff70\uff9a\u25b7@aaa__24__nissy \/ @aaasan24_AAA \uff3f\uff3f\uff3f \uff19\uff19line \/ \uff98 \uff91 \u901a\u77e5 \u25ce \/ \uff98\uff71\u53cb \u25b7 @saya_love_aaa__","url":null,"entities":{"description":{"urls":[]}},"protected":false,"followers_count":100,"friends_count":39,"listed_count":6,"created_at":"Tue Dec 20 12:38:57 +0000 2016","favourites_count":252,"utc_offset":null,"time_zone":null,"geo_enabled":false,"verified":false,"statuses_count":451,"lang":"ja","contributors_enabled":false,"is_translator":false,"is_translation_enabled":false,"profile_background_color":"F5F8FA","profile_background_image_url":null,"profile_background_image_url_https":null,"profile_background_tile":false,"profile_image_url":"http:\/\/pbs.twimg.com\/profile_images\/818832364675575808\/2PeaUg7q_normal.jpg","profile_image_url_https":"https:\/\/pbs.twimg.com\/profile_images\/818832364675575808\/2PeaUg7q_normal.jpg","profile_banner_url":"https:\/\/pbs.twimg.com\/profile_banners\/811189142688120833\/1484394715","profile_link_color":"1DA1F2","profile_sidebar_border_color":"C0DEED","profile_sidebar_fill_color":"DDEEF6","profile_text_color":"333333","profile_use_background_image":true,"has_extended_profile":true,"default_profile":true,"default_profile_image":false,"following":false,"follow_request_sent":false,"notifications":false,"translator_type":"none"},"geo":null,"coordinates":null,"place":null,"contributors":null,"is_quote_status":false,"retweet_count":0,"favorite_count":0,"favorited":false,"retweeted":false,"lang":"ja"}
