{"created_at":"Thu Jan 12 08:13:03 +0000 2017","id":819457146140196865,"id_str":"819457146140196865","text":"con esos ojazos y esa mirada se me volo la anga y m... \u2014 JAJAJAJAJAJJAJAJ apa  https:\/\/t.co\/d9l6O33KN6","truncated":false,"entities":{"hashtags":[],"symbols":[],"user_mentions":[],"urls":[{"url":"https:\/\/t.co\/d9l6O33KN6","expanded_url":"https:\/\/curiouscat.me\/RamiroIgnacio\/post\/76210640?t=1484208782","display_url":"curiouscat.me\/RamiroIgnacio\/\u2026","indices":[79,102]}]},"source":"\u003ca href=\"http:\/\/curiouscat.me\" rel=\"nofollow\"\u003eCurious Cat\u003c\/a\u003e","in_reply_to_status_id":null,"in_reply_to_status_id_str":null,"in_reply_to_user_id":null,"in_reply_to_user_id_str":null,"in_reply_to_screen_name":null,"user":{"id":2910330772,"id_str":"2910330772","name":"R a m i #10\u26bd\ud83d\udc51\u2b50","screen_name":"RamiroIgnacioOk","location":"Chino Feo\u270c Enano Feo\u270c","description":"\u2b50 16 a\u00f1os \u2b50Futbol \u2b50 Tatuajes, \u2b50 Expansor, \u2b50 Piegrcings \u2b50 Newell's Old Boy's \u2b50 Wiz Khalifa \u2b50 Ozuna \u2b50","url":"https:\/\/t.co\/CaYstQ67EU","entities":{"url":{"urls":[{"url":"https:\/\/t.co\/CaYstQ67EU","expanded_url":"https:\/\/curiouscat.me\/RamiroIgnacio","display_url":"curiouscat.me\/RamiroIgnacio","indices":[0,23]}]},"description":{"urls":[]}},"protected":false,"followers_count":824,"friends_count":382,"listed_count":1,"created_at":"Mon Dec 08 02:40:06 +0000 2014","favourites_count":19082,"utc_offset":-28800,"time_zone":"Pacific Time (US & Canada)","geo_enabled":false,"verified":false,"statuses_count":13694,"lang":"es","contributors_enabled":false,"is_translator":false,"is_translation_enabled":false,"profile_background_color":"000000","profile_background_image_url":"http:\/\/abs.twimg.com\/images\/themes\/theme1\/bg.png","profile_background_image_url_https":"https:\/\/abs.twimg.com\/images\/themes\/theme1\/bg.png","profile_background_tile":false,"profile_image_url":"http:\/\/pbs.twimg.com\/profile_images\/819678400239599617\/_jL5mA6e_normal.jpg","profile_image_url_https":"https:\/\/pbs.twimg.com\/profile_images\/819678400239599617\/_jL5mA6e_normal.jpg","profile_banner_url":"https:\/\/pbs.twimg.com\/profile_banners\/2910330772\/1436128603","profile_link_color":"4A913C","profile_sidebar_border_color":"000000","profile_sidebar_fill_color":"000000","profile_text_color":"000000","profile_use_background_image":false,"has_extended_profile":true,"default_profile":false,"default_profile_image":false,"following":false,"follow_request_sent":false,"notifications":false,"translator_type":"none"},"geo":null,"coordinates":null,"place":null,"contributors":null,"is_quote_status":false,"retweet_count":0,"favorite_count":2,"favorited":false,"retweeted":false,"possibly_sensitive":false,"possibly_sensitive_appealable":false,"lang":"es"}
