{"created_at":"Thu Jan 12 08:13:05 +0000 2017","id":819457156495900672,"id_str":"819457156495900672","text":"@___Praneeth nothing bye","truncated":false,"entities":{"hashtags":[],"symbols":[],"user_mentions":[],"urls":[]},"source":"\u003ca href=\"http:\/\/twitter.com\/download\/android\" rel=\"nofollow\"\u003eTwitter for Android\u003c\/a\u003e","in_reply_to_status_id":819456963926863872,"in_reply_to_status_id_str":"819456963926863872","in_reply_to_user_id":819244596408393728,"in_reply_to_user_id_str":"819244596408393728","in_reply_to_screen_name":"Anus_Oggy","user":{"id":2734765710,"id_str":"2734765710","name":"Muskan.","screen_name":"iMuskan_","location":"Mai hu he Nhi iss duniya ke \u270c\ufe0f","description":"Follow me at ur own risk (^_-)","url":null,"entities":{"description":{"urls":[]}},"protected":false,"followers_count":2585,"friends_count":240,"listed_count":31,"created_at":"Fri Aug 15 15:56:42 +0000 2014","favourites_count":11023,"utc_offset":null,"time_zone":null,"geo_enabled":false,"verified":false,"statuses_count":60867,"lang":"en","contributors_enabled":false,"is_translator":false,"is_translation_enabled":false,"profile_background_color":"C0DEED","profile_background_image_url":"http:\/\/abs.twimg.com\/images\/themes\/theme1\/bg.png","profile_background_image_url_https":"https:\/\/abs.twimg.com\/images\/themes\/theme1\/bg.png","profile_background_tile":false,"profile_image_url":"http:\/\/pbs.twimg.com\/profile_images\/820220763122835457\/fSRXQrih_normal.jpg","profile_image_url_https":"https:\/\/pbs.twimg.com\/profile_images\/820220763122835457\/fSRXQrih_normal.jpg","profile_banner_url":"https:\/\/pbs.twimg.com\/profile_banners\/2734765710\/1483535816","profile_link_color":"1DA1F2","profile_sidebar_border_color":"C0DEED","profile_sidebar_fill_color":"DDEEF6","profile_text_color":"333333","profile_use_background_image":true,"has_extended_profile":false,"default_profile":true,"default_profile_image":false,"following":false,"follow_request_sent":false,"notifications":false,"translator_type":"none"},"geo":null,"coordinates":null,"place":null,"contributors":null,"is_quote_status":false,"retweet_count":0,"favorite_count":0,"favorited":false,"retweeted":false,"lang":"en"}
