{"created_at":"Thu Jan 12 08:13:04 +0000 2017","id":819457153580683265,"id_str":"819457153580683265","text":"#\ud1a0\ud1a0\n#\uc628\ub77c\uc778\ubc30\ud305\ud1a0\ud1a0\ubc30\ud305\uc0ac\uc774\ud2b8\n\n[ 1 2 B W I N . C O M ]\n5%\ubcf4\ub108\uc2a4 \ucc29\ud55c\ubc30\ub2f9\n\n\u2763\ubcf4\u2763\n\uff5c\u2763\ub108\u2763\n\uff5c\uff5c\u2763\uc2a4\u2763\n\uff5c\uff5c\uff5c\u2763\ub2e8\u2763\n\uff5c\uff5c\u2763\ud3f4\u2763\n\uff5c\u2763\uc591\u2763\n\u2763\ubc29\u2763\n\uff5c\u2763\uc77c\u2763\n\uff5c\uff5c\u2763\uc774\u2763\n\uff5c\uff5c\uff5c\u2763\ubc43\u2763\n\n\uc778\ud130\ub137\ud1a0\ud1a0\n\ud1a0\ud1a0","truncated":false,"entities":{"hashtags":[{"text":"\ud1a0\ud1a0","indices":[0,3]},{"text":"\uc628\ub77c\uc778\ubc30\ud305\ud1a0\ud1a0\ubc30\ud305\uc0ac\uc774\ud2b8","indices":[4,17]}],"symbols":[],"user_mentions":[],"urls":[]},"source":"\u003ca href=\"http:\/\/twittbot.net\/\" rel=\"nofollow\"\u003etwittbot.net\u003c\/a\u003e","in_reply_to_status_id":null,"in_reply_to_status_id_str":null,"in_reply_to_user_id":null,"in_reply_to_user_id_str":null,"in_reply_to_screen_name":null,"user":{"id":734499888961073152,"id_str":"734499888961073152","name":"\uba39\ud280OUT! \u25b6\u25b6\uae00\ub85c\ubc8c 12\ubc43","screen_name":"jmsong9687","location":"","description":"#\uc2a4\ud3ec\uce20\ubc30\ud305\uc0ac\uc774\ud2b8 #\ub9c8\uce74\uc624\ud574\uc678\ubc30\ub2f9\uc0ac\uc774\ud2b8 \u25c8\u00ad \u30101 2 B w i n \u3002\uff23\uff4f\uff2d\u3011\u25c8\u00ad\u30cc #\uba54\uc774\uc800\ub180\uc774\ud130\ucd94\ucc9c\uc0ac\uc774\ud2b8  #\uc2a4\ud3ec\uce20\ubc30\ud305\uc0ac\uc774\ud2b8 #\ud1a0\ud1a0\uc0ac\uc774\ud2b8\ucd94\ucc9c #\ub77c\uc774\ube0c\ubc30\ud305 #\ubc30\ud305\uc0ac\uc774\ud2b8 #\ubca0\ud305\uc0ac\uc774\ud2b8 #\uc628\ub77c\uc778\ud1a0\ud1a0 #\ud1a0\ud1a0\uac8c\uc784 #\uc778\ud130\ub137\ud1a0\ud1a0 #\uc2a4\ud3ec\uce20\ud1a0\ud1a0 #\ud1a0\ud1a0\uc0ac\uc774\ud2b8\ucd94\ucc9c","url":null,"entities":{"description":{"urls":[]}},"protected":false,"followers_count":17,"friends_count":35,"listed_count":1,"created_at":"Sun May 22 21:43:14 +0000 2016","favourites_count":172,"utc_offset":null,"time_zone":null,"geo_enabled":false,"verified":false,"statuses_count":8793,"lang":"ko","contributors_enabled":false,"is_translator":false,"is_translation_enabled":false,"profile_background_color":"F5F8FA","profile_background_image_url":null,"profile_background_image_url_https":null,"profile_background_tile":false,"profile_image_url":"http:\/\/pbs.twimg.com\/profile_images\/734500985066917889\/P7uRicQ6_normal.jpg","profile_image_url_https":"https:\/\/pbs.twimg.com\/profile_images\/734500985066917889\/P7uRicQ6_normal.jpg","profile_link_color":"1DA1F2","profile_sidebar_border_color":"C0DEED","profile_sidebar_fill_color":"DDEEF6","profile_text_color":"333333","profile_use_background_image":true,"has_extended_profile":true,"default_profile":true,"default_profile_image":false,"following":false,"follow_request_sent":false,"notifications":false,"translator_type":"none"},"geo":null,"coordinates":null,"place":null,"contributors":null,"is_quote_status":false,"retweet_count":0,"favorite_count":0,"favorited":false,"retweeted":false,"lang":"ko"}
