{"created_at":"Thu Jan 12 08:13:06 +0000 2017","id":819457160782499840,"id_str":"819457160782499840","text":"ON AIR Good Morning Roma con PagliaAle e dado_giannini \nBuongiorno amici giallorossi! \nPer i vostri messaggi What\u2026 https:\/\/t.co\/OMWhmqwkCa","truncated":false,"entities":{"hashtags":[],"symbols":[],"user_mentions":[],"urls":[{"url":"https:\/\/t.co\/OMWhmqwkCa","expanded_url":"https:\/\/twitter.com\/i\/web\/status\/819456471004049408","display_url":"twitter.com\/i\/web\/status\/8\u2026","indices":[115,138]}]},"source":"\u003ca href=\"http:\/\/ifttt.com\" rel=\"nofollow\"\u003eIFTTT\u003c\/a\u003e","in_reply_to_status_id":null,"in_reply_to_status_id_str":null,"in_reply_to_user_id":null,"in_reply_to_user_id_str":null,"in_reply_to_screen_name":null,"user":{"id":2239142310,"id_str":"2239142310","name":"Pro_LAZIO","screen_name":"Pro_LAZIO","location":"Roma, Lazio","description":"Il #Lazio \u00e8 una regione a statuto ordinario dell'Italia centrale, con capoluogo #Roma.","url":null,"entities":{"description":{"urls":[]}},"protected":false,"followers_count":1737,"friends_count":2070,"listed_count":78,"created_at":"Tue Dec 10 13:11:03 +0000 2013","favourites_count":1282,"utc_offset":3600,"time_zone":"Amsterdam","geo_enabled":false,"verified":false,"statuses_count":8834,"lang":"it","contributors_enabled":false,"is_translator":false,"is_translation_enabled":false,"profile_background_color":"C0DEED","profile_background_image_url":"http:\/\/abs.twimg.com\/images\/themes\/theme1\/bg.png","profile_background_image_url_https":"https:\/\/abs.twimg.com\/images\/themes\/theme1\/bg.png","profile_background_tile":false,"profile_image_url":"http:\/\/pbs.twimg.com\/profile_images\/809070127740293120\/MZ1wKIAB_normal.jpg","profile_image_url_https":"https:\/\/pbs.twimg.com\/profile_images\/809070127740293120\/MZ1wKIAB_normal.jpg","profile_banner_url":"https:\/\/pbs.twimg.com\/profile_banners\/2239142310\/1481732354","profile_link_color":"1DA1F2","profile_sidebar_border_color":"C0DEED","profile_sidebar_fill_color":"DDEEF6","profile_text_color":"333333","profile_use_background_image":true,"has_extended_profile":false,"default_profile":true,"default_profile_image":false,"following":false,"follow_request_sent":false,"notifications":false,"translator_type":"none"},"geo":null,"coordinates":null,"place":null,"contributors":null,"is_quote_status":false,"retweet_count":0,"favorite_count":0,"favorited":false,"retweeted":false,"possibly_sensitive":false,"possibly_sensitive_appealable":false,"lang":"it"}
