{"created_at":"Thu Jan 12 08:13:03 +0000 2017","id":819457146827972608,"id_str":"819457146827972608","text":"Why thats so hard i be waisting the shit out my time '","truncated":false,"entities":{"hashtags":[],"symbols":[],"user_mentions":[],"urls":[]},"source":"\u003ca href=\"http:\/\/twitter.com\/download\/iphone\" rel=\"nofollow\"\u003eTwitter for iPhone\u003c\/a\u003e","in_reply_to_status_id":null,"in_reply_to_status_id_str":null,"in_reply_to_user_id":null,"in_reply_to_user_id_str":null,"in_reply_to_screen_name":null,"user":{"id":345272899,"id_str":"345272899","name":"fuck 9:28 \ud83d\udc94","screen_name":"50shadesofkyy_","location":"United States","description":"R.I.p savagee \u2764\ufe0f i miss you \ud83d\ude14","url":null,"entities":{"description":{"urls":[]}},"protected":false,"followers_count":1000,"friends_count":755,"listed_count":3,"created_at":"Sat Jul 30 09:36:00 +0000 2011","favourites_count":3600,"utc_offset":-18000,"time_zone":"Quito","geo_enabled":true,"verified":false,"statuses_count":61234,"lang":"en","contributors_enabled":false,"is_translator":false,"is_translation_enabled":false,"profile_background_color":"131516","profile_background_image_url":"http:\/\/pbs.twimg.com\/profile_background_images\/370865573\/386715_165528320212424_100002657714298_262849_1873375430_n.jpg","profile_background_image_url_https":"https:\/\/pbs.twimg.com\/profile_background_images\/370865573\/386715_165528320212424_100002657714298_262849_1873375430_n.jpg","profile_background_tile":false,"profile_image_url":"http:\/\/pbs.twimg.com\/profile_images\/817428166511882240\/XY_mRFbv_normal.jpg","profile_image_url_https":"https:\/\/pbs.twimg.com\/profile_images\/817428166511882240\/XY_mRFbv_normal.jpg","profile_banner_url":"https:\/\/pbs.twimg.com\/profile_banners\/345272899\/1483849589","profile_link_color":"009999","profile_sidebar_border_color":"EEEEEE","profile_sidebar_fill_color":"EFEFEF","profile_text_color":"333333","profile_use_background_image":true,"has_extended_profile":true,"default_profile":false,"default_profile_image":false,"following":false,"follow_request_sent":false,"notifications":false,"translator_type":"none"},"geo":null,"coordinates":null,"place":null,"contributors":null,"is_quote_status":false,"retweet_count":0,"favorite_count":0,"favorited":false,"retweeted":false,"lang":"en"}
