{"created_at":"Thu Jan 12 08:13:04 +0000 2017","id":819457152989495296,"id_str":"819457152989495296","text":"Just keep repeating \"I know you're feeling the heat\" and all will be alright\n\nhttps:\/\/t.co\/2R00iPVZXR","truncated":false,"entities":{"hashtags":[],"symbols":[],"user_mentions":[],"urls":[{"url":"https:\/\/t.co\/2R00iPVZXR","expanded_url":"https:\/\/twitter.com\/thehill\/status\/819416384283230210","display_url":"twitter.com\/thehill\/status\u2026","indices":[78,101]}]},"source":"\u003ca href=\"http:\/\/twitter.com\/download\/iphone\" rel=\"nofollow\"\u003eTwitter for iPhone\u003c\/a\u003e","in_reply_to_status_id":null,"in_reply_to_status_id_str":null,"in_reply_to_user_id":null,"in_reply_to_user_id_str":null,"in_reply_to_screen_name":null,"user":{"id":267627792,"id_str":"267627792","name":"\u0635\u0644\u0627\u062d \u0627\u0644\u0633\u064a\u0641 \u0627\u0644\u0631\u0634\u062f\u0627\u0646","screen_name":"SHDAlsaif","location":"\u0641\u064a \u0642\u0644\u0648\u0628 \u0627\u062d\u0628\u0627\u0626\u064a ","description":"An Arab Kuwaiti - \u0627\u0646\u0633\u0627\u0646 \u0639\u0631\u0628\u064a \u0643\u0648\u064a\u062a\u064a \/ \u062d\u0633\u0627\u0628 \u0634\u062e\u0635\u064a Personal Account - ex. San Deigo Chargers fan","url":null,"entities":{"description":{"urls":[]}},"protected":false,"followers_count":725,"friends_count":387,"listed_count":20,"created_at":"Thu Mar 17 07:59:53 +0000 2011","favourites_count":466,"utc_offset":18000,"time_zone":"Karachi","geo_enabled":true,"verified":false,"statuses_count":15374,"lang":"en","contributors_enabled":false,"is_translator":false,"is_translation_enabled":false,"profile_background_color":"C0DEED","profile_background_image_url":"http:\/\/pbs.twimg.com\/profile_background_images\/218719593\/_____.jpg","profile_background_image_url_https":"https:\/\/pbs.twimg.com\/profile_background_images\/218719593\/_____.jpg","profile_background_tile":false,"profile_image_url":"http:\/\/pbs.twimg.com\/profile_images\/756134328086560768\/Dj4Se4wf_normal.jpg","profile_image_url_https":"https:\/\/pbs.twimg.com\/profile_images\/756134328086560768\/Dj4Se4wf_normal.jpg","profile_banner_url":"https:\/\/pbs.twimg.com\/profile_banners\/267627792\/1469111450","profile_link_color":"0084B4","profile_sidebar_border_color":"C0DEED","profile_sidebar_fill_color":"DDEEF6","profile_text_color":"333333","profile_use_background_image":true,"has_extended_profile":false,"default_profile":false,"default_profile_image":false,"following":false,"follow_request_sent":false,"notifications":false,"translator_type":"none"},"geo":null,"coordinates":null,"place":null,"contributors":null,"is_quote_status":true,"quoted_status_id":819416384283230210,"quoted_status_id_str":"819416384283230210","quoted_status":{"created_at":"Thu Jan 12 05:31:04 +0000 2017","id":819416384283230210,"id_str":"819416384283230210","text":"Heated exchange erupts between Anderson Cooper, Conway over reporting on Russia\nhttps:\/\/t.co\/s2T8F3rFye https:\/\/t.co\/rxWlIxMxxr","truncated":false,"entities":{"hashtags":[],"symbols":[],"user_mentions":[],"urls":[{"url":"https:\/\/t.co\/s2T8F3rFye","expanded_url":"http:\/\/hill.cm\/2XVtX3e","display_url":"hill.cm\/2XVtX3e","indices":[80,103]}],"media":[{"id":819416382345539586,"id_str":"819416382345539586","indices":[104,127],"media_url":"http:\/\/pbs.twimg.com\/media\/C18m27jXcAIERM0.jpg","media_url_https":"https:\/\/pbs.twimg.com\/media\/C18m27jXcAIERM0.jpg","url":"https:\/\/t.co\/rxWlIxMxxr","display_url":"pic.twitter.com\/rxWlIxMxxr","expanded_url":"https:\/\/twitter.com\/thehill\/status\/819416384283230210\/photo\/1","type":"photo","sizes":{"large":{"w":640,"h":360,"resize":"fit"},"small":{"w":640,"h":360,"resize":"fit"},"thumb":{"w":150,"h":150,"resize":"crop"},"medium":{"w":640,"h":360,"resize":"fit"}}}]},"extended_entities":{"media":[{"id":819416382345539586,"id_str":"819416382345539586","indices":[104,127],"media_url":"http:\/\/pbs.twimg.com\/media\/C18m27jXcAIERM0.jpg","media_url_https":"https:\/\/pbs.twimg.com\/media\/C18m27jXcAIERM0.jpg","url":"https:\/\/t.co\/rxWlIxMxxr","display_url":"pic.twitter.com\/rxWlIxMxxr","expanded_url":"https:\/\/twitter.com\/thehill\/status\/819416384283230210\/photo\/1","type":"photo","sizes":{"large":{"w":640,"h":360,"resize":"fit"},"small":{"w":640,"h":360,"resize":"fit"},"thumb":{"w":150,"h":150,"resize":"crop"},"medium":{"w":640,"h":360,"resize":"fit"}}}]},"source":"\u003ca href=\"http:\/\/www.socialflow.com\" rel=\"nofollow\"\u003eSocialFlow\u003c\/a\u003e","in_reply_to_status_id":null,"in_reply_to_status_id_str":null,"in_reply_to_user_id":null,"in_reply_to_user_id_str":null,"in_reply_to_screen_name":null,"user":{"id":1917731,"id_str":"1917731","name":"The Hill","screen_name":"thehill","location":"Washington, DC","description":"The Hill is the premier source for policy and political news. Follow for tweets on what's happening in Washington, breaking news and retweets of our reporters.","url":"http:\/\/t.co\/t414UtTRv4","entities":{"url":{"urls":[{"url":"http:\/\/t.co\/t414UtTRv4","expanded_url":"http:\/\/www.thehill.com","display_url":"thehill.com","indices":[0,22]}]},"description":{"urls":[]}},"protected":false,"followers_count":1736887,"friends_count":681,"listed_count":18879,"created_at":"Thu Mar 22 18:15:18 +0000 2007","favourites_count":26,"utc_offset":-18000,"time_zone":"Eastern Time (US & Canada)","geo_enabled":false,"verified":true,"statuses_count":268084,"lang":"en","contributors_enabled":false,"is_translator":false,"is_translation_enabled":false,"profile_background_color":"9AE4E8","profile_background_image_url":"http:\/\/pbs.twimg.com\/profile_background_images\/2509428\/twitter_bg.gif","profile_background_image_url_https":"https:\/\/pbs.twimg.com\/profile_background_images\/2509428\/twitter_bg.gif","profile_background_tile":true,"profile_image_url":"http:\/\/pbs.twimg.com\/profile_images\/718186698824413184\/H1qUtJzN_normal.jpg","profile_image_url_https":"https:\/\/pbs.twimg.com\/profile_images\/718186698824413184\/H1qUtJzN_normal.jpg","profile_banner_url":"https:\/\/pbs.twimg.com\/profile_banners\/1917731\/1434034905","profile_link_color":"FF0021","profile_sidebar_border_color":"ADADAA","profile_sidebar_fill_color":"EBEBEB","profile_text_color":"000000","profile_use_background_image":true,"has_extended_profile":false,"default_profile":false,"default_profile_image":false,"following":false,"follow_request_sent":false,"notifications":false,"translator_type":"none"},"geo":null,"coordinates":null,"place":null,"contributors":null,"is_quote_status":false,"retweet_count":48,"favorite_count":131,"favorited":false,"retweeted":false,"possibly_sensitive":false,"possibly_sensitive_appealable":false,"lang":"en"},"retweet_count":0,"favorite_count":0,"favorited":false,"retweeted":false,"possibly_sensitive":false,"possibly_sensitive_appealable":false,"lang":"en"}
