{"created_at":"Thu Jan 12 08:13:06 +0000 2017","id":819457161507917824,"id_str":"819457161507917824","text":"@avinashk1975 And what made that possible?\nI'll answer that for you. Feminism.","truncated":false,"entities":{"hashtags":[],"symbols":[],"user_mentions":[{"screen_name":"avinashk1975","name":"Avinash","id":966171799,"id_str":"966171799","indices":[0,13]}],"urls":[]},"source":"\u003ca href=\"http:\/\/twitter.com\/download\/iphone\" rel=\"nofollow\"\u003eTwitter for iPhone\u003c\/a\u003e","in_reply_to_status_id":819456349889142784,"in_reply_to_status_id_str":"819456349889142784","in_reply_to_user_id":966171799,"in_reply_to_user_id_str":"966171799","in_reply_to_screen_name":"avinashk1975","user":{"id":600378365,"id_str":"600378365","name":"Mama B","screen_name":"PennyLooney","location":"","description":"Reader. Writer. Re-writer. Dancer. Dreamer. Puppy lover. Brand new mother. | Born of and married to the olive green.","url":"https:\/\/t.co\/cf43ulwTDO","entities":{"url":{"urls":[{"url":"https:\/\/t.co\/cf43ulwTDO","expanded_url":"http:\/\/prettyasyouplease.wordpress.com","display_url":"prettyasyouplease.wordpress.com","indices":[0,23]}]},"description":{"urls":[]}},"protected":false,"followers_count":711,"friends_count":220,"listed_count":14,"created_at":"Tue Jun 05 20:05:28 +0000 2012","favourites_count":395,"utc_offset":19800,"time_zone":"Chennai","geo_enabled":false,"verified":false,"statuses_count":10771,"lang":"en","contributors_enabled":false,"is_translator":false,"is_translation_enabled":false,"profile_background_color":"642D8B","profile_background_image_url":"http:\/\/abs.twimg.com\/images\/themes\/theme10\/bg.gif","profile_background_image_url_https":"https:\/\/abs.twimg.com\/images\/themes\/theme10\/bg.gif","profile_background_tile":true,"profile_image_url":"http:\/\/pbs.twimg.com\/profile_images\/816274453336354817\/55sY5FP9_normal.jpg","profile_image_url_https":"https:\/\/pbs.twimg.com\/profile_images\/816274453336354817\/55sY5FP9_normal.jpg","profile_banner_url":"https:\/\/pbs.twimg.com\/profile_banners\/600378365\/1479220027","profile_link_color":"ABB8C2","profile_sidebar_border_color":"65B0DA","profile_sidebar_fill_color":"7AC3EE","profile_text_color":"3D1957","profile_use_background_image":true,"has_extended_profile":true,"default_profile":false,"default_profile_image":false,"following":false,"follow_request_sent":false,"notifications":false,"translator_type":"none"},"geo":null,"coordinates":null,"place":null,"contributors":null,"is_quote_status":false,"retweet_count":0,"favorite_count":0,"favorited":false,"retweeted":false,"lang":"en"}
