{"created_at":"Thu Jan 12 08:13:02 +0000 2017","id":819457142935715840,"id_str":"819457142935715840","text":"I wanna go to rebounders","truncated":false,"entities":{"hashtags":[],"symbols":[],"user_mentions":[],"urls":[]},"source":"\u003ca href=\"http:\/\/twitter.com\/download\/iphone\" rel=\"nofollow\"\u003eTwitter for iPhone\u003c\/a\u003e","in_reply_to_status_id":null,"in_reply_to_status_id_str":null,"in_reply_to_user_id":null,"in_reply_to_user_id_str":null,"in_reply_to_screen_name":null,"user":{"id":818540671762100224,"id_str":"818540671762100224","name":"Kayla","screen_name":"_Kay_Kash","location":"","description":"old account: _Gloyalty, this my new one.","url":null,"entities":{"description":{"urls":[]}},"protected":false,"followers_count":151,"friends_count":159,"listed_count":1,"created_at":"Mon Jan 09 19:31:18 +0000 2017","favourites_count":1068,"utc_offset":null,"time_zone":null,"geo_enabled":false,"verified":false,"statuses_count":2541,"lang":"en","contributors_enabled":false,"is_translator":false,"is_translation_enabled":false,"profile_background_color":"F5F8FA","profile_background_image_url":null,"profile_background_image_url_https":null,"profile_background_tile":false,"profile_image_url":"http:\/\/pbs.twimg.com\/profile_images\/820051788258746369\/kCX2Q30D_normal.jpg","profile_image_url_https":"https:\/\/pbs.twimg.com\/profile_images\/820051788258746369\/kCX2Q30D_normal.jpg","profile_banner_url":"https:\/\/pbs.twimg.com\/profile_banners\/818540671762100224\/1484122219","profile_link_color":"1DA1F2","profile_sidebar_border_color":"C0DEED","profile_sidebar_fill_color":"DDEEF6","profile_text_color":"333333","profile_use_background_image":true,"has_extended_profile":false,"default_profile":true,"default_profile_image":false,"following":false,"follow_request_sent":false,"notifications":false,"translator_type":"none"},"geo":null,"coordinates":null,"place":null,"contributors":null,"is_quote_status":false,"retweet_count":0,"favorite_count":0,"favorited":false,"retweeted":false,"lang":"en"}
