{"created_at":"Thu Jan 12 08:13:02 +0000 2017","id":819457145699729408,"id_str":"819457145699729408","text":"But again \ud83e\udd13\ud83e\udd17 is too fund in rgi I doubt they are that smart \ud83d\ude02\ud83d\ude02","truncated":false,"entities":{"hashtags":[],"symbols":[],"user_mentions":[],"urls":[]},"source":"\u003ca href=\"http:\/\/twitter.com\/download\/android\" rel=\"nofollow\"\u003eTwitter for Android\u003c\/a\u003e","in_reply_to_status_id":819456616126959616,"in_reply_to_status_id_str":"819456616126959616","in_reply_to_user_id":2570353677,"in_reply_to_user_id_str":"2570353677","in_reply_to_screen_name":"crew_cs","user":{"id":2570353677,"id_str":"2570353677","name":"Fari Dracarys","screen_name":"crew_cs","location":"land without hope ","description":"I'm more Cheese than a person.I tried to be normal once,worst 2 minutes of my life.\nMedical student Part-Time Pirate.\nThe force is with me,I'm 1 with the force","url":"https:\/\/t.co\/8turSdVoqB","entities":{"url":{"urls":[{"url":"https:\/\/t.co\/8turSdVoqB","expanded_url":"http:\/\/Killian-its-you.tumblr.com","display_url":"Killian-its-you.tumblr.com","indices":[0,23]}]},"description":{"urls":[]}},"protected":false,"followers_count":1802,"friends_count":983,"listed_count":42,"created_at":"Thu May 29 12:00:52 +0000 2014","favourites_count":29212,"utc_offset":-28800,"time_zone":"Pacific Time (US & Canada)","geo_enabled":true,"verified":false,"statuses_count":52023,"lang":"en","contributors_enabled":false,"is_translator":false,"is_translation_enabled":false,"profile_background_color":"C0DEED","profile_background_image_url":"http:\/\/abs.twimg.com\/images\/themes\/theme1\/bg.png","profile_background_image_url_https":"https:\/\/abs.twimg.com\/images\/themes\/theme1\/bg.png","profile_background_tile":false,"profile_image_url":"http:\/\/pbs.twimg.com\/profile_images\/816994835013963777\/s8tVV2M1_normal.jpg","profile_image_url_https":"https:\/\/pbs.twimg.com\/profile_images\/816994835013963777\/s8tVV2M1_normal.jpg","profile_banner_url":"https:\/\/pbs.twimg.com\/profile_banners\/2570353677\/1459546639","profile_link_color":"1DA1F2","profile_sidebar_border_color":"C0DEED","profile_sidebar_fill_color":"DDEEF6","profile_text_color":"333333","profile_use_background_image":true,"has_extended_profile":true,"default_profile":true,"default_profile_image":false,"following":false,"follow_request_sent":false,"notifications":false,"translator_type":"none"},"geo":null,"coordinates":null,"place":null,"contributors":null,"is_quote_status":false,"retweet_count":0,"favorite_count":0,"favorited":false,"retweeted":false,"lang":"en"}
