{"created_at":"Thu Jan 12 08:13:04 +0000 2017","id":819457151273832448,"id_str":"819457151273832448","text":"I'm soo late for this and omg!!! Congratulations my love, @XianLimm!! \ud83d\udc4f\ud83d\udc4f\ud83d\udc4f XianLim BestSupportingActor https:\/\/t.co\/z6nZZItNJK","truncated":false,"entities":{"hashtags":[],"symbols":[],"user_mentions":[{"screen_name":"XianLimm","name":"XIAN LIM","id":264058981,"id_str":"264058981","indices":[58,67]}],"urls":[{"url":"https:\/\/t.co\/z6nZZItNJK","expanded_url":"https:\/\/twitter.com\/ILYidolXL\/status\/819103989119778816","display_url":"twitter.com\/ILYidolXL\/stat\u2026","indices":[102,125]}]},"source":"\u003ca href=\"http:\/\/twitter.com\/download\/android\" rel=\"nofollow\"\u003eTwitter for Android\u003c\/a\u003e","in_reply_to_status_id":null,"in_reply_to_status_id_str":null,"in_reply_to_user_id":null,"in_reply_to_user_id_str":null,"in_reply_to_screen_name":null,"user":{"id":1410004976,"id_str":"1410004976","name":"J A J A","screen_name":"IamJaniineKaye","location":"Manila, Philippines","description":"KIM CHIU xx XIAN LIM \ud83d\udc8b | WANDERLUST\ud83c\udf0f| 02.14.2015: A date to remember with @XianLimm\u2764","url":null,"entities":{"description":{"urls":[]}},"protected":false,"followers_count":979,"friends_count":731,"listed_count":9,"created_at":"Tue May 07 11:16:53 +0000 2013","favourites_count":13627,"utc_offset":25200,"time_zone":"Bangkok","geo_enabled":true,"verified":false,"statuses_count":25176,"lang":"en","contributors_enabled":false,"is_translator":false,"is_translation_enabled":false,"profile_background_color":"F5ABB5","profile_background_image_url":"http:\/\/pbs.twimg.com\/profile_background_images\/629618362520199168\/tHiMaxGi.jpg","profile_background_image_url_https":"https:\/\/pbs.twimg.com\/profile_background_images\/629618362520199168\/tHiMaxGi.jpg","profile_background_tile":true,"profile_image_url":"http:\/\/pbs.twimg.com\/profile_images\/817668466802991105\/PRR3vQNY_normal.jpg","profile_image_url_https":"https:\/\/pbs.twimg.com\/profile_images\/817668466802991105\/PRR3vQNY_normal.jpg","profile_banner_url":"https:\/\/pbs.twimg.com\/profile_banners\/1410004976\/1445342099","profile_link_color":"F5ABB5","profile_sidebar_border_color":"000000","profile_sidebar_fill_color":"DDEEF6","profile_text_color":"333333","profile_use_background_image":true,"has_extended_profile":true,"default_profile":false,"default_profile_image":false,"following":false,"follow_request_sent":false,"notifications":false,"translator_type":"none"},"geo":null,"coordinates":null,"place":null,"contributors":null,"is_quote_status":true,"quoted_status_id":819103989119778816,"quoted_status_id_str":"819103989119778816","quoted_status":{"created_at":"Wed Jan 11 08:49:43 +0000 2017","id":819103989119778816,"id_str":"819103989119778816","text":"Well-deserved @XianLimm  \ud83d\udc49  XianLim BestSupportingActor https:\/\/t.co\/qlyOieV6YJ","truncated":false,"entities":{"hashtags":[],"symbols":[],"user_mentions":[{"screen_name":"XianLimm","name":"XIAN LIM","id":264058981,"id_str":"264058981","indices":[14,23]}],"urls":[],"media":[{"id":819103912531791872,"id_str":"819103912531791872","indices":[56,79],"media_url":"http:\/\/pbs.twimg.com\/media\/C14KqyyXEAAHtE6.jpg","media_url_https":"https:\/\/pbs.twimg.com\/media\/C14KqyyXEAAHtE6.jpg","url":"https:\/\/t.co\/qlyOieV6YJ","display_url":"pic.twitter.com\/qlyOieV6YJ","expanded_url":"https:\/\/twitter.com\/ILYidolXL\/status\/819103989119778816\/photo\/1","type":"photo","sizes":{"large":{"w":599,"h":867,"resize":"fit"},"small":{"w":470,"h":680,"resize":"fit"},"thumb":{"w":150,"h":150,"resize":"crop"},"medium":{"w":599,"h":867,"resize":"fit"}}}]},"extended_entities":{"media":[{"id":819103912531791872,"id_str":"819103912531791872","indices":[56,79],"media_url":"http:\/\/pbs.twimg.com\/media\/C14KqyyXEAAHtE6.jpg","media_url_https":"https:\/\/pbs.twimg.com\/media\/C14KqyyXEAAHtE6.jpg","url":"https:\/\/t.co\/qlyOieV6YJ","display_url":"pic.twitter.com\/qlyOieV6YJ","expanded_url":"https:\/\/twitter.com\/ILYidolXL\/status\/819103989119778816\/photo\/1","type":"photo","sizes":{"large":{"w":599,"h":867,"resize":"fit"},"small":{"w":470,"h":680,"resize":"fit"},"thumb":{"w":150,"h":150,"resize":"crop"},"medium":{"w":599,"h":867,"resize":"fit"}}}]},"source":"\u003ca href=\"http:\/\/twitter.com\" rel=\"nofollow\"\u003eTwitter Web Client\u003c\/a\u003e","in_reply_to_status_id":null,"in_reply_to_status_id_str":null,"in_reply_to_user_id":null,"in_reply_to_user_id_str":null,"in_reply_to_screen_name":null,"user":{"id":2585761837,"id_str":"2585761837","name":"ProudOfMyIdolXIANLIM","screen_name":"ILYidolXL","location":"","description":"","url":null,"entities":{"description":{"urls":[]}},"protected":false,"followers_count":487,"friends_count":364,"listed_count":7,"created_at":"Tue Jun 24 13:06:18 +0000 2014","favourites_count":48,"utc_offset":7200,"time_zone":"Athens","geo_enabled":false,"verified":false,"statuses_count":17554,"lang":"en-gb","contributors_enabled":false,"is_translator":false,"is_translation_enabled":false,"profile_background_color":"C0DEED","profile_background_image_url":"http:\/\/abs.twimg.com\/images\/themes\/theme1\/bg.png","profile_background_image_url_https":"https:\/\/abs.twimg.com\/images\/themes\/theme1\/bg.png","profile_background_tile":false,"profile_image_url":"http:\/\/pbs.twimg.com\/profile_images\/744580031339442176\/POUA80HZ_normal.jpg","profile_image_url_https":"https:\/\/pbs.twimg.com\/profile_images\/744580031339442176\/POUA80HZ_normal.jpg","profile_banner_url":"https:\/\/pbs.twimg.com\/profile_banners\/2585761837\/1451321520","profile_link_color":"1DA1F2","profile_sidebar_border_color":"C0DEED","profile_sidebar_fill_color":"DDEEF6","profile_text_color":"333333","profile_use_background_image":true,"has_extended_profile":false,"default_profile":true,"default_profile_image":false,"following":false,"follow_request_sent":false,"notifications":false,"translator_type":"none"},"geo":null,"coordinates":null,"place":null,"contributors":null,"is_quote_status":false,"retweet_count":13,"favorite_count":16,"favorited":false,"retweeted":false,"possibly_sensitive":false,"possibly_sensitive_appealable":false,"lang":"en"},"retweet_count":0,"favorite_count":1,"favorited":false,"retweeted":false,"possibly_sensitive":false,"possibly_sensitive_appealable":false,"lang":"en"}
