{"created_at":"Thu Jan 12 08:13:03 +0000 2017","id":819457148576997377,"id_str":"819457148576997377","text":"@Nedbank Hi there, I got a platinum card with a different acc no than my primary acc. Can I call ur call center to link it to my profile?","truncated":false,"entities":{"hashtags":[],"symbols":[],"user_mentions":[{"screen_name":"Nedbank","name":"Nedbank","id":349804439,"id_str":"349804439","indices":[0,8]}],"urls":[]},"source":"\u003ca href=\"http:\/\/itunes.apple.com\/us\/app\/twitter\/id409789998?mt=12\" rel=\"nofollow\"\u003eTwitter for Mac\u003c\/a\u003e","in_reply_to_status_id":null,"in_reply_to_status_id_str":null,"in_reply_to_user_id":349804439,"in_reply_to_user_id_str":"349804439","in_reply_to_screen_name":"Nedbank","user":{"id":390962565,"id_str":"390962565","name":"PameLa Ramagoshi, MD","screen_name":"HotCommodityItu","location":"Constantia, WC","description":"UCT Medical Student (6th Year). Holder of Commercial Pilot Licence (CPL & PPL) w\/ 2000 hours. Avid Biker. Epinephrine Junkie. DEBUTANTE. The list is endless...","url":null,"entities":{"description":{"urls":[]}},"protected":false,"followers_count":1000,"friends_count":300,"listed_count":1,"created_at":"Fri Oct 14 20:39:10 +0000 2011","favourites_count":19,"utc_offset":-7200,"time_zone":"Mid-Atlantic","geo_enabled":true,"verified":false,"statuses_count":10281,"lang":"en","contributors_enabled":false,"is_translator":false,"is_translation_enabled":false,"profile_background_color":"642D8B","profile_background_image_url":"http:\/\/pbs.twimg.com\/profile_background_images\/713945130\/3c9a8bcb239d928ebf780879c9a25e3f.jpeg","profile_background_image_url_https":"https:\/\/pbs.twimg.com\/profile_background_images\/713945130\/3c9a8bcb239d928ebf780879c9a25e3f.jpeg","profile_background_tile":true,"profile_image_url":"http:\/\/pbs.twimg.com\/profile_images\/787238274297368576\/yCWc5au4_normal.jpg","profile_image_url_https":"https:\/\/pbs.twimg.com\/profile_images\/787238274297368576\/yCWc5au4_normal.jpg","profile_banner_url":"https:\/\/pbs.twimg.com\/profile_banners\/390962565\/1447132933","profile_link_color":"FF0000","profile_sidebar_border_color":"FFFFFF","profile_sidebar_fill_color":"7AC3EE","profile_text_color":"3D1957","profile_use_background_image":true,"has_extended_profile":false,"default_profile":false,"default_profile_image":false,"following":false,"follow_request_sent":false,"notifications":false,"translator_type":"none"},"geo":null,"coordinates":null,"place":null,"contributors":null,"is_quote_status":false,"retweet_count":0,"favorite_count":0,"favorited":false,"retweeted":false,"lang":"en"}
