{"created_at":"Thu Jan 12 08:13:06 +0000 2017","id":819457161180880896,"id_str":"819457161180880896","text":"I have decided on the issue of @POTUS Donald Trump, it is best we all maintain a dignified silence - which the song reminds us is golden","truncated":false,"entities":{"hashtags":[],"symbols":[],"user_mentions":[{"screen_name":"POTUS","name":"President Obama","id":1536791610,"id_str":"1536791610","indices":[31,37]}],"urls":[]},"source":"\u003ca href=\"http:\/\/twitter.com\/download\/iphone\" rel=\"nofollow\"\u003eTwitter for iPhone\u003c\/a\u003e","in_reply_to_status_id":null,"in_reply_to_status_id_str":null,"in_reply_to_user_id":null,"in_reply_to_user_id_str":null,"in_reply_to_screen_name":null,"user":{"id":2339181019,"id_str":"2339181019","name":"Adrian Yalland","screen_name":"AdrianYalland","location":"London & France","description":"Devon boy in exile! Metalhead, Whiggish Tory. Lakes, wine, ale, cooking, music, cricket, rugby, history & politics for fun. Law for a living. Pro Brexit & EEA!","url":"https:\/\/t.co\/IAHLj4qvFZ","entities":{"url":{"urls":[{"url":"https:\/\/t.co\/IAHLj4qvFZ","expanded_url":"http:\/\/www.singlemarket.org.uk","display_url":"singlemarket.org.uk","indices":[0,23]}]},"description":{"urls":[]}},"protected":false,"followers_count":354,"friends_count":720,"listed_count":3,"created_at":"Tue Feb 11 21:22:47 +0000 2014","favourites_count":1693,"utc_offset":null,"time_zone":null,"geo_enabled":true,"verified":false,"statuses_count":4830,"lang":"en-gb","contributors_enabled":false,"is_translator":false,"is_translation_enabled":false,"profile_background_color":"C0DEED","profile_background_image_url":"http:\/\/abs.twimg.com\/images\/themes\/theme1\/bg.png","profile_background_image_url_https":"https:\/\/abs.twimg.com\/images\/themes\/theme1\/bg.png","profile_background_tile":false,"profile_image_url":"http:\/\/pbs.twimg.com\/profile_images\/813499346553569280\/LWhz2yAY_normal.jpg","profile_image_url_https":"https:\/\/pbs.twimg.com\/profile_images\/813499346553569280\/LWhz2yAY_normal.jpg","profile_banner_url":"https:\/\/pbs.twimg.com\/profile_banners\/2339181019\/1484053788","profile_link_color":"1DA1F2","profile_sidebar_border_color":"C0DEED","profile_sidebar_fill_color":"DDEEF6","profile_text_color":"333333","profile_use_background_image":true,"has_extended_profile":false,"default_profile":true,"default_profile_image":false,"following":false,"follow_request_sent":false,"notifications":false,"translator_type":"none"},"geo":null,"coordinates":null,"place":null,"contributors":null,"is_quote_status":false,"retweet_count":1,"favorite_count":1,"favorited":false,"retweeted":false,"lang":"en"}
