{"created_at":"Thu Jan 12 08:13:01 +0000 2017","id":819457139299287040,"id_str":"819457139299287040","text":"i'm finna wake him up idc idc i can't sleep","truncated":false,"entities":{"hashtags":[],"symbols":[],"user_mentions":[],"urls":[]},"source":"\u003ca href=\"http:\/\/twitter.com\/download\/iphone\" rel=\"nofollow\"\u003eTwitter for iPhone\u003c\/a\u003e","in_reply_to_status_id":null,"in_reply_to_status_id_str":null,"in_reply_to_user_id":null,"in_reply_to_user_id_str":null,"in_reply_to_screen_name":null,"user":{"id":2477669659,"id_str":"2477669659","name":"\u27282\/13\ud83d\udc51","screen_name":"shamia____","location":"Tennessee State University 19'","description":"P E N D I N G ..... & she a college girl \u2728sophomore @_dukkke here follow me \ud83d\udcab","url":"https:\/\/t.co\/izOBYBksox","entities":{"url":{"urls":[{"url":"https:\/\/t.co\/izOBYBksox","expanded_url":"http:\/\/wrongbitch.com","display_url":"wrongbitch.com","indices":[0,23]}]},"description":{"urls":[]}},"protected":false,"followers_count":1156,"friends_count":803,"listed_count":2,"created_at":"Mon May 05 01:49:24 +0000 2014","favourites_count":4442,"utc_offset":null,"time_zone":null,"geo_enabled":true,"verified":false,"statuses_count":18979,"lang":"en","contributors_enabled":false,"is_translator":false,"is_translation_enabled":false,"profile_background_color":"DBE9ED","profile_background_image_url":"http:\/\/pbs.twimg.com\/profile_background_images\/480552764615839745\/uuZf-Ks7.jpeg","profile_background_image_url_https":"https:\/\/pbs.twimg.com\/profile_background_images\/480552764615839745\/uuZf-Ks7.jpeg","profile_background_tile":false,"profile_image_url":"http:\/\/pbs.twimg.com\/profile_images\/806960285097594881\/A5OiD93a_normal.jpg","profile_image_url_https":"https:\/\/pbs.twimg.com\/profile_images\/806960285097594881\/A5OiD93a_normal.jpg","profile_banner_url":"https:\/\/pbs.twimg.com\/profile_banners\/2477669659\/1480263688","profile_link_color":"CC3366","profile_sidebar_border_color":"000000","profile_sidebar_fill_color":"DDEEF6","profile_text_color":"333333","profile_use_background_image":true,"has_extended_profile":true,"default_profile":false,"default_profile_image":false,"following":false,"follow_request_sent":false,"notifications":false,"translator_type":"none"},"geo":null,"coordinates":null,"place":null,"contributors":null,"is_quote_status":false,"retweet_count":0,"favorite_count":0,"favorited":false,"retweeted":false,"lang":"en"}
