{"created_at":"Thu Jan 12 08:13:06 +0000 2017","id":819457159805235200,"id_str":"819457159805235200","text":"God i missed my baby so much look at him yall kdjdjdjsjsjsjs https:\/\/t.co\/EJrG0A9HCL","truncated":false,"entities":{"hashtags":[],"symbols":[],"user_mentions":[],"urls":[],"media":[{"id":819422440241631232,"id_str":"819422440241631232","indices":[61,84],"media_url":"http:\/\/pbs.twimg.com\/media\/C18sXi-WEAAZvbt.jpg","media_url_https":"https:\/\/pbs.twimg.com\/media\/C18sXi-WEAAZvbt.jpg","url":"https:\/\/t.co\/EJrG0A9HCL","display_url":"pic.twitter.com\/EJrG0A9HCL","expanded_url":"https:\/\/twitter.com\/OfficialWith1D\/status\/819422445161631744\/photo\/1","type":"photo","sizes":{"small":{"w":540,"h":612,"resize":"fit"},"large":{"w":540,"h":612,"resize":"fit"},"thumb":{"w":150,"h":150,"resize":"crop"},"medium":{"w":540,"h":612,"resize":"fit"}},"source_status_id":819422445161631744,"source_status_id_str":"819422445161631744","source_user_id":3233402826,"source_user_id_str":"3233402826"}]},"extended_entities":{"media":[{"id":819422440241631232,"id_str":"819422440241631232","indices":[61,84],"media_url":"http:\/\/pbs.twimg.com\/media\/C18sXi-WEAAZvbt.jpg","media_url_https":"https:\/\/pbs.twimg.com\/media\/C18sXi-WEAAZvbt.jpg","url":"https:\/\/t.co\/EJrG0A9HCL","display_url":"pic.twitter.com\/EJrG0A9HCL","expanded_url":"https:\/\/twitter.com\/OfficialWith1D\/status\/819422445161631744\/photo\/1","type":"photo","sizes":{"small":{"w":540,"h":612,"resize":"fit"},"large":{"w":540,"h":612,"resize":"fit"},"thumb":{"w":150,"h":150,"resize":"crop"},"medium":{"w":540,"h":612,"resize":"fit"}},"source_status_id":819422445161631744,"source_status_id_str":"819422445161631744","source_user_id":3233402826,"source_user_id_str":"3233402826"},{"id":819422440325611524,"id_str":"819422440325611524","indices":[61,84],"media_url":"http:\/\/pbs.twimg.com\/media\/C18sXjSXgAQiliF.jpg","media_url_https":"https:\/\/pbs.twimg.com\/media\/C18sXjSXgAQiliF.jpg","url":"https:\/\/t.co\/EJrG0A9HCL","display_url":"pic.twitter.com\/EJrG0A9HCL","expanded_url":"https:\/\/twitter.com\/OfficialWith1D\/status\/819422445161631744\/photo\/1","type":"photo","sizes":{"medium":{"w":540,"h":810,"resize":"fit"},"thumb":{"w":150,"h":150,"resize":"crop"},"large":{"w":540,"h":810,"resize":"fit"},"small":{"w":453,"h":680,"resize":"fit"}},"source_status_id":819422445161631744,"source_status_id_str":"819422445161631744","source_user_id":3233402826,"source_user_id_str":"3233402826"}]},"source":"\u003ca href=\"http:\/\/twitter.com\/download\/iphone\" rel=\"nofollow\"\u003eTwitter for iPhone\u003c\/a\u003e","in_reply_to_status_id":null,"in_reply_to_status_id_str":null,"in_reply_to_user_id":null,"in_reply_to_user_id_str":null,"in_reply_to_screen_name":null,"user":{"id":2288140264,"id_str":"2288140264","name":"jayn .","screen_name":"jojo_jayn","location":"0\/5 one day  ","description":"How did you get your booty? '@misterpreda mentioned you in a comment: The Lord Jesus Christ @jojoxjai'","url":"https:\/\/t.co\/tNT0vbKX3E","entities":{"url":{"urls":[{"url":"https:\/\/t.co\/tNT0vbKX3E","expanded_url":"https:\/\/vine.co\/v\/Odd3Um5wWAg","display_url":"vine.co\/v\/Odd3Um5wWAg","indices":[0,23]}]},"description":{"urls":[]}},"protected":false,"followers_count":5842,"friends_count":709,"listed_count":138,"created_at":"Fri Jan 17 14:53:12 +0000 2014","favourites_count":65790,"utc_offset":null,"time_zone":null,"geo_enabled":true,"verified":false,"statuses_count":255487,"lang":"ar","contributors_enabled":false,"is_translator":false,"is_translation_enabled":false,"profile_background_color":"C0DEED","profile_background_image_url":"http:\/\/abs.twimg.com\/images\/themes\/theme1\/bg.png","profile_background_image_url_https":"https:\/\/abs.twimg.com\/images\/themes\/theme1\/bg.png","profile_background_tile":false,"profile_image_url":"http:\/\/pbs.twimg.com\/profile_images\/807644348087029760\/6hQbKqmP_normal.jpg","profile_image_url_https":"https:\/\/pbs.twimg.com\/profile_images\/807644348087029760\/6hQbKqmP_normal.jpg","profile_banner_url":"https:\/\/pbs.twimg.com\/profile_banners\/2288140264\/1481299115","profile_link_color":"1DA1F2","profile_sidebar_border_color":"C0DEED","profile_sidebar_fill_color":"DDEEF6","profile_text_color":"333333","profile_use_background_image":true,"has_extended_profile":true,"default_profile":true,"default_profile_image":false,"following":false,"follow_request_sent":false,"notifications":false,"translator_type":"regular"},"geo":null,"coordinates":null,"place":null,"contributors":null,"is_quote_status":false,"retweet_count":0,"favorite_count":0,"favorited":false,"retweeted":false,"possibly_sensitive":false,"possibly_sensitive_appealable":false,"lang":"en"}
