{"created_at":"Thu Jan 12 08:13:06 +0000 2017","id":819457159175880704,"id_str":"819457159175880704","text":"@NnMJSB \u3042\u30682\u30f6\u6708\u5f8c\u3050\u3089\u3044\uff1f\uff08\uff1b\uff3f\uff1b\uff09","truncated":false,"entities":{"hashtags":[],"symbols":[],"user_mentions":[{"screen_name":"NnMJSB","name":"\u270c\ufe0eo \uff9a \uff75 \ufe0e\ufe0e\ufe0e\u270c\ufe0e","id":4099349653,"id_str":"4099349653","indices":[0,7]}],"urls":[]},"source":"\u003ca href=\"http:\/\/twitter.com\/download\/iphone\" rel=\"nofollow\"\u003eTwitter for iPhone\u003c\/a\u003e","in_reply_to_status_id":819153163546570753,"in_reply_to_status_id_str":"819153163546570753","in_reply_to_user_id":4099349653,"in_reply_to_user_id_str":"4099349653","in_reply_to_screen_name":"NnMJSB","user":{"id":4887141554,"id_str":"4887141554","name":"y u r i \uff01\u2764\ufe0e","screen_name":"___orereo","location":"\u308c\u307c\u308a\u3085\u30fc\u3057\u3087\u3093\u3067\u6307\u5dee\u3057\u30b9\u30de\u30a4\u30eb...\u2764\ufe0e \u304a\u3093\u308a","description":"\ud83c\udf1c+ \u8cb4\u65b9\u3068\u30d0\u30fc\u30b9\u30c7\u30fc\u306f3\u65e5\u9055\u3044.\u3080\u3061\u3080\u3061\u304f\u3093\uff01\u2661","url":null,"entities":{"description":{"urls":[]}},"protected":false,"followers_count":1176,"friends_count":363,"listed_count":8,"created_at":"Wed Feb 10 08:41:58 +0000 2016","favourites_count":2105,"utc_offset":null,"time_zone":null,"geo_enabled":false,"verified":false,"statuses_count":4317,"lang":"ja","contributors_enabled":false,"is_translator":false,"is_translation_enabled":false,"profile_background_color":"F5F8FA","profile_background_image_url":null,"profile_background_image_url_https":null,"profile_background_tile":false,"profile_image_url":"http:\/\/pbs.twimg.com\/profile_images\/814801711273361409\/jCrEm6eN_normal.jpg","profile_image_url_https":"https:\/\/pbs.twimg.com\/profile_images\/814801711273361409\/jCrEm6eN_normal.jpg","profile_banner_url":"https:\/\/pbs.twimg.com\/profile_banners\/4887141554\/1483571517","profile_link_color":"1DA1F2","profile_sidebar_border_color":"C0DEED","profile_sidebar_fill_color":"DDEEF6","profile_text_color":"333333","profile_use_background_image":true,"has_extended_profile":false,"default_profile":true,"default_profile_image":false,"following":false,"follow_request_sent":false,"notifications":false,"translator_type":"none"},"geo":null,"coordinates":null,"place":null,"contributors":null,"is_quote_status":false,"retweet_count":0,"favorite_count":0,"favorited":false,"retweeted":false,"lang":"ja"}
