{"created_at":"Thu Jan 12 08:13:04 +0000 2017","id":819457152343543810,"id_str":"819457152343543810","text":"@divazappa watching your dad documentary \"Eat That ?\" Sad that I didn't listen to him sooner #BetterThanNever #EccentricKindOfGuy #ThankYou","truncated":false,"entities":{"hashtags":[{"text":"BetterThanNever","indices":[93,109]},{"text":"EccentricKindOfGuy","indices":[110,129]},{"text":"ThankYou","indices":[130,139]}],"symbols":[],"user_mentions":[{"screen_name":"divazappa","name":"Diva Zappa","id":26088221,"id_str":"26088221","indices":[0,10]}],"urls":[]},"source":"\u003ca href=\"http:\/\/twitter.com\/download\/android\" rel=\"nofollow\"\u003eTwitter for Android\u003c\/a\u003e","in_reply_to_status_id":null,"in_reply_to_status_id_str":null,"in_reply_to_user_id":26088221,"in_reply_to_user_id_str":"26088221","in_reply_to_screen_name":"divazappa","user":{"id":2726489980,"id_str":"2726489980","name":"Dana Griebell","screen_name":"DGriebell","location":"RLB, IL","description":"Just a regular FunGi","url":null,"entities":{"description":{"urls":[]}},"protected":false,"followers_count":105,"friends_count":649,"listed_count":4,"created_at":"Sun Jul 27 16:40:58 +0000 2014","favourites_count":9298,"utc_offset":null,"time_zone":null,"geo_enabled":true,"verified":false,"statuses_count":1530,"lang":"en","contributors_enabled":false,"is_translator":false,"is_translation_enabled":false,"profile_background_color":"C0DEED","profile_background_image_url":"http:\/\/abs.twimg.com\/images\/themes\/theme1\/bg.png","profile_background_image_url_https":"https:\/\/abs.twimg.com\/images\/themes\/theme1\/bg.png","profile_background_tile":false,"profile_image_url":"http:\/\/pbs.twimg.com\/profile_images\/799403270032814081\/QLVUmiW1_normal.jpg","profile_image_url_https":"https:\/\/pbs.twimg.com\/profile_images\/799403270032814081\/QLVUmiW1_normal.jpg","profile_banner_url":"https:\/\/pbs.twimg.com\/profile_banners\/2726489980\/1451263194","profile_link_color":"1DA1F2","profile_sidebar_border_color":"C0DEED","profile_sidebar_fill_color":"DDEEF6","profile_text_color":"333333","profile_use_background_image":true,"has_extended_profile":true,"default_profile":true,"default_profile_image":false,"following":false,"follow_request_sent":false,"notifications":false,"translator_type":"none"},"geo":null,"coordinates":null,"place":null,"contributors":null,"is_quote_status":false,"retweet_count":0,"favorite_count":0,"favorited":false,"retweeted":false,"lang":"en"}
