{"created_at":"Thu Jan 12 08:13:04 +0000 2017","id":819457152708440068,"id_str":"819457152708440068","text":"Um, is the story for KHUX necessary to understand 2.8?? I've played every single kh game except KHUX I'm still on mission 108..","truncated":false,"entities":{"hashtags":[],"symbols":[],"user_mentions":[],"urls":[]},"source":"\u003ca href=\"http:\/\/twitter.com\/download\/android\" rel=\"nofollow\"\u003eTwitter for Android\u003c\/a\u003e","in_reply_to_status_id":null,"in_reply_to_status_id_str":null,"in_reply_to_user_id":null,"in_reply_to_user_id_str":null,"in_reply_to_screen_name":null,"user":{"id":721129176716038144,"id_str":"721129176716038144","name":"\ud83d\udc0b:yadi\ud83d\udc0b","screen_name":"promptotxt","location":"I love Hayner the most","description":"||  \u1d9c\u1d58\u02b3\u02b3\u1d49\u1db0\u1d57\u1dab\u02b8 \u1da6\u1db0 \u1d37\u1d34 \u1d43\u1db0\u1d48 \u1da0\u1da0\u02e3\u1d5b \u02b0\u1d49\u1dab\u1dab\u207b \u02b0\u1d49\u1dab\u1d56 \u1d50\u1d49 || \u1da6 \u02b7\u1d43\u1db0\u1d57 \u1d57\u1d52 \u02b3\u1da6\u1d48\u1d49 \u1d50\u02b8 \u1d9c\u02b0\u1d52\u1d9c\u1d52\u1d47\u1d52 \u1d43\u1dab\u1dab \u1d48\u1d43\u02b8 !! ||","url":"https:\/\/t.co\/kJLT6tnLI4","entities":{"url":{"urls":[{"url":"https:\/\/t.co\/kJLT6tnLI4","expanded_url":"https:\/\/listography.com\/anonymousetxt","display_url":"listography.com\/anonymousetxt","indices":[0,23]}]},"description":{"urls":[]}},"protected":false,"followers_count":406,"friends_count":176,"listed_count":6,"created_at":"Sat Apr 16 00:12:48 +0000 2016","favourites_count":6658,"utc_offset":-28800,"time_zone":"Pacific Time (US & Canada)","geo_enabled":false,"verified":false,"statuses_count":2490,"lang":"en","contributors_enabled":false,"is_translator":false,"is_translation_enabled":false,"profile_background_color":"000000","profile_background_image_url":"http:\/\/abs.twimg.com\/images\/themes\/theme1\/bg.png","profile_background_image_url_https":"https:\/\/abs.twimg.com\/images\/themes\/theme1\/bg.png","profile_background_tile":false,"profile_image_url":"http:\/\/pbs.twimg.com\/profile_images\/815377688755998726\/c51IYG4d_normal.jpg","profile_image_url_https":"https:\/\/pbs.twimg.com\/profile_images\/815377688755998726\/c51IYG4d_normal.jpg","profile_banner_url":"https:\/\/pbs.twimg.com\/profile_banners\/721129176716038144\/1483236239","profile_link_color":"7FDBB6","profile_sidebar_border_color":"000000","profile_sidebar_fill_color":"000000","profile_text_color":"000000","profile_use_background_image":false,"has_extended_profile":true,"default_profile":false,"default_profile_image":false,"following":false,"follow_request_sent":false,"notifications":false,"translator_type":"none"},"geo":null,"coordinates":null,"place":null,"contributors":null,"is_quote_status":false,"retweet_count":0,"favorite_count":5,"favorited":false,"retweeted":false,"lang":"en"}
