{"created_at":"Thu Jan 12 08:13:04 +0000 2017","id":819457152079101952,"id_str":"819457152079101952","text":"Can yall put me on some good coffee or fraps that will keep me awake. I dont drink coffee cos it taste hella nasty I need flavor! !","truncated":false,"entities":{"hashtags":[],"symbols":[],"user_mentions":[],"urls":[]},"source":"\u003ca href=\"https:\/\/mobile.twitter.com\" rel=\"nofollow\"\u003eMobile Web (M5)\u003c\/a\u003e","in_reply_to_status_id":null,"in_reply_to_status_id_str":null,"in_reply_to_user_id":null,"in_reply_to_user_id_str":null,"in_reply_to_screen_name":null,"user":{"id":2812110566,"id_str":"2812110566","name":"Ari","screen_name":"ariannasvp","location":"707","description":"","url":null,"entities":{"description":{"urls":[]}},"protected":false,"followers_count":128,"friends_count":121,"listed_count":0,"created_at":"Mon Sep 15 23:36:33 +0000 2014","favourites_count":1852,"utc_offset":null,"time_zone":null,"geo_enabled":true,"verified":false,"statuses_count":6937,"lang":"en","contributors_enabled":false,"is_translator":false,"is_translation_enabled":false,"profile_background_color":"C0DEED","profile_background_image_url":"http:\/\/abs.twimg.com\/images\/themes\/theme1\/bg.png","profile_background_image_url_https":"https:\/\/abs.twimg.com\/images\/themes\/theme1\/bg.png","profile_background_tile":false,"profile_image_url":"http:\/\/pbs.twimg.com\/profile_images\/816694347047440384\/6IobXOYL_normal.jpg","profile_image_url_https":"https:\/\/pbs.twimg.com\/profile_images\/816694347047440384\/6IobXOYL_normal.jpg","profile_banner_url":"https:\/\/pbs.twimg.com\/profile_banners\/2812110566\/1476321152","profile_link_color":"1DA1F2","profile_sidebar_border_color":"C0DEED","profile_sidebar_fill_color":"DDEEF6","profile_text_color":"333333","profile_use_background_image":true,"has_extended_profile":true,"default_profile":true,"default_profile_image":false,"following":false,"follow_request_sent":false,"notifications":false,"translator_type":"none"},"geo":null,"coordinates":null,"place":null,"contributors":null,"is_quote_status":false,"retweet_count":0,"favorite_count":1,"favorited":false,"retweeted":false,"lang":"en"}
