{"created_at":"Thu Jan 12 08:13:01 +0000 2017","id":819457140964241410,"id_str":"819457140964241410","text":"THIS MOVIE IS GIVING ME SO MUCH FEELS.. i cant","truncated":false,"entities":{"hashtags":[],"symbols":[],"user_mentions":[],"urls":[]},"source":"\u003ca href=\"http:\/\/twitter.com\/download\/iphone\" rel=\"nofollow\"\u003eTwitter for iPhone\u003c\/a\u003e","in_reply_to_status_id":null,"in_reply_to_status_id_str":null,"in_reply_to_user_id":null,"in_reply_to_user_id_str":null,"in_reply_to_screen_name":null,"user":{"id":406040966,"id_str":"406040966","name":"reniela marie","screen_name":"ninisnvctrs","location":"Grapevine, TX","description":"\ud83d\udcf7 & \ud83d\udc7b : ninisnvctrs","url":"https:\/\/t.co\/3oMAlUVf6E","entities":{"url":{"urls":[{"url":"https:\/\/t.co\/3oMAlUVf6E","expanded_url":"https:\/\/www.facebook.com\/reniela.marie","display_url":"facebook.com\/reniela.marie","indices":[0,23]}]},"description":{"urls":[]}},"protected":false,"followers_count":706,"friends_count":331,"listed_count":2,"created_at":"Sun Nov 06 05:03:53 +0000 2011","favourites_count":6347,"utc_offset":-32400,"time_zone":"Alaska","geo_enabled":true,"verified":false,"statuses_count":68242,"lang":"en","contributors_enabled":false,"is_translator":false,"is_translation_enabled":false,"profile_background_color":"7514C9","profile_background_image_url":"http:\/\/pbs.twimg.com\/profile_background_images\/604601289570271232\/ENCj5B_k.jpg","profile_background_image_url_https":"https:\/\/pbs.twimg.com\/profile_background_images\/604601289570271232\/ENCj5B_k.jpg","profile_background_tile":true,"profile_image_url":"http:\/\/pbs.twimg.com\/profile_images\/801017051108110337\/Wdhh1U2E_normal.jpg","profile_image_url_https":"https:\/\/pbs.twimg.com\/profile_images\/801017051108110337\/Wdhh1U2E_normal.jpg","profile_banner_url":"https:\/\/pbs.twimg.com\/profile_banners\/406040966\/1479821739","profile_link_color":"7514C9","profile_sidebar_border_color":"000000","profile_sidebar_fill_color":"000000","profile_text_color":"611CC9","profile_use_background_image":true,"has_extended_profile":true,"default_profile":false,"default_profile_image":false,"following":false,"follow_request_sent":false,"notifications":false,"translator_type":"none"},"geo":null,"coordinates":null,"place":null,"contributors":null,"is_quote_status":false,"retweet_count":0,"favorite_count":0,"favorited":false,"retweeted":false,"lang":"en"}
