{"created_at":"Thu Jan 12 08:13:03 +0000 2017","id":819457145976586240,"id_str":"819457145976586240","text":"I'm actually married to myself... I'm sorry but yeah. I'm very happy with my spouse https:\/\/t.co\/UkBhCY9Kjr","truncated":false,"entities":{"hashtags":[],"symbols":[],"user_mentions":[],"urls":[{"url":"https:\/\/t.co\/UkBhCY9Kjr","expanded_url":"https:\/\/twitter.com\/jennadillinder\/status\/819456739661778944","display_url":"twitter.com\/jennadillinder\u2026","indices":[84,107]}]},"source":"\u003ca href=\"http:\/\/twitter.com\/download\/iphone\" rel=\"nofollow\"\u003eTwitter for iPhone\u003c\/a\u003e","in_reply_to_status_id":null,"in_reply_to_status_id_str":null,"in_reply_to_user_id":null,"in_reply_to_user_id_str":null,"in_reply_to_screen_name":null,"user":{"id":742236810,"id_str":"742236810","name":"Lexi","screen_name":"lexisheridan97","location":"RIPalonna","description":"8\/30\/15\u2764\ufe0f sc: lexi_sheridan","url":null,"entities":{"description":{"urls":[]}},"protected":false,"followers_count":901,"friends_count":493,"listed_count":2,"created_at":"Tue Aug 07 05:41:10 +0000 2012","favourites_count":13650,"utc_offset":-14400,"time_zone":"Atlantic Time (Canada)","geo_enabled":true,"verified":false,"statuses_count":22988,"lang":"en","contributors_enabled":false,"is_translator":false,"is_translation_enabled":false,"profile_background_color":"C0DEED","profile_background_image_url":"http:\/\/abs.twimg.com\/images\/themes\/theme1\/bg.png","profile_background_image_url_https":"https:\/\/abs.twimg.com\/images\/themes\/theme1\/bg.png","profile_background_tile":false,"profile_image_url":"http:\/\/pbs.twimg.com\/profile_images\/815089478259896321\/XLgNF5zA_normal.jpg","profile_image_url_https":"https:\/\/pbs.twimg.com\/profile_images\/815089478259896321\/XLgNF5zA_normal.jpg","profile_banner_url":"https:\/\/pbs.twimg.com\/profile_banners\/742236810\/1483664965","profile_link_color":"0084B4","profile_sidebar_border_color":"C0DEED","profile_sidebar_fill_color":"DDEEF6","profile_text_color":"333333","profile_use_background_image":true,"has_extended_profile":true,"default_profile":false,"default_profile_image":false,"following":false,"follow_request_sent":false,"notifications":false,"translator_type":"none"},"geo":null,"coordinates":null,"place":null,"contributors":null,"is_quote_status":true,"quoted_status_id":819456739661778944,"quoted_status_id_str":"819456739661778944","quoted_status":{"created_at":"Thu Jan 12 08:11:26 +0000 2017","id":819456739661778944,"id_str":"819456739661778944","text":"@lexisheridan97 u can be on me \ud83d\ude0d\ud83d\ude0d\ud83c\udf08","truncated":false,"entities":{"hashtags":[],"symbols":[],"user_mentions":[{"screen_name":"lexisheridan97","name":"Lexi","id":742236810,"id_str":"742236810","indices":[0,15]}],"urls":[]},"source":"\u003ca href=\"http:\/\/twitter.com\/download\/iphone\" rel=\"nofollow\"\u003eTwitter for iPhone\u003c\/a\u003e","in_reply_to_status_id":819456657667330049,"in_reply_to_status_id_str":"819456657667330049","in_reply_to_user_id":742236810,"in_reply_to_user_id_str":"742236810","in_reply_to_screen_name":"lexisheridan97","user":{"id":511186553,"id_str":"511186553","name":"j money","screen_name":"JennaDillinder","location":"Milton, Wisconsin","description":"tana, jaclyn, gabbie, DOLANS, g-eazy, MGK, timeflies","url":null,"entities":{"description":{"urls":[]}},"protected":false,"followers_count":783,"friends_count":1313,"listed_count":3,"created_at":"Fri Mar 02 01:48:21 +0000 2012","favourites_count":5649,"utc_offset":-36000,"time_zone":"Hawaii","geo_enabled":true,"verified":false,"statuses_count":13902,"lang":"en","contributors_enabled":false,"is_translator":false,"is_translation_enabled":false,"profile_background_color":"15E6E6","profile_background_image_url":"http:\/\/pbs.twimg.com\/profile_background_images\/513001960861990912\/gl_1mJGh.jpeg","profile_background_image_url_https":"https:\/\/pbs.twimg.com\/profile_background_images\/513001960861990912\/gl_1mJGh.jpeg","profile_background_tile":true,"profile_image_url":"http:\/\/pbs.twimg.com\/profile_images\/818919547512176640\/BK2dqIj3_normal.jpg","profile_image_url_https":"https:\/\/pbs.twimg.com\/profile_images\/818919547512176640\/BK2dqIj3_normal.jpg","profile_banner_url":"https:\/\/pbs.twimg.com\/profile_banners\/511186553\/1478946624","profile_link_color":"F00938","profile_sidebar_border_color":"FFFFFF","profile_sidebar_fill_color":"7AC3EE","profile_text_color":"3D1957","profile_use_background_image":true,"has_extended_profile":true,"default_profile":false,"default_profile_image":false,"following":false,"follow_request_sent":false,"notifications":false,"translator_type":"none"},"geo":null,"coordinates":null,"place":null,"contributors":null,"is_quote_status":false,"retweet_count":0,"favorite_count":1,"favorited":false,"retweeted":false,"lang":"en"},"retweet_count":0,"favorite_count":2,"favorited":false,"retweeted":false,"possibly_sensitive":false,"possibly_sensitive_appealable":false,"lang":"en"}
