{"created_at":"Thu Jan 12 08:13:05 +0000 2017","id":819457155459739648,"id_str":"819457155459739648","text":"#Tapoutmusic | HOTTTTT: Lomedi \u2013 Livina (Prod. by Gem) https:\/\/t.co\/JmkDSHGddH via @tapoutmusic https:\/\/t.co\/LiySX6LkWp","truncated":false,"entities":{"hashtags":[{"text":"Tapoutmusic","indices":[0,12]}],"symbols":[],"user_mentions":[{"screen_name":"TapouTmusic","name":"TOM Follow Central","id":129231690,"id_str":"129231690","indices":[83,95]}],"urls":[{"url":"https:\/\/t.co\/JmkDSHGddH","expanded_url":"http:\/\/dlvr.it\/N5L580","display_url":"dlvr.it\/N5L580","indices":[55,78]}],"media":[{"id":819457152586694656,"id_str":"819457152586694656","indices":[96,119],"media_url":"http:\/\/pbs.twimg.com\/media\/C19L8EiVQAAckTC.jpg","media_url_https":"https:\/\/pbs.twimg.com\/media\/C19L8EiVQAAckTC.jpg","url":"https:\/\/t.co\/LiySX6LkWp","display_url":"pic.twitter.com\/LiySX6LkWp","expanded_url":"https:\/\/twitter.com\/iAm_Dragonz\/status\/819457155459739648\/photo\/1","type":"photo","sizes":{"small":{"w":680,"h":680,"resize":"fit"},"large":{"w":1280,"h":1280,"resize":"fit"},"thumb":{"w":150,"h":150,"resize":"crop"},"medium":{"w":1200,"h":1200,"resize":"fit"}}}]},"extended_entities":{"media":[{"id":819457152586694656,"id_str":"819457152586694656","indices":[96,119],"media_url":"http:\/\/pbs.twimg.com\/media\/C19L8EiVQAAckTC.jpg","media_url_https":"https:\/\/pbs.twimg.com\/media\/C19L8EiVQAAckTC.jpg","url":"https:\/\/t.co\/LiySX6LkWp","display_url":"pic.twitter.com\/LiySX6LkWp","expanded_url":"https:\/\/twitter.com\/iAm_Dragonz\/status\/819457155459739648\/photo\/1","type":"photo","sizes":{"small":{"w":680,"h":680,"resize":"fit"},"large":{"w":1280,"h":1280,"resize":"fit"},"thumb":{"w":150,"h":150,"resize":"crop"},"medium":{"w":1200,"h":1200,"resize":"fit"}}}]},"source":"\u003ca href=\"https:\/\/dlvrit.com\/\" rel=\"nofollow\"\u003edlvr.it\u003c\/a\u003e","in_reply_to_status_id":null,"in_reply_to_status_id_str":null,"in_reply_to_user_id":null,"in_reply_to_user_id_str":null,"in_reply_to_screen_name":null,"user":{"id":1853534864,"id_str":"1853534864","name":"MR Dragonz","screen_name":"iAm_Dragonz","location":"","description":"I rep good music","url":null,"entities":{"description":{"urls":[]}},"protected":false,"followers_count":161,"friends_count":126,"listed_count":5,"created_at":"Wed Sep 11 06:39:39 +0000 2013","favourites_count":6,"utc_offset":3600,"time_zone":"Ljubljana","geo_enabled":false,"verified":false,"statuses_count":11622,"lang":"en","contributors_enabled":false,"is_translator":false,"is_translation_enabled":false,"profile_background_color":"C0DEED","profile_background_image_url":"http:\/\/abs.twimg.com\/images\/themes\/theme1\/bg.png","profile_background_image_url_https":"https:\/\/abs.twimg.com\/images\/themes\/theme1\/bg.png","profile_background_tile":false,"profile_image_url":"http:\/\/pbs.twimg.com\/profile_images\/378800000494148743\/40222015b786baf148ceef3353f1d99d_normal.jpeg","profile_image_url_https":"https:\/\/pbs.twimg.com\/profile_images\/378800000494148743\/40222015b786baf148ceef3353f1d99d_normal.jpeg","profile_banner_url":"https:\/\/pbs.twimg.com\/profile_banners\/1853534864\/1379878901","profile_link_color":"1DA1F2","profile_sidebar_border_color":"C0DEED","profile_sidebar_fill_color":"DDEEF6","profile_text_color":"333333","profile_use_background_image":true,"has_extended_profile":false,"default_profile":true,"default_profile_image":false,"following":false,"follow_request_sent":false,"notifications":false,"translator_type":"none"},"geo":null,"coordinates":null,"place":null,"contributors":null,"is_quote_status":false,"retweet_count":0,"favorite_count":0,"favorited":false,"retweeted":false,"possibly_sensitive":false,"possibly_sensitive_appealable":false,"lang":"en"}
