{"created_at":"Thu Jan 12 08:13:03 +0000 2017","id":819457149990408193,"id_str":"819457149990408193","text":"\u96ea\u898b\u3060\u3044\u3075\u304f\u3002\u305f\u3079\u305f\u3044\u3002","truncated":false,"entities":{"hashtags":[],"symbols":[],"user_mentions":[],"urls":[]},"source":"\u003ca href=\"http:\/\/twitter.com\/download\/iphone\" rel=\"nofollow\"\u003eTwitter for iPhone\u003c\/a\u003e","in_reply_to_status_id":null,"in_reply_to_status_id_str":null,"in_reply_to_user_id":null,"in_reply_to_user_id_str":null,"in_reply_to_screen_name":null,"user":{"id":2949916298,"id_str":"2949916298","name":"\u3042\u3084\u306e","screen_name":"97I2O9","location":"\u3072 \u308d \u3055 \u304d","description":"\u8056\u611b\u21aa\ufe0e\u539a\u751f\u5b66\u9662 \u3053\u3069\u3082\u304c\u3063\u304b\u2460\u306d\u3093","url":null,"entities":{"description":{"urls":[]}},"protected":false,"followers_count":101,"friends_count":88,"listed_count":0,"created_at":"Mon Dec 29 10:45:35 +0000 2014","favourites_count":365,"utc_offset":null,"time_zone":null,"geo_enabled":false,"verified":false,"statuses_count":1256,"lang":"ja","contributors_enabled":false,"is_translator":false,"is_translation_enabled":false,"profile_background_color":"C0DEED","profile_background_image_url":"http:\/\/abs.twimg.com\/images\/themes\/theme1\/bg.png","profile_background_image_url_https":"https:\/\/abs.twimg.com\/images\/themes\/theme1\/bg.png","profile_background_tile":false,"profile_image_url":"http:\/\/pbs.twimg.com\/profile_images\/811957889245921280\/iLefnuss_normal.jpg","profile_image_url_https":"https:\/\/pbs.twimg.com\/profile_images\/811957889245921280\/iLefnuss_normal.jpg","profile_banner_url":"https:\/\/pbs.twimg.com\/profile_banners\/2949916298\/1484455965","profile_link_color":"1DA1F2","profile_sidebar_border_color":"C0DEED","profile_sidebar_fill_color":"DDEEF6","profile_text_color":"333333","profile_use_background_image":true,"has_extended_profile":true,"default_profile":true,"default_profile_image":false,"following":false,"follow_request_sent":false,"notifications":false,"translator_type":"none"},"geo":null,"coordinates":null,"place":null,"contributors":null,"is_quote_status":false,"retweet_count":0,"favorite_count":1,"favorited":false,"retweeted":false,"lang":"ja"}
