{"created_at":"Thu Jan 12 08:13:06 +0000 2017","id":819457161793146880,"id_str":"819457161793146880","text":".@shuchikalra I'm very glad you didn't kill yourself! You have a real shot at living forever! You want to? #LifeIsRidiculouslyAwesome","truncated":false,"entities":{"hashtags":[{"text":"LifeIsRidiculouslyAwesome","indices":[107,133]}],"symbols":[],"user_mentions":[{"screen_name":"shuchikalra","name":"Shuchi Singh Kalra","id":38589047,"id_str":"38589047","indices":[1,13]}],"urls":[]},"source":"\u003ca href=\"http:\/\/twitter.com\" rel=\"nofollow\"\u003eTwitter Web Client\u003c\/a\u003e","in_reply_to_status_id":819380617833918464,"in_reply_to_status_id_str":"819380617833918464","in_reply_to_user_id":38589047,"in_reply_to_user_id_str":"38589047","in_reply_to_screen_name":"shuchikalra","user":{"id":2344909848,"id_str":"2344909848","name":"Eternal Life Fan","screen_name":"RoenHorn","location":"www.RoenHorn.com","description":"I'm a Life Extension Activist and Eternal Life Coach. I'm trying my best to be practically perfect and live forever! TRUMP 2016!!! #MakeDevonTraceyLiveForever","url":"https:\/\/t.co\/PoPXIhixa6","entities":{"url":{"urls":[{"url":"https:\/\/t.co\/PoPXIhixa6","expanded_url":"http:\/\/EternalLifeFanClub.com\/","display_url":"EternalLifeFanClub.com","indices":[0,23]}]},"description":{"urls":[]}},"protected":false,"followers_count":1200,"friends_count":107,"listed_count":9,"created_at":"Sat Feb 15 10:23:36 +0000 2014","favourites_count":390,"utc_offset":-28800,"time_zone":"Pacific Time (US & Canada)","geo_enabled":false,"verified":false,"statuses_count":2058,"lang":"en","contributors_enabled":false,"is_translator":false,"is_translation_enabled":false,"profile_background_color":"C0DEED","profile_background_image_url":"http:\/\/abs.twimg.com\/images\/themes\/theme1\/bg.png","profile_background_image_url_https":"https:\/\/abs.twimg.com\/images\/themes\/theme1\/bg.png","profile_background_tile":false,"profile_image_url":"http:\/\/pbs.twimg.com\/profile_images\/792083650212876288\/tO-el-X7_normal.jpg","profile_image_url_https":"https:\/\/pbs.twimg.com\/profile_images\/792083650212876288\/tO-el-X7_normal.jpg","profile_banner_url":"https:\/\/pbs.twimg.com\/profile_banners\/2344909848\/1441057087","profile_link_color":"1DA1F2","profile_sidebar_border_color":"C0DEED","profile_sidebar_fill_color":"DDEEF6","profile_text_color":"333333","profile_use_background_image":true,"has_extended_profile":false,"default_profile":true,"default_profile_image":false,"following":false,"follow_request_sent":false,"notifications":false,"translator_type":"none"},"geo":null,"coordinates":null,"place":null,"contributors":null,"is_quote_status":false,"retweet_count":0,"favorite_count":0,"favorited":false,"retweeted":false,"lang":"en"}
