{"created_at":"Thu Jan 12 08:13:03 +0000 2017","id":819457146765066240,"id_str":"819457146765066240","text":"Besides being heartbroken by someone I didn't even expect to come into my life, my life has flipped a few times and I don't even know how.","truncated":false,"entities":{"hashtags":[],"symbols":[],"user_mentions":[],"urls":[]},"source":"\u003ca href=\"http:\/\/twitter.com\/download\/iphone\" rel=\"nofollow\"\u003eTwitter for iPhone\u003c\/a\u003e","in_reply_to_status_id":null,"in_reply_to_status_id_str":null,"in_reply_to_user_id":null,"in_reply_to_user_id_str":null,"in_reply_to_screen_name":null,"user":{"id":214748617,"id_str":"214748617","name":"Terra Leigh Hupfer","screen_name":"terrahup","location":"universal city, tx","description":"sometimes you just gotta let it happen.","url":"https:\/\/t.co\/wElbXVsUs9","entities":{"url":{"urls":[{"url":"https:\/\/t.co\/wElbXVsUs9","expanded_url":"http:\/\/redlipstickandboys.com","display_url":"redlipstickandboys.com","indices":[0,23]}]},"description":{"urls":[]}},"protected":false,"followers_count":354,"friends_count":454,"listed_count":1,"created_at":"Fri Nov 12 03:50:25 +0000 2010","favourites_count":319,"utc_offset":-21600,"time_zone":"Central Time (US & Canada)","geo_enabled":true,"verified":false,"statuses_count":9282,"lang":"en","contributors_enabled":false,"is_translator":false,"is_translation_enabled":false,"profile_background_color":"1A1B1F","profile_background_image_url":"http:\/\/pbs.twimg.com\/profile_background_images\/378800000173647877\/ZqBnG4gl.jpeg","profile_background_image_url_https":"https:\/\/pbs.twimg.com\/profile_background_images\/378800000173647877\/ZqBnG4gl.jpeg","profile_background_tile":false,"profile_image_url":"http:\/\/pbs.twimg.com\/profile_images\/819456517049032704\/_7O-owB__normal.jpg","profile_image_url_https":"https:\/\/pbs.twimg.com\/profile_images\/819456517049032704\/_7O-owB__normal.jpg","profile_banner_url":"https:\/\/pbs.twimg.com\/profile_banners\/214748617\/1472281962","profile_link_color":"2FC2EF","profile_sidebar_border_color":"FFFFFF","profile_sidebar_fill_color":"FFF200","profile_text_color":"FF385F","profile_use_background_image":true,"has_extended_profile":true,"default_profile":false,"default_profile_image":false,"following":false,"follow_request_sent":false,"notifications":false,"translator_type":"none"},"geo":null,"coordinates":null,"place":{"id":"47cd9d5952aecca4","url":"https:\/\/api.twitter.com\/1.1\/geo\/id\/47cd9d5952aecca4.json","place_type":"city","name":"Universal City","full_name":"Universal City, TX","country_code":"US","country":"United States","contained_within":[],"bounding_box":{"type":"Polygon","coordinates":[[[-98.334336,29.526112],[-98.273005,29.526112],[-98.273005,29.575606],[-98.334336,29.575606]]]},"attributes":{}},"contributors":null,"is_quote_status":false,"retweet_count":0,"favorite_count":0,"favorited":false,"retweeted":false,"lang":"en"}
