{"created_at":"Thu Jan 12 08:13:02 +0000 2017","id":819457145074761728,"id_str":"819457145074761728","text":"@cutiebeefly OHHH SO FLATTERED.... UR ART IS ASLO SO SO DARN CUTE.. I WANT MORE","truncated":false,"entities":{"hashtags":[],"symbols":[],"user_mentions":[{"screen_name":"cutiebeefly","name":"new donk city @katsu","id":754022802248855553,"id_str":"754022802248855553","indices":[0,12]}],"urls":[]},"source":"\u003ca href=\"http:\/\/twitter.com\/download\/android\" rel=\"nofollow\"\u003eTwitter for Android\u003c\/a\u003e","in_reply_to_status_id":819456943622393856,"in_reply_to_status_id_str":"819456943622393856","in_reply_to_user_id":754022802248855553,"in_reply_to_user_id_str":"754022802248855553","in_reply_to_screen_name":"cutiebeefly","user":{"id":709540338,"id_str":"709540338","name":"\ud83d\udc1f\u03b1pr\u03b9\ud83d\udcf7 @ FFXV","screen_name":"pr0mpt0s","location":"New York","description":"22 \u2022 they\/them | tales of \u2022 kid icarus \u2022 xenoblade \u2022 final fantasy \u2022 pkmn \u2022 fe13+14 | i draw a lot and i luv video games | \u2661 @punkargentum \u2661","url":"https:\/\/t.co\/8dSJA6IANj","entities":{"url":{"urls":[{"url":"https:\/\/t.co\/8dSJA6IANj","expanded_url":"http:\/\/s0bk.tumblr.com","display_url":"s0bk.tumblr.com","indices":[0,23]}]},"description":{"urls":[]}},"protected":false,"followers_count":822,"friends_count":211,"listed_count":7,"created_at":"Sat Jul 21 20:39:43 +0000 2012","favourites_count":28053,"utc_offset":-18000,"time_zone":"Eastern Time (US & Canada)","geo_enabled":false,"verified":false,"statuses_count":65742,"lang":"en","contributors_enabled":false,"is_translator":false,"is_translation_enabled":false,"profile_background_color":"FF6699","profile_background_image_url":"http:\/\/abs.twimg.com\/images\/themes\/theme11\/bg.gif","profile_background_image_url_https":"https:\/\/abs.twimg.com\/images\/themes\/theme11\/bg.gif","profile_background_tile":true,"profile_image_url":"http:\/\/pbs.twimg.com\/profile_images\/818127588136718336\/K-9ulIC4_normal.jpg","profile_image_url_https":"https:\/\/pbs.twimg.com\/profile_images\/818127588136718336\/K-9ulIC4_normal.jpg","profile_banner_url":"https:\/\/pbs.twimg.com\/profile_banners\/709540338\/1480561254","profile_link_color":"19CF86","profile_sidebar_border_color":"000000","profile_sidebar_fill_color":"000000","profile_text_color":"000000","profile_use_background_image":true,"has_extended_profile":true,"default_profile":false,"default_profile_image":false,"following":false,"follow_request_sent":false,"notifications":false,"translator_type":"none"},"geo":null,"coordinates":null,"place":null,"contributors":null,"is_quote_status":false,"retweet_count":0,"favorite_count":1,"favorited":false,"retweeted":false,"lang":"en"}
