{"created_at":"Thu Jan 12 08:13:04 +0000 2017","id":819457151995408384,"id_str":"819457151995408384","text":"@zeplin_io also i've switched to exporting &lt;5 at a time vs up to 80 and your claimed speed improvements to the export flow don't scale down","truncated":false,"entities":{"hashtags":[],"symbols":[],"user_mentions":[{"screen_name":"zeplin_io","name":"Zeplin","id":2239775923,"id_str":"2239775923","indices":[0,10]}],"urls":[]},"source":"\u003ca href=\"http:\/\/twitter.com\" rel=\"nofollow\"\u003eTwitter Web Client\u003c\/a\u003e","in_reply_to_status_id":819453945055739904,"in_reply_to_status_id_str":"819453945055739904","in_reply_to_user_id":14346574,"in_reply_to_user_id_str":"14346574","in_reply_to_screen_name":"imogenic","user":{"id":14346574,"id_str":"14346574","name":"imogen","screen_name":"imogenic","location":"bushwick","description":"we get it you don't like the beatles","url":"https:\/\/t.co\/TVxOoGgLn6","entities":{"url":{"urls":[{"url":"https:\/\/t.co\/TVxOoGgLn6","expanded_url":"http:\/\/imogennnnnnnnnnnnnnnnnnnnnnnnnnnnnnnnnnnnnnnnnnnnnnnnnnnnnnnnnn.bandcamp.com","display_url":"\u2026nnnnnnnnnnnnnnnnnnnnnnnn.bandcamp.com","indices":[0,23]}]},"description":{"urls":[]}},"protected":false,"followers_count":480,"friends_count":361,"listed_count":28,"created_at":"Wed Apr 09 23:05:51 +0000 2008","favourites_count":3749,"utc_offset":-18000,"time_zone":"Eastern Time (US & Canada)","geo_enabled":true,"verified":false,"statuses_count":32091,"lang":"en","contributors_enabled":false,"is_translator":false,"is_translation_enabled":false,"profile_background_color":"FAFAFA","profile_background_image_url":"http:\/\/pbs.twimg.com\/profile_background_images\/590189346151469056\/kZwpsLfO.jpg","profile_background_image_url_https":"https:\/\/pbs.twimg.com\/profile_background_images\/590189346151469056\/kZwpsLfO.jpg","profile_background_tile":false,"profile_image_url":"http:\/\/pbs.twimg.com\/profile_images\/801147739887247360\/Fqq0ACF6_normal.jpg","profile_image_url_https":"https:\/\/pbs.twimg.com\/profile_images\/801147739887247360\/Fqq0ACF6_normal.jpg","profile_banner_url":"https:\/\/pbs.twimg.com\/profile_banners\/14346574\/1475228110","profile_link_color":"14857A","profile_sidebar_border_color":"FFFFFF","profile_sidebar_fill_color":"FFFFFF","profile_text_color":"424242","profile_use_background_image":false,"has_extended_profile":true,"default_profile":false,"default_profile_image":false,"following":false,"follow_request_sent":false,"notifications":false,"translator_type":"none"},"geo":null,"coordinates":null,"place":null,"contributors":null,"is_quote_status":false,"retweet_count":0,"favorite_count":0,"favorited":false,"retweeted":false,"lang":"en"}
