{"created_at":"Thu Jan 12 08:13:02 +0000 2017","id":819457144361664513,"id_str":"819457144361664513","text":"@nrhzwnx okay set bulan 3 ! Hahahahahahahahahaa","truncated":false,"entities":{"hashtags":[],"symbols":[],"user_mentions":[{"screen_name":"nrhzwnx","name":"Hazwani","id":418382589,"id_str":"418382589","indices":[0,8]}],"urls":[]},"source":"\u003ca href=\"http:\/\/twitter.com\/download\/iphone\" rel=\"nofollow\"\u003eTwitter for iPhone\u003c\/a\u003e","in_reply_to_status_id":819456408609357825,"in_reply_to_status_id_str":"819456408609357825","in_reply_to_user_id":418382589,"in_reply_to_user_id_str":"418382589","in_reply_to_screen_name":"nrhzwnx","user":{"id":552526204,"id_str":"552526204","name":"\u2022 y i n \u2022","screen_name":"NasrinNadhrah","location":"Johor - Pahang","description":"20 ;","url":null,"entities":{"description":{"urls":[]}},"protected":false,"followers_count":1381,"friends_count":467,"listed_count":3,"created_at":"Fri Apr 13 08:17:03 +0000 2012","favourites_count":17227,"utc_offset":28800,"time_zone":"Beijing","geo_enabled":true,"verified":false,"statuses_count":71910,"lang":"en","contributors_enabled":false,"is_translator":false,"is_translation_enabled":false,"profile_background_color":"131516","profile_background_image_url":"http:\/\/pbs.twimg.com\/profile_background_images\/530598124557840384\/LCFKKRTn.jpeg","profile_background_image_url_https":"https:\/\/pbs.twimg.com\/profile_background_images\/530598124557840384\/LCFKKRTn.jpeg","profile_background_tile":true,"profile_image_url":"http:\/\/pbs.twimg.com\/profile_images\/818797304631037952\/tvyNEY-n_normal.jpg","profile_image_url_https":"https:\/\/pbs.twimg.com\/profile_images\/818797304631037952\/tvyNEY-n_normal.jpg","profile_banner_url":"https:\/\/pbs.twimg.com\/profile_banners\/552526204\/1484049081","profile_link_color":"3B94D9","profile_sidebar_border_color":"000000","profile_sidebar_fill_color":"95E8EC","profile_text_color":"3C3940","profile_use_background_image":true,"has_extended_profile":true,"default_profile":false,"default_profile_image":false,"following":false,"follow_request_sent":false,"notifications":false,"translator_type":"none"},"geo":null,"coordinates":null,"place":null,"contributors":null,"is_quote_status":false,"retweet_count":0,"favorite_count":0,"favorited":false,"retweeted":false,"lang":"tl"}
