{"created_at":"Thu Jan 12 08:13:01 +0000 2017","id":819457140851175425,"id_str":"819457140851175425","text":"I'm at \u4e0a\u91ce\u99c5 7-8\u756a\u7dda\u30db\u30fc\u30e0 - @jreast_official in \u53f0\u6771\u533a, \u6771\u4eac\u90fd https:\/\/t.co\/iiFglFAu3Q","truncated":false,"entities":{"hashtags":[],"symbols":[],"user_mentions":[{"screen_name":"JREast_official","name":"JR\u6771\u65e5\u672c\uff08\u516c\u5f0f\uff09","id":3104527237,"id_str":"3104527237","indices":[22,38]}],"urls":[{"url":"https:\/\/t.co\/iiFglFAu3Q","expanded_url":"https:\/\/www.swarmapp.com\/c\/0gjyV0pQhSG","display_url":"swarmapp.com\/c\/0gjyV0pQhSG","indices":[51,74]}]},"source":"\u003ca href=\"http:\/\/foursquare.com\" rel=\"nofollow\"\u003eFoursquare\u003c\/a\u003e","in_reply_to_status_id":null,"in_reply_to_status_id_str":null,"in_reply_to_user_id":null,"in_reply_to_user_id_str":null,"in_reply_to_screen_name":null,"user":{"id":4655551813,"id_str":"4655551813","name":"\u5357\u5317\u30cf\u30de\u3089\u3074","screen_name":"yokokuraE233","location":"\u9ebb  \u5e03  \u8d64  \u7fbd  \u6a4b","description":"\u9244\u9053\/\u6a2a\u6d5c\u7dda\/\u5e38\u78d0\u7dda\/\u611b\u8eca\u306f\u6a2a\uff78\uff97H028\/\u5357\u5317\u7dda\u30fb\u5927\u6c5f\u6238\u7dda\u6cbf\u7dda\u6c11\/\u5143\u6a2a\u6d5c\u7dda\u6cbf\u7dda\u6c11\/\u5199\u771f\u57a2\u21d2@H028_hamarapi \u304a\u6c17\u8efd\u306b\u30d5\u30a9\u30ed\u30fc\u304a\u9858\u3044\u3057\u307e\u3059\uff01","url":null,"entities":{"description":{"urls":[]}},"protected":false,"followers_count":494,"friends_count":547,"listed_count":9,"created_at":"Sat Dec 26 13:37:58 +0000 2015","favourites_count":3381,"utc_offset":null,"time_zone":null,"geo_enabled":true,"verified":false,"statuses_count":22045,"lang":"en","contributors_enabled":false,"is_translator":false,"is_translation_enabled":false,"profile_background_color":"F5F8FA","profile_background_image_url":null,"profile_background_image_url_https":null,"profile_background_tile":false,"profile_image_url":"http:\/\/pbs.twimg.com\/profile_images\/818839919434993665\/FU2UP_PJ_normal.jpg","profile_image_url_https":"https:\/\/pbs.twimg.com\/profile_images\/818839919434993665\/FU2UP_PJ_normal.jpg","profile_banner_url":"https:\/\/pbs.twimg.com\/profile_banners\/4655551813\/1484057939","profile_link_color":"1DA1F2","profile_sidebar_border_color":"C0DEED","profile_sidebar_fill_color":"DDEEF6","profile_text_color":"333333","profile_use_background_image":true,"has_extended_profile":true,"default_profile":true,"default_profile_image":false,"following":false,"follow_request_sent":false,"notifications":false,"translator_type":"none"},"geo":{"type":"Point","coordinates":[35.71364321,139.77664757]},"coordinates":{"type":"Point","coordinates":[139.77664757,35.71364321]},"place":{"id":"32049a95db695cb8","url":"https:\/\/api.twitter.com\/1.1\/geo\/id\/32049a95db695cb8.json","place_type":"city","name":"Taito-ku","full_name":"Taito-ku, Tokyo","country_code":"JP","country":"Japan","contained_within":[],"bounding_box":{"type":"Polygon","coordinates":[[[139.762233,35.694775],[139.809743,35.694775],[139.809743,35.731637],[139.762233,35.731637]]]},"attributes":{}},"contributors":null,"is_quote_status":false,"retweet_count":0,"favorite_count":0,"favorited":false,"retweeted":false,"possibly_sensitive":false,"possibly_sensitive_appealable":false,"lang":"ja"}
