{"created_at":"Thu Jan 12 08:13:05 +0000 2017","id":819457154276954112,"id_str":"819457154276954112","text":"Give me five minutes I'm going to take everything back","truncated":false,"entities":{"hashtags":[],"symbols":[],"user_mentions":[],"urls":[]},"source":"\u003ca href=\"http:\/\/twitter.com\/download\/iphone\" rel=\"nofollow\"\u003eTwitter for iPhone\u003c\/a\u003e","in_reply_to_status_id":null,"in_reply_to_status_id_str":null,"in_reply_to_user_id":null,"in_reply_to_user_id_str":null,"in_reply_to_screen_name":null,"user":{"id":1130177119,"id_str":"1130177119","name":"alexia","screen_name":"feistylexo","location":"California, USA","description":"","url":null,"entities":{"description":{"urls":[]}},"protected":false,"followers_count":910,"friends_count":464,"listed_count":7,"created_at":"Tue Jan 29 05:52:41 +0000 2013","favourites_count":28694,"utc_offset":-25200,"time_zone":"Arizona","geo_enabled":true,"verified":false,"statuses_count":56093,"lang":"en","contributors_enabled":false,"is_translator":false,"is_translation_enabled":false,"profile_background_color":"C0DEED","profile_background_image_url":"http:\/\/abs.twimg.com\/images\/themes\/theme1\/bg.png","profile_background_image_url_https":"https:\/\/abs.twimg.com\/images\/themes\/theme1\/bg.png","profile_background_tile":false,"profile_image_url":"http:\/\/pbs.twimg.com\/profile_images\/811851518051651584\/FuHu5iyD_normal.jpg","profile_image_url_https":"https:\/\/pbs.twimg.com\/profile_images\/811851518051651584\/FuHu5iyD_normal.jpg","profile_banner_url":"https:\/\/pbs.twimg.com\/profile_banners\/1130177119\/1482395461","profile_link_color":"1DA1F2","profile_sidebar_border_color":"C0DEED","profile_sidebar_fill_color":"DDEEF6","profile_text_color":"333333","profile_use_background_image":true,"has_extended_profile":true,"default_profile":true,"default_profile_image":false,"following":false,"follow_request_sent":false,"notifications":false,"translator_type":"none"},"geo":null,"coordinates":null,"place":null,"contributors":null,"is_quote_status":false,"retweet_count":0,"favorite_count":1,"favorited":false,"retweeted":false,"lang":"en"}
