{"created_at":"Thu Jan 12 08:13:04 +0000 2017","id":819457154025488385,"id_str":"819457154025488385","text":"Shit more like when you find out let me know. Don't nobody at my school fwm. I must look mean lol https:\/\/t.co\/jB33tJLaM9","truncated":false,"entities":{"hashtags":[],"symbols":[],"user_mentions":[],"urls":[{"url":"https:\/\/t.co\/jB33tJLaM9","expanded_url":"https:\/\/twitter.com\/saviesecrets\/status\/819456624846901248","display_url":"twitter.com\/saviesecrets\/s\u2026","indices":[98,121]}]},"source":"\u003ca href=\"http:\/\/twitter.com\/download\/iphone\" rel=\"nofollow\"\u003eTwitter for iPhone\u003c\/a\u003e","in_reply_to_status_id":null,"in_reply_to_status_id_str":null,"in_reply_to_user_id":null,"in_reply_to_user_id_str":null,"in_reply_to_screen_name":null,"user":{"id":325712994,"id_str":"325712994","name":"@bre_marie94","screen_name":"Bre_Marie94","location":"","description":"What was once a beautiful flower unpicked, is now wilted and dying.","url":null,"entities":{"description":{"urls":[]}},"protected":false,"followers_count":817,"friends_count":638,"listed_count":2,"created_at":"Tue Jun 28 19:03:35 +0000 2011","favourites_count":2342,"utc_offset":-21600,"time_zone":"Central Time (US & Canada)","geo_enabled":true,"verified":false,"statuses_count":29620,"lang":"en","contributors_enabled":false,"is_translator":false,"is_translation_enabled":false,"profile_background_color":"000000","profile_background_image_url":"http:\/\/pbs.twimg.com\/profile_background_images\/696515673\/db54b7b33a561c51138dc703a701a9f8.jpeg","profile_background_image_url_https":"https:\/\/pbs.twimg.com\/profile_background_images\/696515673\/db54b7b33a561c51138dc703a701a9f8.jpeg","profile_background_tile":true,"profile_image_url":"http:\/\/pbs.twimg.com\/profile_images\/810974536900505600\/vGgxfJ3d_normal.jpg","profile_image_url_https":"https:\/\/pbs.twimg.com\/profile_images\/810974536900505600\/vGgxfJ3d_normal.jpg","profile_banner_url":"https:\/\/pbs.twimg.com\/profile_banners\/325712994\/1482773913","profile_link_color":"E61212","profile_sidebar_border_color":"000000","profile_sidebar_fill_color":"030303","profile_text_color":"E61212","profile_use_background_image":true,"has_extended_profile":true,"default_profile":false,"default_profile_image":false,"following":false,"follow_request_sent":false,"notifications":false,"translator_type":"none"},"geo":null,"coordinates":null,"place":null,"contributors":null,"is_quote_status":true,"quoted_status_id":819456624846901248,"quoted_status_id_str":"819456624846901248","quoted_status":{"created_at":"Thu Jan 12 08:10:58 +0000 2017","id":819456624846901248,"id_str":"819456624846901248","text":"Girl ! If you find out, let me know \ud83d\ude29 https:\/\/t.co\/KChr25FXUO","truncated":false,"entities":{"hashtags":[],"symbols":[],"user_mentions":[],"urls":[{"url":"https:\/\/t.co\/KChr25FXUO","expanded_url":"https:\/\/twitter.com\/bre_marie94\/status\/819456216501985280","display_url":"twitter.com\/bre_marie94\/st\u2026","indices":[38,61]}]},"source":"\u003ca href=\"http:\/\/twitter.com\/download\/iphone\" rel=\"nofollow\"\u003eTwitter for iPhone\u003c\/a\u003e","in_reply_to_status_id":null,"in_reply_to_status_id_str":null,"in_reply_to_user_id":null,"in_reply_to_user_id_str":null,"in_reply_to_screen_name":null,"user":{"id":286979350,"id_str":"286979350","name":"all my caterpillars","screen_name":"SavieSecrets","location":"Houston.","description":"JL. Introvert. SHSU17.                                                     IG: underscore.robyn","url":"https:\/\/t.co\/2bS1Vem9cy","entities":{"url":{"urls":[{"url":"https:\/\/t.co\/2bS1Vem9cy","expanded_url":"http:\/\/saviesecrets.tumblr.com","display_url":"saviesecrets.tumblr.com","indices":[0,23]}]},"description":{"urls":[]}},"protected":false,"followers_count":726,"friends_count":627,"listed_count":4,"created_at":"Sun Apr 24 02:48:24 +0000 2011","favourites_count":15760,"utc_offset":-21600,"time_zone":"Central Time (US & Canada)","geo_enabled":true,"verified":false,"statuses_count":28280,"lang":"en","contributors_enabled":false,"is_translator":false,"is_translation_enabled":false,"profile_background_color":"642D8B","profile_background_image_url":"http:\/\/pbs.twimg.com\/profile_background_images\/591403812\/sovna9ytz2izb121vnhw.jpeg","profile_background_image_url_https":"https:\/\/pbs.twimg.com\/profile_background_images\/591403812\/sovna9ytz2izb121vnhw.jpeg","profile_background_tile":true,"profile_image_url":"http:\/\/pbs.twimg.com\/profile_images\/774110433804361729\/y2_IHJtw_normal.jpg","profile_image_url_https":"https:\/\/pbs.twimg.com\/profile_images\/774110433804361729\/y2_IHJtw_normal.jpg","profile_banner_url":"https:\/\/pbs.twimg.com\/profile_banners\/286979350\/1414299267","profile_link_color":"FF0000","profile_sidebar_border_color":"65B0DA","profile_sidebar_fill_color":"7AC3EE","profile_text_color":"3D1957","profile_use_background_image":true,"has_extended_profile":true,"default_profile":false,"default_profile_image":false,"following":false,"follow_request_sent":false,"notifications":false,"translator_type":"none"},"geo":null,"coordinates":null,"place":null,"contributors":null,"is_quote_status":true,"quoted_status_id":819456216501985280,"quoted_status_id_str":"819456216501985280","retweet_count":0,"favorite_count":0,"favorited":false,"retweeted":false,"possibly_sensitive":false,"possibly_sensitive_appealable":false,"lang":"en"},"retweet_count":0,"favorite_count":0,"favorited":false,"retweeted":false,"possibly_sensitive":false,"possibly_sensitive_appealable":false,"lang":"en"}
