{"created_at":"Thu Jan 12 08:13:05 +0000 2017","id":819457156881616896,"id_str":"819457156881616896","text":"he's big and he's bad, i love him like mad \u2728 https:\/\/t.co\/le7k5Hiw7Q","truncated":false,"entities":{"hashtags":[],"symbols":[],"user_mentions":[],"urls":[],"media":[{"id":819457147155005440,"id_str":"819457147155005440","indices":[45,68],"media_url":"http:\/\/pbs.twimg.com\/media\/C19L7wTUQAAKTir.jpg","media_url_https":"https:\/\/pbs.twimg.com\/media\/C19L7wTUQAAKTir.jpg","url":"https:\/\/t.co\/le7k5Hiw7Q","display_url":"pic.twitter.com\/le7k5Hiw7Q","expanded_url":"https:\/\/twitter.com\/franceileithiya\/status\/819457156881616896\/photo\/1","type":"photo","sizes":{"thumb":{"w":150,"h":150,"resize":"crop"},"small":{"w":443,"h":332,"resize":"fit"},"large":{"w":443,"h":332,"resize":"fit"},"medium":{"w":443,"h":332,"resize":"fit"}}}]},"extended_entities":{"media":[{"id":819457147155005440,"id_str":"819457147155005440","indices":[45,68],"media_url":"http:\/\/pbs.twimg.com\/media\/C19L7wTUQAAKTir.jpg","media_url_https":"https:\/\/pbs.twimg.com\/media\/C19L7wTUQAAKTir.jpg","url":"https:\/\/t.co\/le7k5Hiw7Q","display_url":"pic.twitter.com\/le7k5Hiw7Q","expanded_url":"https:\/\/twitter.com\/franceileithiya\/status\/819457156881616896\/photo\/1","type":"photo","sizes":{"thumb":{"w":150,"h":150,"resize":"crop"},"small":{"w":443,"h":332,"resize":"fit"},"large":{"w":443,"h":332,"resize":"fit"},"medium":{"w":443,"h":332,"resize":"fit"}}}]},"source":"\u003ca href=\"http:\/\/twitter.com\/download\/iphone\" rel=\"nofollow\"\u003eTwitter for iPhone\u003c\/a\u003e","in_reply_to_status_id":null,"in_reply_to_status_id_str":null,"in_reply_to_user_id":null,"in_reply_to_user_id_str":null,"in_reply_to_screen_name":null,"user":{"id":807108987392905216,"id_str":"807108987392905216","name":"\ud83d\udc51eileithiya \ud83d\udc51","screen_name":"franceileithiya","location":"mount olympus\u2728","description":"aesthetic of sex and lovemaking and the beauty of ddlg \ud83d\udcab \u2022 alter [photos are not mine unless stated in the caption; my edits]","url":null,"entities":{"description":{"urls":[]}},"protected":false,"followers_count":8,"friends_count":38,"listed_count":0,"created_at":"Fri Dec 09 06:25:52 +0000 2016","favourites_count":9,"utc_offset":null,"time_zone":null,"geo_enabled":false,"verified":false,"statuses_count":15,"lang":"en","contributors_enabled":false,"is_translator":false,"is_translation_enabled":false,"profile_background_color":"F5F8FA","profile_background_image_url":null,"profile_background_image_url_https":null,"profile_background_tile":false,"profile_image_url":"http:\/\/pbs.twimg.com\/profile_images\/819397393854517248\/AoU6_k4R_normal.jpg","profile_image_url_https":"https:\/\/pbs.twimg.com\/profile_images\/819397393854517248\/AoU6_k4R_normal.jpg","profile_banner_url":"https:\/\/pbs.twimg.com\/profile_banners\/807108987392905216\/1484208983","profile_link_color":"1DA1F2","profile_sidebar_border_color":"C0DEED","profile_sidebar_fill_color":"DDEEF6","profile_text_color":"333333","profile_use_background_image":true,"has_extended_profile":false,"default_profile":true,"default_profile_image":false,"following":false,"follow_request_sent":false,"notifications":false,"translator_type":"none"},"geo":null,"coordinates":null,"place":null,"contributors":null,"is_quote_status":false,"retweet_count":0,"favorite_count":0,"favorited":false,"retweeted":false,"possibly_sensitive":false,"possibly_sensitive_appealable":false,"lang":"en"}
