{"created_at":"Thu Jan 12 08:13:01 +0000 2017","id":819457140721143808,"id_str":"819457140721143808","text":"\"The nine most terrifying words in the English language are 'I'm from the government and I'm here to help.'\" ~ Ronald Reagan #tcot #tgdn","truncated":false,"entities":{"hashtags":[{"text":"tcot","indices":[125,130]},{"text":"tgdn","indices":[131,136]}],"symbols":[],"user_mentions":[],"urls":[]},"source":"\u003ca href=\"https:\/\/www.tweetsuite.com\/\" rel=\"nofollow\"\u003eTweet Suite\u003c\/a\u003e","in_reply_to_status_id":null,"in_reply_to_status_id_str":null,"in_reply_to_user_id":null,"in_reply_to_user_id_str":null,"in_reply_to_screen_name":null,"user":{"id":1165308708,"id_str":"1165308708","name":"Backwoods Survival","screen_name":"BWoodsSimpleMan","location":"","description":"Life on a rural homestead; gardening, long-term food storage, alt energy, emergency prep, self-defense, 2nd Amendment, Survivalism, self-sufficiency.","url":null,"entities":{"description":{"urls":[]}},"protected":false,"followers_count":4387,"friends_count":2640,"listed_count":192,"created_at":"Sun Feb 10 08:31:53 +0000 2013","favourites_count":0,"utc_offset":null,"time_zone":null,"geo_enabled":false,"verified":false,"statuses_count":24011,"lang":"en","contributors_enabled":false,"is_translator":false,"is_translation_enabled":false,"profile_background_color":"C0DEED","profile_background_image_url":"http:\/\/abs.twimg.com\/images\/themes\/theme1\/bg.png","profile_background_image_url_https":"https:\/\/abs.twimg.com\/images\/themes\/theme1\/bg.png","profile_background_tile":false,"profile_image_url":"http:\/\/pbs.twimg.com\/profile_images\/3233051763\/b0327226e9969df09d590881b662aad1_normal.jpeg","profile_image_url_https":"https:\/\/pbs.twimg.com\/profile_images\/3233051763\/b0327226e9969df09d590881b662aad1_normal.jpeg","profile_link_color":"1DA1F2","profile_sidebar_border_color":"C0DEED","profile_sidebar_fill_color":"DDEEF6","profile_text_color":"333333","profile_use_background_image":true,"has_extended_profile":false,"default_profile":true,"default_profile_image":false,"following":false,"follow_request_sent":false,"notifications":false,"translator_type":"none"},"geo":null,"coordinates":null,"place":null,"contributors":null,"is_quote_status":false,"retweet_count":0,"favorite_count":0,"favorited":false,"retweeted":false,"lang":"en"}
