{"created_at":"Thu Jan 12 08:13:02 +0000 2017","id":819457144101576709,"id_str":"819457144101576709","text":"I miss hanging out with blacked out @ivykeeton \ud83d\ude1e\ud83d\ude29\ud83d\udc95","truncated":false,"entities":{"hashtags":[],"symbols":[],"user_mentions":[{"screen_name":"ivykeeton","name":"Ivy Miller","id":118194051,"id_str":"118194051","indices":[36,46]}],"urls":[]},"source":"\u003ca href=\"http:\/\/twitter.com\/download\/iphone\" rel=\"nofollow\"\u003eTwitter for iPhone\u003c\/a\u003e","in_reply_to_status_id":null,"in_reply_to_status_id_str":null,"in_reply_to_user_id":null,"in_reply_to_user_id_str":null,"in_reply_to_screen_name":null,"user":{"id":108324149,"id_str":"108324149","name":"calcifer","screen_name":"shutupscilla","location":"beach city","description":"I'm here for a good time not a long time","url":"https:\/\/t.co\/LkjYIUr9yq","entities":{"url":{"urls":[{"url":"https:\/\/t.co\/LkjYIUr9yq","expanded_url":"https:\/\/youtu.be\/C_3d6GntKbk","display_url":"youtu.be\/C_3d6GntKbk","indices":[0,23]}]},"description":{"urls":[]}},"protected":false,"followers_count":96,"friends_count":111,"listed_count":2,"created_at":"Mon Jan 25 15:42:54 +0000 2010","favourites_count":12121,"utc_offset":-28800,"time_zone":"Pacific Time (US & Canada)","geo_enabled":true,"verified":false,"statuses_count":13001,"lang":"en","contributors_enabled":false,"is_translator":false,"is_translation_enabled":false,"profile_background_color":"ABB8C2","profile_background_image_url":"http:\/\/pbs.twimg.com\/profile_background_images\/583947631988056064\/4_s_HCf0.png","profile_background_image_url_https":"https:\/\/pbs.twimg.com\/profile_background_images\/583947631988056064\/4_s_HCf0.png","profile_background_tile":true,"profile_image_url":"http:\/\/pbs.twimg.com\/profile_images\/808213605610991616\/6ekoBN2E_normal.jpg","profile_image_url_https":"https:\/\/pbs.twimg.com\/profile_images\/808213605610991616\/6ekoBN2E_normal.jpg","profile_banner_url":"https:\/\/pbs.twimg.com\/profile_banners\/108324149\/1476341235","profile_link_color":"F58EA8","profile_sidebar_border_color":"FFFFFF","profile_sidebar_fill_color":"FFFFFF","profile_text_color":"333333","profile_use_background_image":true,"has_extended_profile":true,"default_profile":false,"default_profile_image":false,"following":false,"follow_request_sent":false,"notifications":false,"translator_type":"none"},"geo":null,"coordinates":null,"place":null,"contributors":null,"is_quote_status":false,"retweet_count":0,"favorite_count":5,"favorited":false,"retweeted":false,"lang":"en"}
