{"created_at":"Thu Jan 12 08:13:06 +0000 2017","id":819457158676787200,"id_str":"819457158676787200","text":"I promise you","truncated":false,"entities":{"hashtags":[],"symbols":[],"user_mentions":[],"urls":[]},"source":"\u003ca href=\"http:\/\/twitter.com\/download\/iphone\" rel=\"nofollow\"\u003eTwitter for iPhone\u003c\/a\u003e","in_reply_to_status_id":null,"in_reply_to_status_id_str":null,"in_reply_to_user_id":null,"in_reply_to_user_id_str":null,"in_reply_to_screen_name":null,"user":{"id":1526118498,"id_str":"1526118498","name":"jonathan alexander","screen_name":"_jgarcia__","location":"bayarea","description":"Phil 4:13","url":null,"entities":{"description":{"urls":[]}},"protected":false,"followers_count":262,"friends_count":130,"listed_count":1,"created_at":"Mon Jun 17 23:10:55 +0000 2013","favourites_count":3627,"utc_offset":-25200,"time_zone":"Arizona","geo_enabled":false,"verified":false,"statuses_count":9444,"lang":"en","contributors_enabled":false,"is_translator":false,"is_translation_enabled":false,"profile_background_color":"C0DEED","profile_background_image_url":"http:\/\/abs.twimg.com\/images\/themes\/theme1\/bg.png","profile_background_image_url_https":"https:\/\/abs.twimg.com\/images\/themes\/theme1\/bg.png","profile_background_tile":false,"profile_image_url":"http:\/\/pbs.twimg.com\/profile_images\/801750715995566080\/u6BHoajc_normal.jpg","profile_image_url_https":"https:\/\/pbs.twimg.com\/profile_images\/801750715995566080\/u6BHoajc_normal.jpg","profile_banner_url":"https:\/\/pbs.twimg.com\/profile_banners\/1526118498\/1483999339","profile_link_color":"1DA1F2","profile_sidebar_border_color":"C0DEED","profile_sidebar_fill_color":"DDEEF6","profile_text_color":"333333","profile_use_background_image":true,"has_extended_profile":false,"default_profile":true,"default_profile_image":false,"following":false,"follow_request_sent":false,"notifications":false,"translator_type":"none"},"geo":null,"coordinates":null,"place":null,"contributors":null,"is_quote_status":false,"retweet_count":0,"favorite_count":0,"favorited":false,"retweeted":false,"lang":"en"}
