{"created_at":"Thu Jan 12 08:13:01 +0000 2017","id":819457139554938882,"id_str":"819457139554938882","text":"what kind of emo story, I don't even remember this https:\/\/t.co\/XQWuoqyIxw","truncated":false,"entities":{"hashtags":[],"symbols":[],"user_mentions":[],"urls":[{"url":"https:\/\/t.co\/XQWuoqyIxw","expanded_url":"https:\/\/twitter.com\/ulthyunsiks\/status\/468734162505986050","display_url":"twitter.com\/ulthyunsiks\/st\u2026","indices":[51,74]}]},"source":"\u003ca href=\"http:\/\/twitter.com\/download\/iphone\" rel=\"nofollow\"\u003eTwitter for iPhone\u003c\/a\u003e","in_reply_to_status_id":null,"in_reply_to_status_id_str":null,"in_reply_to_user_id":null,"in_reply_to_user_id_str":null,"in_reply_to_screen_name":null,"user":{"id":437190087,"id_str":"437190087","name":"leen","screen_name":"ulthyunsiks","location":"stan winner","description":"listen to pentagon by pentagon","url":null,"entities":{"description":{"urls":[]}},"protected":false,"followers_count":6359,"friends_count":195,"listed_count":70,"created_at":"Thu Dec 15 03:32:01 +0000 2011","favourites_count":3223,"utc_offset":39600,"time_zone":"Melbourne","geo_enabled":false,"verified":false,"statuses_count":38215,"lang":"en","contributors_enabled":false,"is_translator":false,"is_translation_enabled":true,"profile_background_color":"C0DEED","profile_background_image_url":"http:\/\/pbs.twimg.com\/profile_background_images\/472356139330334723\/p9UE6ZZW.png","profile_background_image_url_https":"https:\/\/pbs.twimg.com\/profile_background_images\/472356139330334723\/p9UE6ZZW.png","profile_background_tile":true,"profile_image_url":"http:\/\/pbs.twimg.com\/profile_images\/816638921949921280\/Lr4O4FRq_normal.jpg","profile_image_url_https":"https:\/\/pbs.twimg.com\/profile_images\/816638921949921280\/Lr4O4FRq_normal.jpg","profile_banner_url":"https:\/\/pbs.twimg.com\/profile_banners\/437190087\/1481862608","profile_link_color":"9266CC","profile_sidebar_border_color":"FFFFFF","profile_sidebar_fill_color":"DDEEF6","profile_text_color":"333333","profile_use_background_image":true,"has_extended_profile":false,"default_profile":false,"default_profile_image":false,"following":false,"follow_request_sent":false,"notifications":false,"translator_type":"none"},"geo":null,"coordinates":null,"place":null,"contributors":null,"is_quote_status":true,"quoted_status_id":468734162505986050,"quoted_status_id_str":"468734162505986050","quoted_status":{"created_at":"Tue May 20 12:45:07 +0000 2014","id":468734162505986050,"id_str":"468734162505986050","text":"Is the ending of my story any good? Please read it and tell me http:\/\/t.co\/hLE8dkt45M","truncated":false,"entities":{"hashtags":[],"symbols":[],"user_mentions":[],"urls":[],"media":[{"id":468734155283767296,"id_str":"468734155283767296","indices":[63,85],"media_url":"http:\/\/pbs.twimg.com\/media\/BoFHOxPIIAA38UP.jpg","media_url_https":"https:\/\/pbs.twimg.com\/media\/BoFHOxPIIAA38UP.jpg","url":"http:\/\/t.co\/hLE8dkt45M","display_url":"pic.twitter.com\/hLE8dkt45M","expanded_url":"https:\/\/twitter.com\/punkromanoff\/status\/468734162505986050\/photo\/1","type":"photo","sizes":{"medium":{"w":480,"h":640,"resize":"fit"},"thumb":{"w":150,"h":150,"resize":"crop"},"large":{"w":480,"h":640,"resize":"fit"},"small":{"w":340,"h":453,"resize":"fit"}}}]},"extended_entities":{"media":[{"id":468734155283767296,"id_str":"468734155283767296","indices":[63,85],"media_url":"http:\/\/pbs.twimg.com\/media\/BoFHOxPIIAA38UP.jpg","media_url_https":"https:\/\/pbs.twimg.com\/media\/BoFHOxPIIAA38UP.jpg","url":"http:\/\/t.co\/hLE8dkt45M","display_url":"pic.twitter.com\/hLE8dkt45M","expanded_url":"https:\/\/twitter.com\/punkromanoff\/status\/468734162505986050\/photo\/1","type":"photo","sizes":{"medium":{"w":480,"h":640,"resize":"fit"},"thumb":{"w":150,"h":150,"resize":"crop"},"large":{"w":480,"h":640,"resize":"fit"},"small":{"w":340,"h":453,"resize":"fit"}}}]},"source":"\u003ca href=\"http:\/\/twitter.com\/download\/android\" rel=\"nofollow\"\u003eTwitter for Android\u003c\/a\u003e","in_reply_to_status_id":null,"in_reply_to_status_id_str":null,"in_reply_to_user_id":null,"in_reply_to_user_id_str":null,"in_reply_to_screen_name":null,"user":{"id":437190087,"id_str":"437190087","name":"leen","screen_name":"ulthyunsiks","location":"stan winner","description":"listen to pentagon by pentagon","url":null,"entities":{"description":{"urls":[]}},"protected":false,"followers_count":6359,"friends_count":195,"listed_count":70,"created_at":"Thu Dec 15 03:32:01 +0000 2011","favourites_count":3223,"utc_offset":39600,"time_zone":"Melbourne","geo_enabled":false,"verified":false,"statuses_count":38215,"lang":"en","contributors_enabled":false,"is_translator":false,"is_translation_enabled":true,"profile_background_color":"C0DEED","profile_background_image_url":"http:\/\/pbs.twimg.com\/profile_background_images\/472356139330334723\/p9UE6ZZW.png","profile_background_image_url_https":"https:\/\/pbs.twimg.com\/profile_background_images\/472356139330334723\/p9UE6ZZW.png","profile_background_tile":true,"profile_image_url":"http:\/\/pbs.twimg.com\/profile_images\/816638921949921280\/Lr4O4FRq_normal.jpg","profile_image_url_https":"https:\/\/pbs.twimg.com\/profile_images\/816638921949921280\/Lr4O4FRq_normal.jpg","profile_banner_url":"https:\/\/pbs.twimg.com\/profile_banners\/437190087\/1481862608","profile_link_color":"9266CC","profile_sidebar_border_color":"FFFFFF","profile_sidebar_fill_color":"DDEEF6","profile_text_color":"333333","profile_use_background_image":true,"has_extended_profile":false,"default_profile":false,"default_profile_image":false,"following":false,"follow_request_sent":false,"notifications":false,"translator_type":"none"},"geo":null,"coordinates":null,"place":null,"contributors":null,"is_quote_status":false,"retweet_count":0,"favorite_count":0,"favorited":false,"retweeted":false,"possibly_sensitive":false,"possibly_sensitive_appealable":false,"lang":"en"},"retweet_count":0,"favorite_count":0,"favorited":false,"retweeted":false,"possibly_sensitive":false,"possibly_sensitive_appealable":false,"lang":"en"}
