{"created_at":"Thu Jan 12 08:13:01 +0000 2017","id":819457140855160834,"id_str":"819457140855160834","text":"my phone is dead so i cant take a picture of me flipping off that butt cop","truncated":false,"entities":{"hashtags":[],"symbols":[],"user_mentions":[],"urls":[]},"source":"\u003ca href=\"http:\/\/twitter.com\" rel=\"nofollow\"\u003eTwitter Web Client\u003c\/a\u003e","in_reply_to_status_id":null,"in_reply_to_status_id_str":null,"in_reply_to_user_id":null,"in_reply_to_user_id_str":null,"in_reply_to_screen_name":null,"user":{"id":2533134450,"id_str":"2533134450","name":"loogi ya brother","screen_name":"snickerdoobly","location":"pound town","description":"you could stop on a dime mario","url":"https:\/\/t.co\/X9W1fOqObD","entities":{"url":{"urls":[{"url":"https:\/\/t.co\/X9W1fOqObD","expanded_url":"http:\/\/snickerdooble.tumblr.com\/","display_url":"snickerdooble.tumblr.com","indices":[0,23]}]},"description":{"urls":[]}},"protected":false,"followers_count":139,"friends_count":117,"listed_count":2,"created_at":"Thu May 29 18:16:30 +0000 2014","favourites_count":10383,"utc_offset":null,"time_zone":null,"geo_enabled":false,"verified":false,"statuses_count":10545,"lang":"en","contributors_enabled":false,"is_translator":false,"is_translation_enabled":false,"profile_background_color":"C0DEED","profile_background_image_url":"http:\/\/abs.twimg.com\/images\/themes\/theme1\/bg.png","profile_background_image_url_https":"https:\/\/abs.twimg.com\/images\/themes\/theme1\/bg.png","profile_background_tile":false,"profile_image_url":"http:\/\/pbs.twimg.com\/profile_images\/816016819236392960\/wYtapaKD_normal.jpg","profile_image_url_https":"https:\/\/pbs.twimg.com\/profile_images\/816016819236392960\/wYtapaKD_normal.jpg","profile_banner_url":"https:\/\/pbs.twimg.com\/profile_banners\/2533134450\/1481218388","profile_link_color":"44B88E","profile_sidebar_border_color":"C0DEED","profile_sidebar_fill_color":"DDEEF6","profile_text_color":"333333","profile_use_background_image":true,"has_extended_profile":true,"default_profile":false,"default_profile_image":false,"following":false,"follow_request_sent":false,"notifications":false,"translator_type":"none"},"geo":null,"coordinates":null,"place":null,"contributors":null,"is_quote_status":false,"retweet_count":0,"favorite_count":0,"favorited":false,"retweeted":false,"lang":"en"}
