{"created_at":"Thu Jan 12 08:13:01 +0000 2017","id":819457140213563393,"id_str":"819457140213563393","text":"Maybe if I keep my distance, you'll start to miss me.","truncated":false,"entities":{"hashtags":[],"symbols":[],"user_mentions":[],"urls":[]},"source":"\u003ca href=\"http:\/\/www.facebook.com\/twitter\" rel=\"nofollow\"\u003eFacebook\u003c\/a\u003e","in_reply_to_status_id":null,"in_reply_to_status_id_str":null,"in_reply_to_user_id":null,"in_reply_to_user_id_str":null,"in_reply_to_screen_name":null,"user":{"id":307279459,"id_str":"307279459","name":"Maria Crizelda","screen_name":"CriChoy23","location":"Gensan","description":"~~trouble maker+hard headed+lunatic+conceited+party freak+hell founder+rebellious+emotional+exotic+endangered....\r\nMe?slightly OPPOSITE\u007d:D","url":"http:\/\/t.co\/o0bD339pyF","entities":{"url":{"urls":[{"url":"http:\/\/t.co\/o0bD339pyF","expanded_url":"https:\/\/www.twitter.com","display_url":"twitter.com","indices":[0,22]}]},"description":{"urls":[]}},"protected":false,"followers_count":39,"friends_count":168,"listed_count":0,"created_at":"Sun May 29 10:30:50 +0000 2011","favourites_count":15,"utc_offset":-28800,"time_zone":"Pacific Time (US & Canada)","geo_enabled":false,"verified":false,"statuses_count":2404,"lang":"en","contributors_enabled":false,"is_translator":false,"is_translation_enabled":false,"profile_background_color":"C0DEED","profile_background_image_url":"http:\/\/pbs.twimg.com\/profile_background_images\/608085066\/x5e52f762546f3b70b2c149cd162c45c.jpeg","profile_background_image_url_https":"https:\/\/pbs.twimg.com\/profile_background_images\/608085066\/x5e52f762546f3b70b2c149cd162c45c.jpeg","profile_background_tile":true,"profile_image_url":"http:\/\/pbs.twimg.com\/profile_images\/511056747167891456\/ZiOzfc2T_normal.jpeg","profile_image_url_https":"https:\/\/pbs.twimg.com\/profile_images\/511056747167891456\/ZiOzfc2T_normal.jpeg","profile_banner_url":"https:\/\/pbs.twimg.com\/profile_banners\/307279459\/1406549526","profile_link_color":"EB051F","profile_sidebar_border_color":"1E90FA","profile_sidebar_fill_color":"020203","profile_text_color":"B509E0","profile_use_background_image":true,"has_extended_profile":false,"default_profile":false,"default_profile_image":false,"following":false,"follow_request_sent":false,"notifications":false,"translator_type":"none"},"geo":null,"coordinates":null,"place":null,"contributors":null,"is_quote_status":false,"retweet_count":0,"favorite_count":0,"favorited":false,"retweeted":false,"lang":"en"}
