{"created_at":"Thu Jan 12 08:13:06 +0000 2017","id":819457161365487616,"id_str":"819457161365487616","text":"i should be a counselor\ud83d\udc81\ud83c\udffc\ud83d\ude46\ud83c\udffc","truncated":false,"entities":{"hashtags":[],"symbols":[],"user_mentions":[],"urls":[]},"source":"\u003ca href=\"http:\/\/twitter.com\/download\/iphone\" rel=\"nofollow\"\u003eTwitter for iPhone\u003c\/a\u003e","in_reply_to_status_id":null,"in_reply_to_status_id_str":null,"in_reply_to_user_id":null,"in_reply_to_user_id_str":null,"in_reply_to_screen_name":null,"user":{"id":769198567357554688,"id_str":"769198567357554688","name":"Channing Elizabeth","screen_name":"Chan_Olson_","location":"tx","description":"\/ immabeast \/ tx \/ asds \/ mta agency LA \/ 19 \/ gb","url":"https:\/\/t.co\/bY3EEBIDUU","entities":{"url":{"urls":[{"url":"https:\/\/t.co\/bY3EEBIDUU","expanded_url":"http:\/\/www.rawartists.org\/thechanningolson","display_url":"rawartists.org\/thechanningols\u2026","indices":[0,23]}]},"description":{"urls":[]}},"protected":false,"followers_count":395,"friends_count":335,"listed_count":1,"created_at":"Fri Aug 26 15:43:24 +0000 2016","favourites_count":2846,"utc_offset":null,"time_zone":null,"geo_enabled":true,"verified":false,"statuses_count":1647,"lang":"en","contributors_enabled":false,"is_translator":false,"is_translation_enabled":false,"profile_background_color":"F5F8FA","profile_background_image_url":null,"profile_background_image_url_https":null,"profile_background_tile":false,"profile_image_url":"http:\/\/pbs.twimg.com\/profile_images\/819457911927832576\/UhyQ4BGf_normal.jpg","profile_image_url_https":"https:\/\/pbs.twimg.com\/profile_images\/819457911927832576\/UhyQ4BGf_normal.jpg","profile_banner_url":"https:\/\/pbs.twimg.com\/profile_banners\/769198567357554688\/1484119622","profile_link_color":"1DA1F2","profile_sidebar_border_color":"C0DEED","profile_sidebar_fill_color":"DDEEF6","profile_text_color":"333333","profile_use_background_image":true,"has_extended_profile":true,"default_profile":true,"default_profile_image":false,"following":false,"follow_request_sent":false,"notifications":false,"translator_type":"none"},"geo":null,"coordinates":null,"place":{"id":"c79a0302b462ea2f","url":"https:\/\/api.twitter.com\/1.1\/geo\/id\/c79a0302b462ea2f.json","place_type":"city","name":"North Richland Hills","full_name":"North Richland Hills, TX","country_code":"US","country":"United States","contained_within":[],"bounding_box":{"type":"Polygon","coordinates":[[[-97.264529,32.808748],[-97.184107,32.808748],[-97.184107,32.9120264],[-97.264529,32.9120264]]]},"attributes":{}},"contributors":null,"is_quote_status":false,"retweet_count":0,"favorite_count":6,"favorited":false,"retweeted":false,"lang":"en"}
