{"created_at":"Thu Jan 12 08:13:02 +0000 2017","id":819457145607307265,"id_str":"819457145607307265","text":"I always wanna look after you, Caden! Everyone's done the same thing for me, so won't you let me take care of you?","truncated":false,"entities":{"hashtags":[],"symbols":[],"user_mentions":[],"urls":[]},"source":"\u003ca href=\"http:\/\/twittbot.net\/\" rel=\"nofollow\"\u003etwittbot.net\u003c\/a\u003e","in_reply_to_status_id":null,"in_reply_to_status_id_str":null,"in_reply_to_user_id":null,"in_reply_to_user_id_str":null,"in_reply_to_screen_name":null,"user":{"id":734828990750466048,"id_str":"734828990750466048","name":"MIKA!","screen_name":"kagehiralovebot","location":"","description":"erm, well... it's all fine 'cause we're together, i think! || for @IWANTAGOODUN","url":null,"entities":{"description":{"urls":[]}},"protected":false,"followers_count":5,"friends_count":1,"listed_count":0,"created_at":"Mon May 23 19:30:58 +0000 2016","favourites_count":0,"utc_offset":null,"time_zone":null,"geo_enabled":false,"verified":false,"statuses_count":5707,"lang":"en","contributors_enabled":false,"is_translator":false,"is_translation_enabled":false,"profile_background_color":"F5F8FA","profile_background_image_url":null,"profile_background_image_url_https":null,"profile_background_tile":false,"profile_image_url":"http:\/\/pbs.twimg.com\/profile_images\/734829288676073472\/2ZR7MUBJ_normal.jpg","profile_image_url_https":"https:\/\/pbs.twimg.com\/profile_images\/734829288676073472\/2ZR7MUBJ_normal.jpg","profile_link_color":"1DA1F2","profile_sidebar_border_color":"C0DEED","profile_sidebar_fill_color":"DDEEF6","profile_text_color":"333333","profile_use_background_image":true,"has_extended_profile":false,"default_profile":true,"default_profile_image":false,"following":false,"follow_request_sent":false,"notifications":false,"translator_type":"none"},"geo":null,"coordinates":null,"place":null,"contributors":null,"is_quote_status":false,"retweet_count":0,"favorite_count":0,"favorited":false,"retweeted":false,"lang":"en"}
