{"created_at":"Thu Jan 12 08:13:04 +0000 2017","id":819457150791471104,"id_str":"819457150791471104","text":"@WLK_chorong iyaaniih aduh eon kuota yaampun -_-","truncated":false,"entities":{"hashtags":[],"symbols":[],"user_mentions":[{"screen_name":"WLK_chorong","name":"chorong","id":624382013,"id_str":"624382013","indices":[0,12]}],"urls":[]},"source":"\u003ca href=\"http:\/\/twitter.com\/download\/android\" rel=\"nofollow\"\u003eTwitter for Android\u003c\/a\u003e","in_reply_to_status_id":818719148742017026,"in_reply_to_status_id_str":"818719148742017026","in_reply_to_user_id":624382013,"in_reply_to_user_id_str":"624382013","in_reply_to_screen_name":"WLK_chorong","user":{"id":759999604276334592,"id_str":"759999604276334592","name":"n j i [H]","screen_name":"WLK_eunji93","location":"","description":"[V] @WLK_Rpent | parody of Apink's main vocal | #KaumElite #TEAMLT #VIP #clockfam #APINKEUSQ [TITAN 2166p]","url":null,"entities":{"description":{"urls":[]}},"protected":false,"followers_count":679,"friends_count":750,"listed_count":27,"created_at":"Mon Aug 01 06:30:00 +0000 2016","favourites_count":216,"utc_offset":-28800,"time_zone":"Pacific Time (US & Canada)","geo_enabled":false,"verified":false,"statuses_count":11646,"lang":"id","contributors_enabled":false,"is_translator":false,"is_translation_enabled":false,"profile_background_color":"000000","profile_background_image_url":"http:\/\/abs.twimg.com\/images\/themes\/theme1\/bg.png","profile_background_image_url_https":"https:\/\/abs.twimg.com\/images\/themes\/theme1\/bg.png","profile_background_tile":false,"profile_image_url":"http:\/\/pbs.twimg.com\/profile_images\/818445579923517440\/W5llJGD6_normal.jpg","profile_image_url_https":"https:\/\/pbs.twimg.com\/profile_images\/818445579923517440\/W5llJGD6_normal.jpg","profile_banner_url":"https:\/\/pbs.twimg.com\/profile_banners\/759999604276334592\/1484029450","profile_link_color":"F58EA8","profile_sidebar_border_color":"000000","profile_sidebar_fill_color":"000000","profile_text_color":"000000","profile_use_background_image":false,"has_extended_profile":true,"default_profile":false,"default_profile_image":false,"following":false,"follow_request_sent":false,"notifications":false,"translator_type":"none"},"geo":null,"coordinates":null,"place":null,"contributors":null,"is_quote_status":false,"retweet_count":0,"favorite_count":0,"favorited":false,"retweeted":false,"lang":"in"}
