{"created_at":"Thu Jan 12 08:13:05 +0000 2017","id":819457157129125888,"id_str":"819457157129125888","text":"I'd be dead by now https:\/\/t.co\/7OOBXs67Wo","truncated":false,"entities":{"hashtags":[],"symbols":[],"user_mentions":[],"urls":[{"url":"https:\/\/t.co\/7OOBXs67Wo","expanded_url":"https:\/\/twitter.com\/acvilla_\/status\/819456288740417536","display_url":"twitter.com\/acvilla_\/statu\u2026","indices":[19,42]}]},"source":"\u003ca href=\"http:\/\/twitter.com\/download\/iphone\" rel=\"nofollow\"\u003eTwitter for iPhone\u003c\/a\u003e","in_reply_to_status_id":null,"in_reply_to_status_id_str":null,"in_reply_to_user_id":null,"in_reply_to_user_id_str":null,"in_reply_to_screen_name":null,"user":{"id":780672823169736704,"id_str":"780672823169736704","name":"Odeli","screen_name":"osmellydeli","location":"","description":"shit pa-pa-pa party kh-kh-kh khan","url":null,"entities":{"description":{"urls":[]}},"protected":false,"followers_count":103,"friends_count":104,"listed_count":1,"created_at":"Tue Sep 27 07:38:00 +0000 2016","favourites_count":1988,"utc_offset":null,"time_zone":null,"geo_enabled":false,"verified":false,"statuses_count":2031,"lang":"en","contributors_enabled":false,"is_translator":false,"is_translation_enabled":false,"profile_background_color":"F5F8FA","profile_background_image_url":null,"profile_background_image_url_https":null,"profile_background_tile":false,"profile_image_url":"http:\/\/pbs.twimg.com\/profile_images\/816240781027459072\/EDL3qrvw_normal.jpg","profile_image_url_https":"https:\/\/pbs.twimg.com\/profile_images\/816240781027459072\/EDL3qrvw_normal.jpg","profile_banner_url":"https:\/\/pbs.twimg.com\/profile_banners\/780672823169736704\/1483171962","profile_link_color":"1DA1F2","profile_sidebar_border_color":"C0DEED","profile_sidebar_fill_color":"DDEEF6","profile_text_color":"333333","profile_use_background_image":true,"has_extended_profile":true,"default_profile":true,"default_profile_image":false,"following":false,"follow_request_sent":false,"notifications":false,"translator_type":"none"},"geo":null,"coordinates":null,"place":null,"contributors":null,"is_quote_status":true,"quoted_status_id":819456288740417536,"quoted_status_id_str":"819456288740417536","quoted_status":{"created_at":"Thu Jan 12 08:09:38 +0000 2017","id":819456288740417536,"id_str":"819456288740417536","text":"life, but everytime you cry it gets faster","truncated":false,"entities":{"hashtags":[],"symbols":[],"user_mentions":[],"urls":[]},"source":"\u003ca href=\"http:\/\/twitter.com\/download\/iphone\" rel=\"nofollow\"\u003eTwitter for iPhone\u003c\/a\u003e","in_reply_to_status_id":null,"in_reply_to_status_id_str":null,"in_reply_to_user_id":null,"in_reply_to_user_id_str":null,"in_reply_to_screen_name":null,"user":{"id":1153119991,"id_str":"1153119991","name":"ana\ud83e\udd40\ud83d\udd2a","screen_name":"acvilla_","location":"hell","description":"green is fast | 18 | bay area | pansexual","url":null,"entities":{"description":{"urls":[]}},"protected":false,"followers_count":275,"friends_count":182,"listed_count":3,"created_at":"Wed Feb 06 06:23:20 +0000 2013","favourites_count":35301,"utc_offset":-28800,"time_zone":"Pacific Time (US & Canada)","geo_enabled":true,"verified":false,"statuses_count":7085,"lang":"en","contributors_enabled":false,"is_translator":false,"is_translation_enabled":false,"profile_background_color":"000000","profile_background_image_url":"http:\/\/abs.twimg.com\/images\/themes\/theme1\/bg.png","profile_background_image_url_https":"https:\/\/abs.twimg.com\/images\/themes\/theme1\/bg.png","profile_background_tile":false,"profile_image_url":"http:\/\/pbs.twimg.com\/profile_images\/814382734562836480\/VAoq6MXi_normal.jpg","profile_image_url_https":"https:\/\/pbs.twimg.com\/profile_images\/814382734562836480\/VAoq6MXi_normal.jpg","profile_banner_url":"https:\/\/pbs.twimg.com\/profile_banners\/1153119991\/1483930391","profile_link_color":"F58EA8","profile_sidebar_border_color":"000000","profile_sidebar_fill_color":"000000","profile_text_color":"000000","profile_use_background_image":false,"has_extended_profile":true,"default_profile":false,"default_profile_image":false,"following":false,"follow_request_sent":false,"notifications":false,"translator_type":"none"},"geo":null,"coordinates":null,"place":null,"contributors":null,"is_quote_status":false,"retweet_count":1,"favorite_count":1,"favorited":false,"retweeted":false,"lang":"en"},"retweet_count":0,"favorite_count":1,"favorited":false,"retweeted":false,"possibly_sensitive":false,"possibly_sensitive_appealable":false,"lang":"en"}
