{"created_at":"Thu Jan 12 08:13:02 +0000 2017","id":819457142352592897,"id_str":"819457142352592897","text":"\u30be\u30f3\u30d3\u30e2\u30a4\uff01Android\u304b\u3089\u30ad\u30e3\u30b9\u914d\u4fe1\u4e2d - \/ \u30b9\u30d7\u30e9\u3000RUHU0317 https:\/\/t.co\/74MhyYaOhy","truncated":false,"entities":{"hashtags":[],"symbols":[],"user_mentions":[],"urls":[{"url":"https:\/\/t.co\/74MhyYaOhy","expanded_url":"http:\/\/cas.st\/142a1211","display_url":"cas.st\/142a1211","indices":[39,62]}]},"source":"\u003ca href=\"http:\/\/twitcasting.tv\/\" rel=\"nofollow\"\u003eTwitCasting\u003c\/a\u003e","in_reply_to_status_id":null,"in_reply_to_status_id_str":null,"in_reply_to_user_id":null,"in_reply_to_user_id_str":null,"in_reply_to_screen_name":null,"user":{"id":813636916390178816,"id_str":"813636916390178816","name":"\u30e9\u30a4\u30de\u30fc","screen_name":"AgCvn6iTzlrjiSp","location":"\u65e5\u672c \u6771\u4eac","description":"\u30af\u30c8\u30a5\u30eb\u30d5\u5927\u597d\u304d\u3067\u3059\u30a2\u30cb\u30e1\u306f\u6587\u8c6a\u30ea\u30bc\u30ed\u30cf\u30a4\u30ad\u30e5\u30fc\u5200\u5263\u4e71\u821e\u304a\u305d\u677e\u3068\u304b\u3044\u308d\u3044\u308d\u898b\u3066\u3044\u307e\u3059\u30af\u30c3\u30ad\u30fc\u751f\u6d3b\u3057\u305f\u3044","url":null,"entities":{"description":{"urls":[]}},"protected":false,"followers_count":72,"friends_count":106,"listed_count":0,"created_at":"Tue Dec 27 06:45:32 +0000 2016","favourites_count":397,"utc_offset":null,"time_zone":null,"geo_enabled":false,"verified":false,"statuses_count":223,"lang":"ja","contributors_enabled":false,"is_translator":false,"is_translation_enabled":false,"profile_background_color":"F5F8FA","profile_background_image_url":null,"profile_background_image_url_https":null,"profile_background_tile":false,"profile_image_url":"http:\/\/pbs.twimg.com\/profile_images\/819925143241666560\/PlAmbYPe_normal.jpg","profile_image_url_https":"https:\/\/pbs.twimg.com\/profile_images\/819925143241666560\/PlAmbYPe_normal.jpg","profile_banner_url":"https:\/\/pbs.twimg.com\/profile_banners\/813636916390178816\/1484320139","profile_link_color":"1DA1F2","profile_sidebar_border_color":"C0DEED","profile_sidebar_fill_color":"DDEEF6","profile_text_color":"333333","profile_use_background_image":true,"has_extended_profile":true,"default_profile":true,"default_profile_image":false,"following":false,"follow_request_sent":false,"notifications":false,"translator_type":"none"},"geo":null,"coordinates":null,"place":null,"contributors":null,"is_quote_status":false,"retweet_count":0,"favorite_count":0,"favorited":false,"retweeted":false,"possibly_sensitive":false,"possibly_sensitive_appealable":false,"lang":"ja"}
