{"created_at":"Thu Jan 12 08:13:06 +0000 2017","id":819457159369031680,"id_str":"819457159369031680","text":"when u forget about the best edit eve0, Zeb Mcgregor i do belive this was you but could be wrong because my... https:\/\/t.co\/ql1w10ZuGl","truncated":false,"entities":{"hashtags":[],"symbols":[],"user_mentions":[],"urls":[{"url":"https:\/\/t.co\/ql1w10ZuGl","expanded_url":"http:\/\/fb.me\/4r8pAbntI","display_url":"fb.me\/4r8pAbntI","indices":[111,134]}]},"source":"\u003ca href=\"http:\/\/www.facebook.com\/twitter\" rel=\"nofollow\"\u003eFacebook\u003c\/a\u003e","in_reply_to_status_id":null,"in_reply_to_status_id_str":null,"in_reply_to_user_id":null,"in_reply_to_user_id_str":null,"in_reply_to_screen_name":null,"user":{"id":398321813,"id_str":"398321813","name":"TriskelionMusik","screen_name":"TriskelionMusik","location":"Hereford","description":"Dubstep\/trap\/Chill producer, check out the store below!!","url":"http:\/\/t.co\/YADRTfTGGi","entities":{"url":{"urls":[{"url":"http:\/\/t.co\/YADRTfTGGi","expanded_url":"http:\/\/triskelionmusik.bandcamp.com\/","display_url":"triskelionmusik.bandcamp.com","indices":[0,22]}]},"description":{"urls":[]}},"protected":false,"followers_count":100,"friends_count":240,"listed_count":4,"created_at":"Tue Oct 25 22:05:09 +0000 2011","favourites_count":198,"utc_offset":0,"time_zone":"London","geo_enabled":false,"verified":false,"statuses_count":2146,"lang":"en","contributors_enabled":false,"is_translator":false,"is_translation_enabled":false,"profile_background_color":"060405","profile_background_image_url":"http:\/\/pbs.twimg.com\/profile_background_images\/665974698\/2f47dbc43c49b6c2bad7c2b3f5731189.png","profile_background_image_url_https":"https:\/\/pbs.twimg.com\/profile_background_images\/665974698\/2f47dbc43c49b6c2bad7c2b3f5731189.png","profile_background_tile":true,"profile_image_url":"http:\/\/pbs.twimg.com\/profile_images\/573907567950192641\/8FpYZDPU_normal.png","profile_image_url_https":"https:\/\/pbs.twimg.com\/profile_images\/573907567950192641\/8FpYZDPU_normal.png","profile_link_color":"ABB8C2","profile_sidebar_border_color":"000000","profile_sidebar_fill_color":"FF0000","profile_text_color":"000000","profile_use_background_image":true,"has_extended_profile":false,"default_profile":false,"default_profile_image":false,"following":false,"follow_request_sent":false,"notifications":false,"translator_type":"none"},"geo":null,"coordinates":null,"place":null,"contributors":null,"is_quote_status":false,"retweet_count":0,"favorite_count":0,"favorited":false,"retweeted":false,"possibly_sensitive":false,"possibly_sensitive_appealable":false,"lang":"en"}
