{"created_at":"Thu Jan 12 08:13:05 +0000 2017","id":819457158404304896,"id_str":"819457158404304896","text":"In due time, I'll be but a memory in your repertoire. It's up to you make it bitter or sweet...","truncated":false,"entities":{"hashtags":[],"symbols":[],"user_mentions":[],"urls":[]},"source":"\u003ca href=\"http:\/\/www.facebook.com\/twitter\" rel=\"nofollow\"\u003eFacebook\u003c\/a\u003e","in_reply_to_status_id":null,"in_reply_to_status_id_str":null,"in_reply_to_user_id":null,"in_reply_to_user_id_str":null,"in_reply_to_screen_name":null,"user":{"id":957449292,"id_str":"957449292","name":"Scotty Forth","screen_name":"MastahTofuu","location":"McMinnville,TN","description":"Let me begin with im unforgettable. hit me up","url":"http:\/\/t.co\/BD29CtSEro","entities":{"url":{"urls":[{"url":"http:\/\/t.co\/BD29CtSEro","expanded_url":"http:\/\/www.facebook.com\/Konstricktedrage","display_url":"facebook.com\/Konstricktedra\u2026","indices":[0,22]}]},"description":{"urls":[]}},"protected":false,"followers_count":155,"friends_count":499,"listed_count":2,"created_at":"Mon Nov 19 13:42:44 +0000 2012","favourites_count":13,"utc_offset":null,"time_zone":null,"geo_enabled":true,"verified":false,"statuses_count":15667,"lang":"en","contributors_enabled":false,"is_translator":false,"is_translation_enabled":false,"profile_background_color":"C0DEED","profile_background_image_url":"http:\/\/abs.twimg.com\/images\/themes\/theme1\/bg.png","profile_background_image_url_https":"https:\/\/abs.twimg.com\/images\/themes\/theme1\/bg.png","profile_background_tile":false,"profile_image_url":"http:\/\/pbs.twimg.com\/profile_images\/419692826448764928\/Z2BWH9-E_normal.jpeg","profile_image_url_https":"https:\/\/pbs.twimg.com\/profile_images\/419692826448764928\/Z2BWH9-E_normal.jpeg","profile_banner_url":"https:\/\/pbs.twimg.com\/profile_banners\/957449292\/1388897540","profile_link_color":"1DA1F2","profile_sidebar_border_color":"C0DEED","profile_sidebar_fill_color":"DDEEF6","profile_text_color":"333333","profile_use_background_image":true,"has_extended_profile":false,"default_profile":true,"default_profile_image":false,"following":false,"follow_request_sent":false,"notifications":false,"translator_type":"none"},"geo":null,"coordinates":null,"place":null,"contributors":null,"is_quote_status":false,"retweet_count":0,"favorite_count":0,"favorited":false,"retweeted":false,"lang":"en"}
