{"created_at":"Thu Jan 12 08:13:05 +0000 2017","id":819457155879342080,"id_str":"819457155879342080","text":"Nurses enter roundtable talks in bid to avert looming one-day stoppages https:\/\/t.co\/NCoTT0yDkU https:\/\/t.co\/ohT5CNjlho","truncated":false,"entities":{"hashtags":[],"symbols":[],"user_mentions":[],"urls":[{"url":"https:\/\/t.co\/NCoTT0yDkU","expanded_url":"http:\/\/ift.tt\/2jGL2Bh","display_url":"ift.tt\/2jGL2Bh","indices":[72,95]}],"media":[{"id":819456755570802688,"id_str":"819456755570802688","indices":[96,119],"media_url":"http:\/\/pbs.twimg.com\/media\/C19Lk9iXgAADAgQ.jpg","media_url_https":"https:\/\/pbs.twimg.com\/media\/C19Lk9iXgAADAgQ.jpg","url":"https:\/\/t.co\/ohT5CNjlho","display_url":"pic.twitter.com\/ohT5CNjlho","expanded_url":"https:\/\/twitter.com\/breakingnewsie\/status\/819456757303013376\/photo\/1","type":"photo","sizes":{"small":{"w":600,"h":325,"resize":"fit"},"thumb":{"w":150,"h":150,"resize":"crop"},"medium":{"w":600,"h":325,"resize":"fit"},"large":{"w":600,"h":325,"resize":"fit"}},"source_status_id":819456757303013376,"source_status_id_str":"819456757303013376","source_user_id":15761637,"source_user_id_str":"15761637"}]},"extended_entities":{"media":[{"id":819456755570802688,"id_str":"819456755570802688","indices":[96,119],"media_url":"http:\/\/pbs.twimg.com\/media\/C19Lk9iXgAADAgQ.jpg","media_url_https":"https:\/\/pbs.twimg.com\/media\/C19Lk9iXgAADAgQ.jpg","url":"https:\/\/t.co\/ohT5CNjlho","display_url":"pic.twitter.com\/ohT5CNjlho","expanded_url":"https:\/\/twitter.com\/breakingnewsie\/status\/819456757303013376\/photo\/1","type":"photo","sizes":{"small":{"w":600,"h":325,"resize":"fit"},"thumb":{"w":150,"h":150,"resize":"crop"},"medium":{"w":600,"h":325,"resize":"fit"},"large":{"w":600,"h":325,"resize":"fit"}},"source_status_id":819456757303013376,"source_status_id_str":"819456757303013376","source_user_id":15761637,"source_user_id_str":"15761637"}]},"source":"\u003ca href=\"http:\/\/ifttt.com\" rel=\"nofollow\"\u003eIFTTT\u003c\/a\u003e","in_reply_to_status_id":null,"in_reply_to_status_id_str":null,"in_reply_to_user_id":null,"in_reply_to_user_id_str":null,"in_reply_to_screen_name":null,"user":{"id":3596682315,"id_str":"3596682315","name":"Wiki Insider News","screen_name":"W_I_trending","location":"London, UK.","description":"All the latest trending breaking news\/news, found in one place. Thank us later! @wiki_insider coverage.","url":"https:\/\/t.co\/N7395tNbMg","entities":{"url":{"urls":[{"url":"https:\/\/t.co\/N7395tNbMg","expanded_url":"https:\/\/twitter.com\/W_I_trending","display_url":"twitter.com\/W_I_trending","indices":[0,23]}]},"description":{"urls":[]}},"protected":false,"followers_count":129,"friends_count":24,"listed_count":50,"created_at":"Wed Sep 09 08:58:25 +0000 2015","favourites_count":96,"utc_offset":null,"time_zone":null,"geo_enabled":false,"verified":false,"statuses_count":38832,"lang":"en","contributors_enabled":false,"is_translator":false,"is_translation_enabled":false,"profile_background_color":"C0DEED","profile_background_image_url":"http:\/\/abs.twimg.com\/images\/themes\/theme1\/bg.png","profile_background_image_url_https":"https:\/\/abs.twimg.com\/images\/themes\/theme1\/bg.png","profile_background_tile":false,"profile_image_url":"http:\/\/pbs.twimg.com\/profile_images\/792031856912891904\/VrmxGe5L_normal.jpg","profile_image_url_https":"https:\/\/pbs.twimg.com\/profile_images\/792031856912891904\/VrmxGe5L_normal.jpg","profile_banner_url":"https:\/\/pbs.twimg.com\/profile_banners\/3596682315\/1477305062","profile_link_color":"1DA1F2","profile_sidebar_border_color":"C0DEED","profile_sidebar_fill_color":"DDEEF6","profile_text_color":"333333","profile_use_background_image":true,"has_extended_profile":false,"default_profile":true,"default_profile_image":false,"following":false,"follow_request_sent":false,"notifications":false,"translator_type":"none"},"geo":null,"coordinates":null,"place":null,"contributors":null,"is_quote_status":false,"retweet_count":0,"favorite_count":0,"favorited":false,"retweeted":false,"possibly_sensitive":false,"possibly_sensitive_appealable":false,"lang":"en"}
