{"created_at":"Thu Jan 12 08:13:03 +0000 2017","id":819457146945474560,"id_str":"819457146945474560","text":"@marcorubio thank you for your patriotism. It was comforting to see someone feel as I do for the reasons you gave voice.","truncated":false,"entities":{"hashtags":[],"symbols":[],"user_mentions":[{"screen_name":"marcorubio","name":"Marco Rubio","id":15745368,"id_str":"15745368","indices":[0,11]}],"urls":[]},"source":"\u003ca href=\"http:\/\/twitter.com\/download\/iphone\" rel=\"nofollow\"\u003eTwitter for iPhone\u003c\/a\u003e","in_reply_to_status_id":null,"in_reply_to_status_id_str":null,"in_reply_to_user_id":15745368,"in_reply_to_user_id_str":"15745368","in_reply_to_screen_name":"marcorubio","user":{"id":758866953452740610,"id_str":"758866953452740610","name":"Justin Lee Hogue","screen_name":"JLeeH93","location":"","description":"Actors & Actresses Black Community Movies Martial Arts Arts & Culture Government & Politics","url":"https:\/\/t.co\/9iRLURL0px","entities":{"url":{"urls":[{"url":"https:\/\/t.co\/9iRLURL0px","expanded_url":"http:\/\/www.justinleehogue.com","display_url":"justinleehogue.com","indices":[0,23]}]},"description":{"urls":[]}},"protected":false,"followers_count":53,"friends_count":382,"listed_count":1,"created_at":"Fri Jul 29 03:29:15 +0000 2016","favourites_count":136,"utc_offset":null,"time_zone":null,"geo_enabled":false,"verified":false,"statuses_count":120,"lang":"en","contributors_enabled":false,"is_translator":false,"is_translation_enabled":false,"profile_background_color":"F5F8FA","profile_background_image_url":null,"profile_background_image_url_https":null,"profile_background_tile":false,"profile_image_url":"http:\/\/pbs.twimg.com\/profile_images\/782739694488580096\/MKeA5J_r_normal.jpg","profile_image_url_https":"https:\/\/pbs.twimg.com\/profile_images\/782739694488580096\/MKeA5J_r_normal.jpg","profile_banner_url":"https:\/\/pbs.twimg.com\/profile_banners\/758866953452740610\/1469763764","profile_link_color":"1DA1F2","profile_sidebar_border_color":"C0DEED","profile_sidebar_fill_color":"DDEEF6","profile_text_color":"333333","profile_use_background_image":true,"has_extended_profile":true,"default_profile":true,"default_profile_image":false,"following":false,"follow_request_sent":false,"notifications":false,"translator_type":"none"},"geo":null,"coordinates":null,"place":null,"contributors":null,"is_quote_status":false,"retweet_count":0,"favorite_count":0,"favorited":false,"retweeted":false,"lang":"en"}
