{"created_at":"Thu Jan 12 08:13:05 +0000 2017","id":819457155673702400,"id_str":"819457155673702400","text":"When I tell him I wanna go riding tomorrow so when he comes home at midnight he changes my tires &amp; charges my battery for me! \ud83d\ude0d#BestBF","truncated":false,"entities":{"hashtags":[{"text":"BestBF","indices":[131,138]}],"symbols":[],"user_mentions":[],"urls":[]},"source":"\u003ca href=\"http:\/\/twitter.com\/download\/iphone\" rel=\"nofollow\"\u003eTwitter for iPhone\u003c\/a\u003e","in_reply_to_status_id":null,"in_reply_to_status_id_str":null,"in_reply_to_user_id":null,"in_reply_to_user_id_str":null,"in_reply_to_screen_name":null,"user":{"id":1684602830,"id_str":"1684602830","name":"Bailey Gaston","screen_name":"bailey_gaston","location":"","description":"","url":null,"entities":{"description":{"urls":[]}},"protected":false,"followers_count":228,"friends_count":241,"listed_count":0,"created_at":"Tue Aug 20 01:56:32 +0000 2013","favourites_count":1163,"utc_offset":null,"time_zone":null,"geo_enabled":false,"verified":false,"statuses_count":1854,"lang":"en","contributors_enabled":false,"is_translator":false,"is_translation_enabled":false,"profile_background_color":"C0DEED","profile_background_image_url":"http:\/\/abs.twimg.com\/images\/themes\/theme1\/bg.png","profile_background_image_url_https":"https:\/\/abs.twimg.com\/images\/themes\/theme1\/bg.png","profile_background_tile":false,"profile_image_url":"http:\/\/pbs.twimg.com\/profile_images\/811025612550746112\/FuIAxcWA_normal.jpg","profile_image_url_https":"https:\/\/pbs.twimg.com\/profile_images\/811025612550746112\/FuIAxcWA_normal.jpg","profile_banner_url":"https:\/\/pbs.twimg.com\/profile_banners\/1684602830\/1449615479","profile_link_color":"1DA1F2","profile_sidebar_border_color":"C0DEED","profile_sidebar_fill_color":"DDEEF6","profile_text_color":"333333","profile_use_background_image":true,"has_extended_profile":false,"default_profile":true,"default_profile_image":false,"following":false,"follow_request_sent":false,"notifications":false,"translator_type":"none"},"geo":null,"coordinates":null,"place":null,"contributors":null,"is_quote_status":false,"retweet_count":0,"favorite_count":4,"favorited":false,"retweeted":false,"lang":"en"}
