{"created_at":"Thu Jan 12 08:13:06 +0000 2017","id":819457159062835200,"id_str":"819457159062835200","text":"@ChrisDabtastic and also I have family there","truncated":false,"entities":{"hashtags":[],"symbols":[],"user_mentions":[{"screen_name":"ChrisDabtastic","name":"PIMP\ud83d\udcb0DADDY\ud83d\udd25CHRIS","id":1862542652,"id_str":"1862542652","indices":[0,15]}],"urls":[]},"source":"\u003ca href=\"http:\/\/twitter.com\/download\/iphone\" rel=\"nofollow\"\u003eTwitter for iPhone\u003c\/a\u003e","in_reply_to_status_id":819457086060953600,"in_reply_to_status_id_str":"819457086060953600","in_reply_to_user_id":813636816851136512,"in_reply_to_user_id_str":"813636816851136512","in_reply_to_screen_name":"GothGirl___","user":{"id":813636816851136512,"id_str":"813636816851136512","name":"Typical Goth Girl","screen_name":"GothGirl___","location":"Wave-Gotik-Treffen","description":"If you want me to tweet something for you just DM.","url":null,"entities":{"description":{"urls":[]}},"protected":false,"followers_count":34,"friends_count":69,"listed_count":0,"created_at":"Tue Dec 27 06:45:08 +0000 2016","favourites_count":512,"utc_offset":null,"time_zone":null,"geo_enabled":false,"verified":false,"statuses_count":1055,"lang":"en","contributors_enabled":false,"is_translator":false,"is_translation_enabled":false,"profile_background_color":"F5F8FA","profile_background_image_url":null,"profile_background_image_url_https":null,"profile_background_tile":false,"profile_image_url":"http:\/\/pbs.twimg.com\/profile_images\/819461889184976897\/PRsETe_0_normal.jpg","profile_image_url_https":"https:\/\/pbs.twimg.com\/profile_images\/819461889184976897\/PRsETe_0_normal.jpg","profile_banner_url":"https:\/\/pbs.twimg.com\/profile_banners\/813636816851136512\/1484276382","profile_link_color":"1DA1F2","profile_sidebar_border_color":"C0DEED","profile_sidebar_fill_color":"DDEEF6","profile_text_color":"333333","profile_use_background_image":true,"has_extended_profile":true,"default_profile":true,"default_profile_image":false,"following":false,"follow_request_sent":false,"notifications":false,"translator_type":"none"},"geo":null,"coordinates":null,"place":null,"contributors":null,"is_quote_status":false,"retweet_count":0,"favorite_count":0,"favorited":false,"retweeted":false,"lang":"en"}
