{"created_at":"Thu Jan 12 08:13:04 +0000 2017","id":819457150217027585,"id_str":"819457150217027585","text":"@MissPlaying @Dwittyyy I don't know who's who lol, just thought Ely and the Aunt sounded similar.","truncated":false,"entities":{"hashtags":[],"symbols":[],"user_mentions":[{"screen_name":"MissPlaying","name":"Chelsea","id":510832928,"id_str":"510832928","indices":[0,12]},{"screen_name":"Dwittyyy","name":"David","id":1359585564,"id_str":"1359585564","indices":[13,22]}],"urls":[]},"source":"\u003ca href=\"http:\/\/twitter.com\/download\/android\" rel=\"nofollow\"\u003eTwitter for Android\u003c\/a\u003e","in_reply_to_status_id":819456923904962560,"in_reply_to_status_id_str":"819456923904962560","in_reply_to_user_id":510832928,"in_reply_to_user_id_str":"510832928","in_reply_to_screen_name":"MissPlaying","user":{"id":2435629517,"id_str":"2435629517","name":"\u2022 Spud! \u2022","screen_name":"Spuddylicious","location":"England, UK","description":"\u2022 Fully Qualified Spud \u2022 Student \u2022 Pip! \u2022 MS Fan \u2022 \u2022 Apparent Comedian \u2022 16 \u2022 Shaken, not Stirred \u2022 \u2022 DFR Community Manager \u2022 Bee Expert \u2022","url":"https:\/\/t.co\/C8gO5302EN","entities":{"url":{"urls":[{"url":"https:\/\/t.co\/C8gO5302EN","expanded_url":"http:\/\/www.dawnfirerealms.net","display_url":"dawnfirerealms.net","indices":[0,23]}]},"description":{"urls":[]}},"protected":false,"followers_count":200,"friends_count":146,"listed_count":14,"created_at":"Tue Mar 25 12:48:53 +0000 2014","favourites_count":18173,"utc_offset":0,"time_zone":"London","geo_enabled":false,"verified":false,"statuses_count":13685,"lang":"en","contributors_enabled":false,"is_translator":false,"is_translation_enabled":false,"profile_background_color":"000000","profile_background_image_url":"http:\/\/abs.twimg.com\/images\/themes\/theme1\/bg.png","profile_background_image_url_https":"https:\/\/abs.twimg.com\/images\/themes\/theme1\/bg.png","profile_background_tile":false,"profile_image_url":"http:\/\/pbs.twimg.com\/profile_images\/608319781561901056\/2KgglQQ0_normal.jpg","profile_image_url_https":"https:\/\/pbs.twimg.com\/profile_images\/608319781561901056\/2KgglQQ0_normal.jpg","profile_banner_url":"https:\/\/pbs.twimg.com\/profile_banners\/2435629517\/1422036158","profile_link_color":"3B94D9","profile_sidebar_border_color":"000000","profile_sidebar_fill_color":"000000","profile_text_color":"000000","profile_use_background_image":false,"has_extended_profile":false,"default_profile":false,"default_profile_image":false,"following":false,"follow_request_sent":false,"notifications":false,"translator_type":"none"},"geo":null,"coordinates":null,"place":null,"contributors":null,"is_quote_status":false,"retweet_count":0,"favorite_count":0,"favorited":false,"retweeted":false,"lang":"en"}
