{"created_at":"Thu Jan 12 08:13:02 +0000 2017","id":819457143799685121,"id_str":"819457143799685121","text":"@airtel_care @AirtelNigeria Please do I need to approach a court before you people respect my choice of Do Not Disturb?","truncated":false,"entities":{"hashtags":[],"symbols":[],"user_mentions":[{"screen_name":"airtel_care","name":"Airtel Customer Care","id":1388990490,"id_str":"1388990490","indices":[0,12]},{"screen_name":"AirtelNigeria","name":"Airtel Nigeria","id":342080796,"id_str":"342080796","indices":[13,27]}],"urls":[]},"source":"\u003ca href=\"http:\/\/twitter.com\/download\/android\" rel=\"nofollow\"\u003eTwitter for Android\u003c\/a\u003e","in_reply_to_status_id":null,"in_reply_to_status_id_str":null,"in_reply_to_user_id":1388990490,"in_reply_to_user_id_str":"1388990490","in_reply_to_screen_name":"airtel_care","user":{"id":160184037,"id_str":"160184037","name":"Fineworker","screen_name":"fineworker24","location":"NIGERIA","description":"COOL CALM AND GENTLE","url":null,"entities":{"description":{"urls":[]}},"protected":false,"followers_count":176,"friends_count":437,"listed_count":1,"created_at":"Sun Jun 27 12:32:46 +0000 2010","favourites_count":73,"utc_offset":0,"time_zone":"London","geo_enabled":true,"verified":false,"statuses_count":1449,"lang":"en","contributors_enabled":false,"is_translator":false,"is_translation_enabled":false,"profile_background_color":"C0DEED","profile_background_image_url":"http:\/\/abs.twimg.com\/images\/themes\/theme1\/bg.png","profile_background_image_url_https":"https:\/\/abs.twimg.com\/images\/themes\/theme1\/bg.png","profile_background_tile":false,"profile_image_url":"http:\/\/pbs.twimg.com\/profile_images\/1381216645\/251613_218793578144634_100000419809101_805530_1151734_n_normal.jpg","profile_image_url_https":"https:\/\/pbs.twimg.com\/profile_images\/1381216645\/251613_218793578144634_100000419809101_805530_1151734_n_normal.jpg","profile_link_color":"1DA1F2","profile_sidebar_border_color":"C0DEED","profile_sidebar_fill_color":"DDEEF6","profile_text_color":"333333","profile_use_background_image":true,"has_extended_profile":false,"default_profile":true,"default_profile_image":false,"following":false,"follow_request_sent":false,"notifications":false,"translator_type":"none"},"geo":null,"coordinates":null,"place":null,"contributors":null,"is_quote_status":false,"retweet_count":0,"favorite_count":0,"favorited":false,"retweeted":false,"lang":"en"}
