{"created_at":"Thu Jan 12 08:13:02 +0000 2017","id":819457143464075264,"id_str":"819457143464075264","text":"you still running through my mind when i'm knowing that you shouldn't be","truncated":false,"entities":{"hashtags":[],"symbols":[],"user_mentions":[],"urls":[]},"source":"\u003ca href=\"http:\/\/twitter.com\/download\/android\" rel=\"nofollow\"\u003eTwitter for Android\u003c\/a\u003e","in_reply_to_status_id":null,"in_reply_to_status_id_str":null,"in_reply_to_user_id":null,"in_reply_to_user_id_str":null,"in_reply_to_screen_name":null,"user":{"id":2874671286,"id_str":"2874671286","name":"$","screen_name":"xocyan","location":"","description":"Rican","url":null,"entities":{"description":{"urls":[]}},"protected":false,"followers_count":131,"friends_count":113,"listed_count":1,"created_at":"Fri Oct 24 06:48:50 +0000 2014","favourites_count":841,"utc_offset":null,"time_zone":null,"geo_enabled":false,"verified":false,"statuses_count":2765,"lang":"en","contributors_enabled":false,"is_translator":false,"is_translation_enabled":false,"profile_background_color":"C0DEED","profile_background_image_url":"http:\/\/abs.twimg.com\/images\/themes\/theme1\/bg.png","profile_background_image_url_https":"https:\/\/abs.twimg.com\/images\/themes\/theme1\/bg.png","profile_background_tile":false,"profile_image_url":"http:\/\/pbs.twimg.com\/profile_images\/754044488784285701\/JFT5uMqE_normal.jpg","profile_image_url_https":"https:\/\/pbs.twimg.com\/profile_images\/754044488784285701\/JFT5uMqE_normal.jpg","profile_banner_url":"https:\/\/pbs.twimg.com\/profile_banners\/2874671286\/1479888541","profile_link_color":"1DA1F2","profile_sidebar_border_color":"C0DEED","profile_sidebar_fill_color":"DDEEF6","profile_text_color":"333333","profile_use_background_image":true,"has_extended_profile":false,"default_profile":true,"default_profile_image":false,"following":false,"follow_request_sent":false,"notifications":false,"translator_type":"none"},"geo":null,"coordinates":null,"place":null,"contributors":null,"is_quote_status":false,"retweet_count":0,"favorite_count":1,"favorited":false,"retweeted":false,"lang":"en"}
