{"created_at":"Thu Jan 12 08:13:04 +0000 2017","id":819457153794801664,"id_str":"819457153794801664","text":"I just want someone who will answer the phone at any given time \ud83d\ude29","truncated":false,"entities":{"hashtags":[],"symbols":[],"user_mentions":[],"urls":[]},"source":"\u003ca href=\"http:\/\/twitter.com\/download\/iphone\" rel=\"nofollow\"\u003eTwitter for iPhone\u003c\/a\u003e","in_reply_to_status_id":null,"in_reply_to_status_id_str":null,"in_reply_to_user_id":null,"in_reply_to_user_id_str":null,"in_reply_to_screen_name":null,"user":{"id":573213833,"id_str":"573213833","name":"keneshaaa\ud83d\ude0d","screen_name":"_Neeeshaa","location":"","description":"snapchat | kay.lashae","url":"https:\/\/t.co\/lc7aUp4hmE","entities":{"url":{"urls":[{"url":"https:\/\/t.co\/lc7aUp4hmE","expanded_url":"https:\/\/twitter.com\/","display_url":"twitter.com","indices":[0,23]}]},"description":{"urls":[]}},"protected":false,"followers_count":747,"friends_count":229,"listed_count":1,"created_at":"Mon May 07 02:17:05 +0000 2012","favourites_count":2121,"utc_offset":-21600,"time_zone":"Central Time (US & Canada)","geo_enabled":true,"verified":false,"statuses_count":30211,"lang":"en","contributors_enabled":false,"is_translator":false,"is_translation_enabled":false,"profile_background_color":"3B3B3B","profile_background_image_url":"http:\/\/pbs.twimg.com\/profile_background_images\/876064130\/4cb8349a33e9aa39a10a004b44c478d7.jpeg","profile_background_image_url_https":"https:\/\/pbs.twimg.com\/profile_background_images\/876064130\/4cb8349a33e9aa39a10a004b44c478d7.jpeg","profile_background_tile":true,"profile_image_url":"http:\/\/pbs.twimg.com\/profile_images\/813138962382462976\/XVcIPJT0_normal.jpg","profile_image_url_https":"https:\/\/pbs.twimg.com\/profile_images\/813138962382462976\/XVcIPJT0_normal.jpg","profile_banner_url":"https:\/\/pbs.twimg.com\/profile_banners\/573213833\/1482273971","profile_link_color":"C2BABD","profile_sidebar_border_color":"FFFFFF","profile_sidebar_fill_color":"DDEEF6","profile_text_color":"333333","profile_use_background_image":true,"has_extended_profile":true,"default_profile":false,"default_profile_image":false,"following":false,"follow_request_sent":false,"notifications":false,"translator_type":"none"},"geo":null,"coordinates":null,"place":null,"contributors":null,"is_quote_status":false,"retweet_count":0,"favorite_count":0,"favorited":false,"retweeted":false,"lang":"en"}
