{"created_at":"Thu Jan 12 08:13:01 +0000 2017","id":819457141329317888,"id_str":"819457141329317888","text":"I liked a @YouTube video https:\/\/t.co\/Hprtv0tf4P Trump takes on the media over unverified Russia report","truncated":false,"entities":{"hashtags":[],"symbols":[],"user_mentions":[{"screen_name":"YouTube","name":"YouTube","id":10228272,"id_str":"10228272","indices":[10,18]}],"urls":[{"url":"https:\/\/t.co\/Hprtv0tf4P","expanded_url":"http:\/\/youtu.be\/3U2-kthu7Yw?a","display_url":"youtu.be\/3U2-kthu7Yw?a","indices":[25,48]}]},"source":"\u003ca href=\"http:\/\/www.google.com\/\" rel=\"nofollow\"\u003eGoogle\u003c\/a\u003e","in_reply_to_status_id":null,"in_reply_to_status_id_str":null,"in_reply_to_user_id":null,"in_reply_to_user_id_str":null,"in_reply_to_screen_name":null,"user":{"id":3370837317,"id_str":"3370837317","name":"In Our Mind TalkShow","screen_name":"inourmind1","location":"Dublin, Ireland","description":"IN OUR MIND Talk Show is an interactive program, that centers on creating AWARENESS, EQUALITY & INTEGRATION, with focuses on Education, Career building & Family","url":"https:\/\/t.co\/NNjWJ4eQrF","entities":{"url":{"urls":[{"url":"https:\/\/t.co\/NNjWJ4eQrF","expanded_url":"https:\/\/www.facebook.com\/Inourmind.ie","display_url":"facebook.com\/Inourmind.ie","indices":[0,23]}]},"description":{"urls":[]}},"protected":false,"followers_count":20,"friends_count":108,"listed_count":1,"created_at":"Sat Jul 11 15:11:48 +0000 2015","favourites_count":6,"utc_offset":null,"time_zone":null,"geo_enabled":false,"verified":false,"statuses_count":106,"lang":"en-gb","contributors_enabled":false,"is_translator":false,"is_translation_enabled":false,"profile_background_color":"C0DEED","profile_background_image_url":"http:\/\/abs.twimg.com\/images\/themes\/theme1\/bg.png","profile_background_image_url_https":"https:\/\/abs.twimg.com\/images\/themes\/theme1\/bg.png","profile_background_tile":false,"profile_image_url":"http:\/\/pbs.twimg.com\/profile_images\/809703522388295680\/woWJTmEa_normal.jpg","profile_image_url_https":"https:\/\/pbs.twimg.com\/profile_images\/809703522388295680\/woWJTmEa_normal.jpg","profile_banner_url":"https:\/\/pbs.twimg.com\/profile_banners\/3370837317\/1437995361","profile_link_color":"1DA1F2","profile_sidebar_border_color":"C0DEED","profile_sidebar_fill_color":"DDEEF6","profile_text_color":"333333","profile_use_background_image":true,"has_extended_profile":false,"default_profile":true,"default_profile_image":false,"following":false,"follow_request_sent":false,"notifications":false,"translator_type":"none"},"geo":null,"coordinates":null,"place":null,"contributors":null,"is_quote_status":false,"retweet_count":0,"favorite_count":0,"favorited":false,"retweeted":false,"possibly_sensitive":false,"possibly_sensitive_appealable":false,"lang":"en"}
