{"created_at":"Thu Jan 12 08:13:02 +0000 2017","id":819457143954964480,"id_str":"819457143954964480","text":"@TheMavsQueen man I thought this was some real shit","truncated":false,"entities":{"hashtags":[],"symbols":[],"user_mentions":[{"screen_name":"TheMavsQueen","name":"k y.","id":309324495,"id_str":"309324495","indices":[0,13]}],"urls":[]},"source":"\u003ca href=\"http:\/\/twitter.com\/download\/iphone\" rel=\"nofollow\"\u003eTwitter for iPhone\u003c\/a\u003e","in_reply_to_status_id":819082371895087105,"in_reply_to_status_id_str":"819082371895087105","in_reply_to_user_id":309324495,"in_reply_to_user_id_str":"309324495","in_reply_to_screen_name":"TheMavsQueen","user":{"id":571909472,"id_str":"571909472","name":"Xzavier","screen_name":"Xzorcizm","location":"Divided States of America ","description":"life Lulz... also @XzoticMusic...","url":"https:\/\/t.co\/FXBgZgXJ7B","entities":{"url":{"urls":[{"url":"https:\/\/t.co\/FXBgZgXJ7B","expanded_url":"http:\/\/soundcloud.com\/xzoticmusic","display_url":"soundcloud.com\/xzoticmusic","indices":[0,23]}]},"description":{"urls":[]}},"protected":false,"followers_count":876,"friends_count":560,"listed_count":28,"created_at":"Sat May 05 17:03:05 +0000 2012","favourites_count":64696,"utc_offset":-36000,"time_zone":"Hawaii","geo_enabled":true,"verified":false,"statuses_count":117193,"lang":"en","contributors_enabled":false,"is_translator":false,"is_translation_enabled":false,"profile_background_color":"000000","profile_background_image_url":"http:\/\/abs.twimg.com\/images\/themes\/theme1\/bg.png","profile_background_image_url_https":"https:\/\/abs.twimg.com\/images\/themes\/theme1\/bg.png","profile_background_tile":false,"profile_image_url":"http:\/\/pbs.twimg.com\/profile_images\/817625863416123393\/LjvJH-9X_normal.jpg","profile_image_url_https":"https:\/\/pbs.twimg.com\/profile_images\/817625863416123393\/LjvJH-9X_normal.jpg","profile_banner_url":"https:\/\/pbs.twimg.com\/profile_banners\/571909472\/1481972534","profile_link_color":"FFCC4D","profile_sidebar_border_color":"000000","profile_sidebar_fill_color":"000000","profile_text_color":"000000","profile_use_background_image":false,"has_extended_profile":true,"default_profile":false,"default_profile_image":false,"following":false,"follow_request_sent":false,"notifications":false,"translator_type":"none"},"geo":null,"coordinates":null,"place":null,"contributors":null,"is_quote_status":false,"retweet_count":0,"favorite_count":0,"favorited":false,"retweeted":false,"lang":"en"}
