{"created_at":"Thu Jan 12 08:13:02 +0000 2017","id":819457142080110593,"id_str":"819457142080110593","text":"Yep, I feel this right now. https:\/\/t.co\/3A6zje3CeH","truncated":false,"entities":{"hashtags":[],"symbols":[],"user_mentions":[],"urls":[{"url":"https:\/\/t.co\/3A6zje3CeH","expanded_url":"http:\/\/pvponline.com\/comic\/2017-01-12","display_url":"pvponline.com\/comic\/2017-01-\u2026","indices":[28,51]}]},"source":"\u003ca href=\"https:\/\/about.twitter.com\/products\/tweetdeck\" rel=\"nofollow\"\u003eTweetDeck\u003c\/a\u003e","in_reply_to_status_id":null,"in_reply_to_status_id_str":null,"in_reply_to_user_id":null,"in_reply_to_user_id_str":null,"in_reply_to_screen_name":null,"user":{"id":56903611,"id_str":"56903611","name":"Cold-Blooded Codex","screen_name":"codexrau","location":"Chicago, IL","description":"Fighter of racism\/fascism. Husbando of @theome. He\/Him\/Gator\/Codex.","url":"https:\/\/t.co\/q66vqTYQvZ","entities":{"url":{"urls":[{"url":"https:\/\/t.co\/q66vqTYQvZ","expanded_url":"https:\/\/www.weasyl.com\/~codexrau","display_url":"weasyl.com\/~codexrau","indices":[0,23]}]},"description":{"urls":[]}},"protected":false,"followers_count":1387,"friends_count":401,"listed_count":33,"created_at":"Wed Jul 15 02:54:29 +0000 2009","favourites_count":13023,"utc_offset":-18000,"time_zone":"Eastern Time (US & Canada)","geo_enabled":false,"verified":false,"statuses_count":16575,"lang":"en","contributors_enabled":false,"is_translator":false,"is_translation_enabled":false,"profile_background_color":"131516","profile_background_image_url":"http:\/\/pbs.twimg.com\/profile_background_images\/396453501\/twitterBG.jpg","profile_background_image_url_https":"https:\/\/pbs.twimg.com\/profile_background_images\/396453501\/twitterBG.jpg","profile_background_tile":true,"profile_image_url":"http:\/\/pbs.twimg.com\/profile_images\/818006354426204160\/9Zxm6yCN_normal.jpg","profile_image_url_https":"https:\/\/pbs.twimg.com\/profile_images\/818006354426204160\/9Zxm6yCN_normal.jpg","profile_banner_url":"https:\/\/pbs.twimg.com\/profile_banners\/56903611\/1481924120","profile_link_color":"003080","profile_sidebar_border_color":"EEEEEE","profile_sidebar_fill_color":"EFEFEF","profile_text_color":"333333","profile_use_background_image":true,"has_extended_profile":true,"default_profile":false,"default_profile_image":false,"following":false,"follow_request_sent":false,"notifications":false,"translator_type":"none"},"geo":null,"coordinates":null,"place":null,"contributors":null,"is_quote_status":false,"retweet_count":0,"favorite_count":1,"favorited":false,"retweeted":false,"possibly_sensitive":false,"possibly_sensitive_appealable":false,"lang":"en"}
