{"created_at":"Thu Jan 12 08:13:02 +0000 2017","id":819457142813884420,"id_str":"819457142813884420","text":"Sorry i lambat but seroja calls tuan ihsan daddy?! I KENNUT","truncated":false,"entities":{"hashtags":[],"symbols":[],"user_mentions":[],"urls":[]},"source":"\u003ca href=\"http:\/\/twitter.com\/download\/iphone\" rel=\"nofollow\"\u003eTwitter for iPhone\u003c\/a\u003e","in_reply_to_status_id":null,"in_reply_to_status_id_str":null,"in_reply_to_user_id":null,"in_reply_to_user_id_str":null,"in_reply_to_screen_name":null,"user":{"id":135412395,"id_str":"135412395","name":"Sheryl E.","screen_name":"sherrrrrryl","location":"","description":"keep me grounded because I get distracted so easily.","url":"https:\/\/t.co\/zfKMEvLKte","entities":{"url":{"urls":[{"url":"https:\/\/t.co\/zfKMEvLKte","expanded_url":"http:\/\/www.s-herrrrrryl.tumblr.com","display_url":"s-herrrrrryl.tumblr.com","indices":[0,23]}]},"description":{"urls":[]}},"protected":false,"followers_count":193,"friends_count":248,"listed_count":2,"created_at":"Wed Apr 21 06:52:08 +0000 2010","favourites_count":159,"utc_offset":28800,"time_zone":"Singapore","geo_enabled":true,"verified":false,"statuses_count":42352,"lang":"en","contributors_enabled":false,"is_translator":false,"is_translation_enabled":false,"profile_background_color":"DBE9ED","profile_background_image_url":"http:\/\/abs.twimg.com\/images\/themes\/theme17\/bg.gif","profile_background_image_url_https":"https:\/\/abs.twimg.com\/images\/themes\/theme17\/bg.gif","profile_background_tile":false,"profile_image_url":"http:\/\/pbs.twimg.com\/profile_images\/802462270861156352\/U2c-Lgu1_normal.jpg","profile_image_url_https":"https:\/\/pbs.twimg.com\/profile_images\/802462270861156352\/U2c-Lgu1_normal.jpg","profile_banner_url":"https:\/\/pbs.twimg.com\/profile_banners\/135412395\/1481279114","profile_link_color":"ACDED6","profile_sidebar_border_color":"FFFFFF","profile_sidebar_fill_color":"E6F6F9","profile_text_color":"333333","profile_use_background_image":true,"has_extended_profile":false,"default_profile":false,"default_profile_image":false,"following":false,"follow_request_sent":false,"notifications":false,"translator_type":"none"},"geo":null,"coordinates":null,"place":{"id":"58a4c3a0d54e1400","url":"https:\/\/api.twitter.com\/1.1\/geo\/id\/58a4c3a0d54e1400.json","place_type":"admin","name":"Central Region","full_name":"Central Region, Singapore","country_code":"SG","country":"Singapore","contained_within":[],"bounding_box":{"type":"Polygon","coordinates":[[[103.749959507073,1.2123138339349],[103.918426999964,1.2123138339349],[103.918426999964,1.36874499902569],[103.749959507073,1.36874499902569]]]},"attributes":{}},"contributors":null,"is_quote_status":false,"retweet_count":0,"favorite_count":0,"favorited":false,"retweeted":false,"lang":"en"}
