{"created_at":"Thu Jan 12 08:13:02 +0000 2017","id":819457145376829441,"id_str":"819457145376829441","text":"Man I wanna be there \ud83d\ude15 https:\/\/t.co\/CtSTcAFL07","truncated":false,"entities":{"hashtags":[],"symbols":[],"user_mentions":[],"urls":[{"url":"https:\/\/t.co\/CtSTcAFL07","expanded_url":"https:\/\/twitter.com\/wordonrd\/status\/819401735408128000","display_url":"twitter.com\/wordonrd\/statu\u2026","indices":[23,46]}]},"source":"\u003ca href=\"http:\/\/twitter.com\/download\/iphone\" rel=\"nofollow\"\u003eTwitter for iPhone\u003c\/a\u003e","in_reply_to_status_id":null,"in_reply_to_status_id_str":null,"in_reply_to_user_id":null,"in_reply_to_user_id_str":null,"in_reply_to_screen_name":null,"user":{"id":368541992,"id_str":"368541992","name":"andrew\ud83d\udcad","screen_name":"andreaux_a","location":"dreamville","description":"ucr | stay humble\u270c\ud83c\udffd","url":null,"entities":{"description":{"urls":[]}},"protected":false,"followers_count":347,"friends_count":276,"listed_count":8,"created_at":"Mon Sep 05 20:17:17 +0000 2011","favourites_count":8307,"utc_offset":-32400,"time_zone":"Alaska","geo_enabled":true,"verified":false,"statuses_count":32533,"lang":"en","contributors_enabled":false,"is_translator":false,"is_translation_enabled":false,"profile_background_color":"16F5D0","profile_background_image_url":"http:\/\/pbs.twimg.com\/profile_background_images\/433484387489808384\/_qeoQt4s.jpeg","profile_background_image_url_https":"https:\/\/pbs.twimg.com\/profile_background_images\/433484387489808384\/_qeoQt4s.jpeg","profile_background_tile":true,"profile_image_url":"http:\/\/pbs.twimg.com\/profile_images\/818064470828191744\/gu7PS2zy_normal.jpg","profile_image_url_https":"https:\/\/pbs.twimg.com\/profile_images\/818064470828191744\/gu7PS2zy_normal.jpg","profile_banner_url":"https:\/\/pbs.twimg.com\/profile_banners\/368541992\/1483584166","profile_link_color":"ABB8C2","profile_sidebar_border_color":"000000","profile_sidebar_fill_color":"DDEEF6","profile_text_color":"333333","profile_use_background_image":true,"has_extended_profile":true,"default_profile":false,"default_profile_image":false,"following":false,"follow_request_sent":false,"notifications":false,"translator_type":"none"},"geo":null,"coordinates":null,"place":{"id":"7d588036fe12e124","url":"https:\/\/api.twitter.com\/1.1\/geo\/id\/7d588036fe12e124.json","place_type":"city","name":"Rome","full_name":"Rome, Lazio","country_code":"IT","country":"Italy","contained_within":[],"bounding_box":{"type":"Polygon","coordinates":[[[12.2344266,41.6558738],[12.8558641,41.6558738],[12.8558641,42.140959],[12.2344266,42.140959]]]},"attributes":{}},"contributors":null,"is_quote_status":true,"quoted_status_id":819401735408128000,"quoted_status_id_str":"819401735408128000","quoted_status":{"created_at":"Thu Jan 12 04:32:52 +0000 2017","id":819401735408128000,"id_str":"819401735408128000","text":"1 week until the #BoyMeetsWorldTour kicks off in Amsterdam! https:\/\/t.co\/2aBZmtr0NJ","truncated":false,"entities":{"hashtags":[{"text":"BoyMeetsWorldTour","indices":[17,35]}],"symbols":[],"user_mentions":[],"urls":[],"media":[{"id":819401729020043264,"id_str":"819401729020043264","indices":[60,83],"media_url":"http:\/\/pbs.twimg.com\/media\/C18Zh_qUoAABiOU.jpg","media_url_https":"https:\/\/pbs.twimg.com\/media\/C18Zh_qUoAABiOU.jpg","url":"https:\/\/t.co\/2aBZmtr0NJ","display_url":"pic.twitter.com\/2aBZmtr0NJ","expanded_url":"https:\/\/twitter.com\/WordOnRd\/status\/819401735408128000\/photo\/1","type":"photo","sizes":{"large":{"w":604,"h":403,"resize":"fit"},"thumb":{"w":150,"h":150,"resize":"crop"},"medium":{"w":604,"h":403,"resize":"fit"},"small":{"w":604,"h":403,"resize":"fit"}}}]},"extended_entities":{"media":[{"id":819401729020043264,"id_str":"819401729020043264","indices":[60,83],"media_url":"http:\/\/pbs.twimg.com\/media\/C18Zh_qUoAABiOU.jpg","media_url_https":"https:\/\/pbs.twimg.com\/media\/C18Zh_qUoAABiOU.jpg","url":"https:\/\/t.co\/2aBZmtr0NJ","display_url":"pic.twitter.com\/2aBZmtr0NJ","expanded_url":"https:\/\/twitter.com\/WordOnRd\/status\/819401735408128000\/photo\/1","type":"photo","sizes":{"large":{"w":604,"h":403,"resize":"fit"},"thumb":{"w":150,"h":150,"resize":"crop"},"medium":{"w":604,"h":403,"resize":"fit"},"small":{"w":604,"h":403,"resize":"fit"}}}]},"source":"\u003ca href=\"http:\/\/twitter.com\/download\/iphone\" rel=\"nofollow\"\u003eTwitter for iPhone\u003c\/a\u003e","in_reply_to_status_id":null,"in_reply_to_status_id_str":null,"in_reply_to_user_id":null,"in_reply_to_user_id_str":null,"in_reply_to_screen_name":null,"user":{"id":524924132,"id_str":"524924132","name":"Word On Road","screen_name":"WordOnRd","location":"More Life","description":"Official @Drake Fansite | Instagram: WordOnRd | SC: ViewsOnRd | Email: WordOnRd@Gmail.Com","url":"https:\/\/t.co\/lopqyl5qPX","entities":{"url":{"urls":[{"url":"https:\/\/t.co\/lopqyl5qPX","expanded_url":"http:\/\/www.WordOnRoad.net","display_url":"WordOnRoad.net","indices":[0,23]}]},"description":{"urls":[]}},"protected":false,"followers_count":95097,"friends_count":77,"listed_count":378,"created_at":"Thu Mar 15 01:46:36 +0000 2012","favourites_count":1335,"utc_offset":null,"time_zone":null,"geo_enabled":true,"verified":false,"statuses_count":32901,"lang":"en","contributors_enabled":false,"is_translator":false,"is_translation_enabled":false,"profile_background_color":"FFF04D","profile_background_image_url":"http:\/\/pbs.twimg.com\/profile_background_images\/378800000059155116\/3ae8c3dc609d00b4c17ded28222c4ed5.jpeg","profile_background_image_url_https":"https:\/\/pbs.twimg.com\/profile_background_images\/378800000059155116\/3ae8c3dc609d00b4c17ded28222c4ed5.jpeg","profile_background_tile":true,"profile_image_url":"http:\/\/pbs.twimg.com\/profile_images\/797976755684470788\/w-wlDyDu_normal.jpg","profile_image_url_https":"https:\/\/pbs.twimg.com\/profile_images\/797976755684470788\/w-wlDyDu_normal.jpg","profile_banner_url":"https:\/\/pbs.twimg.com\/profile_banners\/524924132\/1418786611","profile_link_color":"0099CC","profile_sidebar_border_color":"FFFFFF","profile_sidebar_fill_color":"DDEEF6","profile_text_color":"333333","profile_use_background_image":true,"has_extended_profile":true,"default_profile":false,"default_profile_image":false,"following":false,"follow_request_sent":false,"notifications":false,"translator_type":"none"},"geo":null,"coordinates":null,"place":null,"contributors":null,"is_quote_status":false,"retweet_count":123,"favorite_count":305,"favorited":false,"retweeted":false,"possibly_sensitive":false,"possibly_sensitive_appealable":false,"lang":"en"},"retweet_count":0,"favorite_count":0,"favorited":false,"retweeted":false,"possibly_sensitive":false,"possibly_sensitive_appealable":false,"lang":"en"}
