{"created_at":"Thu Jan 12 08:13:03 +0000 2017","id":819457148505636865,"id_str":"819457148505636865","text":"[HELP RT!!!]\nI'm looking for three(3) O tickets for #EXOrDIUMinManila Day1","truncated":false,"entities":{"hashtags":[{"text":"EXOrDIUMinManila","indices":[52,69]}],"symbols":[],"user_mentions":[],"urls":[]},"source":"\u003ca href=\"http:\/\/twitter.com\/download\/android\" rel=\"nofollow\"\u003eTwitter for Android\u003c\/a\u003e","in_reply_to_status_id":null,"in_reply_to_status_id_str":null,"in_reply_to_user_id":null,"in_reply_to_user_id_str":null,"in_reply_to_screen_name":null,"user":{"id":3100833800,"id_str":"3100833800","name":"Nixx","screen_name":"matrix_0410","location":"EXO'luXioninManila","description":"PH \u2022 KPOP TRASH \u2022 EXO-L \u2022 \uc5d1\uc18c, \uc0ac\ub791\ud558\uc790! \u2764 EXO | NCT | SNSD | Red Velvet\ufe0f","url":null,"entities":{"description":{"urls":[]}},"protected":false,"followers_count":452,"friends_count":237,"listed_count":4,"created_at":"Sat Mar 21 04:05:39 +0000 2015","favourites_count":14681,"utc_offset":null,"time_zone":null,"geo_enabled":true,"verified":false,"statuses_count":15868,"lang":"en","contributors_enabled":false,"is_translator":false,"is_translation_enabled":false,"profile_background_color":"C0DEED","profile_background_image_url":"http:\/\/abs.twimg.com\/images\/themes\/theme1\/bg.png","profile_background_image_url_https":"https:\/\/abs.twimg.com\/images\/themes\/theme1\/bg.png","profile_background_tile":false,"profile_image_url":"http:\/\/pbs.twimg.com\/profile_images\/796303074889322497\/AV3VhV5G_normal.jpg","profile_image_url_https":"https:\/\/pbs.twimg.com\/profile_images\/796303074889322497\/AV3VhV5G_normal.jpg","profile_banner_url":"https:\/\/pbs.twimg.com\/profile_banners\/3100833800\/1469124005","profile_link_color":"1DA1F2","profile_sidebar_border_color":"C0DEED","profile_sidebar_fill_color":"DDEEF6","profile_text_color":"333333","profile_use_background_image":true,"has_extended_profile":true,"default_profile":true,"default_profile_image":false,"following":false,"follow_request_sent":false,"notifications":false,"translator_type":"none"},"geo":null,"coordinates":null,"place":null,"contributors":null,"is_quote_status":false,"retweet_count":0,"favorite_count":0,"favorited":false,"retweeted":false,"lang":"en"}
